#
# There is insufficient memory for the Java Runtime Environment to continue.
# Native memory allocation (mmap) failed to map 385875968 bytes. Error detail: committing reserved memory.
# Possible reasons:
#   The system is out of physical RAM or swap space
#   This process is running with CompressedOops enabled, and the Java Heap may be blocking the growth of the native heap
# Possible solutions:
#   Reduce memory load on the system
#   Increase physical memory or swap space
#   Check if swap backing store is full
#   Decrease Java heap size (-Xmx/-Xms)
#   Decrease number of Java threads
#   Decrease Java thread stack sizes (-Xss)
#   Set larger code cache with -XX:ReservedCodeCacheSize=
#   JVM is running with Unscaled Compressed Oops mode in which the Java heap is
#     placed in the first 4GB address space. The Java Heap base address is the
#     maximum limit for the native heap growth. Please use -XX:HeapBaseMinAddress
#     to set the Java Heap base and to place the Java Heap above 4GB virtual address.
# This output file may be truncated or incomplete.
#
#  Out of Memory Error (os_linux.cpp:2834), pid=4458, tid=4468
#
# JRE version: OpenJDK Runtime Environment (17.0.20+8) (build 17.0.20+8-1-deb12u1-Debian)
# Java VM: OpenJDK 64-Bit Server VM (17.0.20+8-1-deb12u1-Debian, mixed mode, sharing, tiered, compressed oops, compressed class ptrs, g1 gc, linux-amd64)
# No core dump will be written. Core dumps have been disabled. To enable core dumping, try "ulimit -c unlimited" before starting Java again
#

---------------  S U M M A R Y ------------

Command Line: --add-opens=java.base/java.lang=ALL-UNNAMED --add-opens=java.base/java.lang.invoke=ALL-UNNAMED --add-opens=java.base/java.util=ALL-UNNAMED --add-opens=java.prefs/java.util.prefs=ALL-UNNAMED --add-exports=jdk.compiler/com.sun.tools.javac.api=ALL-UNNAMED --add-exports=jdk.compiler/com.sun.tools.javac.util=ALL-UNNAMED --add-opens=java.base/java.util=ALL-UNNAMED --add-opens=java.prefs/java.util.prefs=ALL-UNNAMED --add-opens=java.base/java.nio.charset=ALL-UNNAMED --add-opens=java.base/java.net=ALL-UNNAMED --add-opens=java.base/java.util.concurrent=ALL-UNNAMED --add-opens=java.base/java.util.concurrent.atomic=ALL-UNNAMED --add-opens=java.xml/javax.xml.namespace=ALL-UNNAMED --add-opens=java.base/java.time=ALL-UNNAMED -XX:MaxMetaspaceSize=512m -Xmx1400m -Dfile.encoding=UTF-8 -Duser.country -Duser.language=en -Duser.variant -javaagent:/root/.gradle/wrapper/dists/gradle-9.3.1-bin/23ovyewtku6u96viwx3xl3oks/gradle-9.3.1/lib/agents/gradle-instrumentation-agent-9.3.1.jar org.gradle.launcher.daemon.bootstrap.GradleDaemon 9.3.1

Host: Intel(R) Xeon(R) Processor @ 2.90GHz, 2 cores, 2G, Debian GNU/Linux 12 (bookworm)
Time: Sat Sep 26 12:51:41 2026 UTC elapsed time: 36.179556 seconds (0d 0h 0m 36s)

---------------  T H R E A D  ---------------

Current thread (0x00007f06c00b8000):  VMThread "VM Thread" [stack: 0x00007f0697aab000,0x00007f0697bab000] [id=4468]

Stack: [0x00007f0697aab000,0x00007f0697bab000],  sp=0x00007f0697ba8d70,  free space=1015k
Native frames: (J=compiled Java code, j=interpreted, Vv=VM code, C=native code)
V  [libjvm.so+0xf21211]  VMError::report_and_die(int, char const*, char const*, __va_list_tag*, Thread*, unsigned char*, void*, void*, char const*, int, unsigned long)+0x171
V  [libjvm.so+0xf21d7d]  VMError::report_and_die(Thread*, char const*, int, unsigned long, VMErrorType, char const*, __va_list_tag*)+0x2d
V  [libjvm.so+0x60378c]  report_vm_out_of_memory(char const*, int, unsigned long, VMErrorType, char const*, ...)+0xdc
V  [libjvm.so+0xc2a14b]  os::pd_commit_memory_or_exit(char*, unsigned long, unsigned long, bool, char const*)+0xeb
V  [libjvm.so+0xc23ffb]  os::commit_memory_or_exit(char*, unsigned long, unsigned long, bool, char const*)+0x1b
V  [libjvm.so+0x733436]  G1PageBasedVirtualSpace::commit(unsigned long, unsigned long)+0x66
V  [libjvm.so+0x7473e0]  G1RegionsLargerThanCommitSizeMapper::commit_regions(unsigned int, unsigned long, WorkGang*)+0x110
V  [libjvm.so+0x7dadc8]  HeapRegionManager::commit_regions(unsigned int, unsigned long, WorkGang*)+0x88
V  [libjvm.so+0x7dcc0b]  HeapRegionManager::expand(unsigned int, unsigned int, WorkGang*)+0x2b
V  [libjvm.so+0x7dce27]  HeapRegionManager::expand_by(unsigned int, WorkGang*)+0x77
V  [libjvm.so+0x6ebed8]  G1CollectedHeap::expand(unsigned long, WorkGang*, double*)+0xe8
V  [libjvm.so+0x6efb29]  G1CollectedHeap::do_collection_pause_at_safepoint_helper(double)+0x8a9
V  [libjvm.so+0x6efb8f]  G1CollectedHeap::do_collection_pause_at_safepoint(double)+0x2f
V  [libjvm.so+0x76b9d7]  VM_G1CollectForAllocation::doit()+0x47
V  [libjvm.so+0xf26715]  VM_Operation::evaluate()+0xe5
V  [libjvm.so+0xf28005]  VMThread::evaluate_operation(VM_Operation*)+0x105
V  [libjvm.so+0xf2857f]  VMThread::inner_execute(VM_Operation*)+0x28f
V  [libjvm.so+0xf2878f]  VMThread::run()+0xbf
V  [libjvm.so+0xea40a5]  Thread::call_run()+0xa5
V  [libjvm.so+0xc2c8f3]  thread_native_entry(Thread*)+0xe3

VM_Operation (0x00007f069466f5b0): G1CollectForAllocation, mode: safepoint, requested by thread 0x00007f06581e0850


---------------  P R O C E S S  ---------------

Threads class SMR info:
_java_thread_list=0x00007f06581e1410, length=47, elements={
0x00007f06c001af50, 0x00007f06c00bc100, 0x00007f06c00bd4e0, 0x00007f06c00c3db0,
0x00007f06c00c5160, 0x00007f06c00c6570, 0x00007f06c00c7f20, 0x00007f06c00c9450,
0x00007f06c00ca8c0, 0x00007f06c00d6600, 0x00007f06c01aa590, 0x00007f06c130d500,
0x00007f06c1393b70, 0x00007f06c13c4df0, 0x00007f065801b780, 0x00007f0660001e80,
0x00007f0660007120, 0x00007f066000d590, 0x00007f0690007360, 0x00007f069000da80,
0x00007f0690018250, 0x00007f0690271f40, 0x00007f0690274e60, 0x00007f06902a9a00,
0x00007f0690943df0, 0x00007f0690962310, 0x00007f0690a079b0, 0x00007f0690aeaec0,
0x00007f0690317f00, 0x00007f0690506620, 0x00007f0690df1d60, 0x00007f0690e1ee40,
0x00007f0690e0e8c0, 0x00007f069019e800, 0x00007f0690300b70, 0x00007f069019acb0,
0x00007f0690376f30, 0x00007f0691d91b50, 0x00007f069257c8d0, 0x00005613ae65e360,
0x00005613ae7560a0, 0x00005613ae6dcd80, 0x00005613ae702dd0, 0x00005613ae6dbb70,
0x00005613ae7f3490, 0x00007f06581a6890, 0x00007f06581e0850
}

Java Threads: ( => current thread )
  0x00007f06c001af50 JavaThread "main" [_thread_blocked, id=4459, stack(0x00007f06c487c000,0x00007f06c497c000)]
  0x00007f06c00bc100 JavaThread "Reference Handler" daemon [_thread_blocked, id=4469, stack(0x00007f06979aa000,0x00007f0697aaa000)]
  0x00007f06c00bd4e0 JavaThread "Finalizer" daemon [_thread_blocked, id=4470, stack(0x00007f06978a9000,0x00007f06979a9000)]
  0x00007f06c00c3db0 JavaThread "Signal Dispatcher" daemon [_thread_blocked, id=4471, stack(0x00007f06977a8000,0x00007f06978a8000)]
  0x00007f06c00c5160 JavaThread "Service Thread" daemon [_thread_blocked, id=4472, stack(0x00007f06976a7000,0x00007f06977a7000)]
  0x00007f06c00c6570 JavaThread "Monitor Deflation Thread" daemon [_thread_blocked, id=4473, stack(0x00007f06975a6000,0x00007f06976a6000)]
  0x00007f06c00c7f20 JavaThread "C2 CompilerThread0" daemon [_thread_blocked, id=4474, stack(0x00007f06974a5000,0x00007f06975a5000)]
  0x00007f06c00c9450 JavaThread "C1 CompilerThread0" daemon [_thread_blocked, id=4475, stack(0x00007f06973a4000,0x00007f06974a4000)]
  0x00007f06c00ca8c0 JavaThread "Sweeper thread" daemon [_thread_blocked, id=4476, stack(0x00007f06972a3000,0x00007f06973a3000)]
  0x00007f06c00d6600 JavaThread "Common-Cleaner" daemon [_thread_blocked, id=4478, stack(0x00007f06971a2000,0x00007f06972a2000)]
  0x00007f06c01aa590 JavaThread "Notification Thread" daemon [_thread_blocked, id=4479, stack(0x00007f06970a1000,0x00007f06971a1000)]
  0x00007f06c130d500 JavaThread "Daemon health stats" [_thread_blocked, id=4486, stack(0x00007f069696f000,0x00007f0696a6f000)]
  0x00007f06c1393b70 JavaThread "Incoming local TCP Connector on port 34787" [_thread_in_native, id=4488, stack(0x00007f069686e000,0x00007f069696e000)]
  0x00007f06c13c4df0 JavaThread "Daemon periodic checks" [_thread_blocked, id=4489, stack(0x00007f069676d000,0x00007f069686d000)]
  0x00007f065801b780 JavaThread "Daemon" [_thread_blocked, id=4490, stack(0x00007f069666c000,0x00007f069676c000)]
  0x00007f0660001e80 JavaThread "Handler for socket connection from /127.0.0.1:34787 to /127.0.0.1:50588" [_thread_in_native, id=4491, stack(0x00007f069656b000,0x00007f069666b000)]
  0x00007f0660007120 JavaThread "Cancel handler" [_thread_blocked, id=4492, stack(0x00007f069646a000,0x00007f069656a000)]
  0x00007f066000d590 JavaThread "Daemon worker" [_thread_blocked, id=4493, stack(0x00007f0696369000,0x00007f0696469000)]
  0x00007f0690007360 JavaThread "Asynchronous log dispatcher for DefaultDaemonConnection: socket connection from /127.0.0.1:34787 to /127.0.0.1:50588" [_thread_blocked, id=4494, stack(0x00007f0696268000,0x00007f0696368000)]
  0x00007f069000da80 JavaThread "Stdin handler" [_thread_blocked, id=4495, stack(0x00007f0696167000,0x00007f0696267000)]
  0x00007f0690018250 JavaThread "Daemon client event forwarder" [_thread_blocked, id=4496, stack(0x00007f0696066000,0x00007f0696166000)]
  0x00007f0690271f40 JavaThread "Cache worker for journal cache (/root/.gradle/caches/journal-1)" [_thread_blocked, id=4498, stack(0x00007f0695f65000,0x00007f0696065000)]
  0x00007f0690274e60 JavaThread "File lock request listener" [_thread_in_native, id=4499, stack(0x00007f0695e64000,0x00007f0695f64000)]
  0x00007f06902a9a00 JavaThread "Cache worker for file hash cache (/root/.gradle/caches/9.3.1/fileHashes)" [_thread_blocked, id=4500, stack(0x00007f0695d63000,0x00007f0695e63000)]
  0x00007f0690943df0 JavaThread "Cache worker for file hash cache (/workspace/.gradle/9.3.1/fileHashes)" [_thread_blocked, id=4504, stack(0x00007f0695c62000,0x00007f0695d62000)]
  0x00007f0690962310 JavaThread "Cache worker for Build Output Cleanup Cache (/workspace/.gradle/buildOutputCleanup)" [_thread_blocked, id=4505, stack(0x00007f0695b61000,0x00007f0695c61000)]
  0x00007f0690a079b0 JavaThread "Cache worker for checksums cache (/workspace/.gradle/9.3.1/checksums)" [_thread_blocked, id=4507, stack(0x00007f0695a60000,0x00007f0695b60000)]
  0x00007f0690aeaec0 JavaThread "Cache worker for file content cache (/root/.gradle/caches/9.3.1/fileContent)" [_thread_blocked, id=4508, stack(0x00007f069595f000,0x00007f0695a5f000)]
  0x00007f0690317f00 JavaThread "Cache worker for cache directory md-supplier (/root/.gradle/caches/9.3.1/md-supplier)" [_thread_blocked, id=4510, stack(0x00007f069585e000,0x00007f069595e000)]
  0x00007f0690506620 JavaThread "Cache worker for cache directory md-rule (/root/.gradle/caches/9.3.1/md-rule)" [_thread_blocked, id=4511, stack(0x00007f069575d000,0x00007f069585d000)]
  0x00007f0690df1d60 JavaThread "Unconstrained build operations" [_thread_blocked, id=4517, stack(0x00007f069565c000,0x00007f069575c000)]
  0x00007f0690e1ee40 JavaThread "Unconstrained build operations Thread 2" [_thread_blocked, id=4518, stack(0x00007f069555b000,0x00007f069565b000)]
  0x00007f0690e0e8c0 JavaThread "Unconstrained build operations Thread 3" [_thread_blocked, id=4519, stack(0x00007f069545a000,0x00007f069555a000)]
  0x00007f069019e800 JavaThread "Unconstrained build operations Thread 4" [_thread_blocked, id=4526, stack(0x00007f0695359000,0x00007f0695459000)]
  0x00007f0690300b70 JavaThread "Unconstrained build operations Thread 5" [_thread_blocked, id=4527, stack(0x00007f0695258000,0x00007f0695358000)]
  0x00007f069019acb0 JavaThread "Unconstrained build operations Thread 6" [_thread_blocked, id=4529, stack(0x00007f0695157000,0x00007f0695257000)]
  0x00007f0690376f30 JavaThread "Memory manager" [_thread_blocked, id=4537, stack(0x00007f0695056000,0x00007f0695156000)]
  0x00007f0691d91b50 JavaThread "build event listener" [_thread_blocked, id=4540, stack(0x00007f0694976000,0x00007f0694a76000)]
  0x00007f069257c8d0 JavaThread "included builds" [_thread_blocked, id=4557, stack(0x00007f0694f55000,0x00007f0695055000)]
  0x00005613ae65e360 JavaThread "Cache worker for execution history cache (/workspace/.gradle/9.3.1/executionHistory)" [_thread_blocked, id=4558, stack(0x00007f0694e54000,0x00007f0694f54000)]
  0x00005613ae7560a0 JavaThread "Unconstrained build operations Thread 7" [_thread_blocked, id=4560, stack(0x00007f0694d53000,0x00007f0694e53000)]
  0x00005613ae6dcd80 JavaThread "Unconstrained build operations Thread 8" [_thread_blocked, id=4563, stack(0x00007f0694c52000,0x00007f0694d52000)]
  0x00005613ae702dd0 JavaThread "Unconstrained build operations Thread 9" [_thread_blocked, id=4565, stack(0x00007f0694b51000,0x00007f0694c51000)]
  0x00005613ae6dbb70 JavaThread "Unconstrained build operations Thread 10" [_thread_blocked, id=4567, stack(0x00007f0694875000,0x00007f0694975000)]
  0x00005613ae7f3490 JavaThread "WorkerExecutor Queue" [_thread_blocked, id=4574, stack(0x00007f0694774000,0x00007f0694874000)]
  0x00007f06581a6890 JavaThread "ForkJoinPool-1-worker-1" daemon [_thread_blocked, id=4577, stack(0x00007f0694673000,0x00007f0694773000)]
  0x00007f06581e0850 JavaThread "ForkJoinPool-1-worker-2" daemon [_thread_blocked, id=4578, stack(0x00007f0694572000,0x00007f0694672000)]

Other Threads:
=>0x00007f06c00b8000 VMThread "VM Thread" [stack: 0x00007f0697aab000,0x00007f0697bab000] [id=4468]
  0x00007f06c001d2c0 WatcherThread [stack: 0x00007f0696fa0000,0x00007f06970a0000] [id=4480]
  0x00007f06c0062cd0 GCTaskThread "GC Thread#0" [stack: 0x00007f06c406b000,0x00007f06c416b000] [id=4461]
  0x00007f0668004990 GCTaskThread "GC Thread#1" [stack: 0x00007f0696e9f000,0x00007f0696f9f000] [id=4481]
  0x00007f06c006f1b0 ConcurrentGCThread "G1 Main Marker" [stack: 0x00007f06a62d9000,0x00007f06a63d9000] [id=4462]
  0x00007f06c0070120 ConcurrentGCThread "G1 Conc#0" [stack: 0x00007f06a61d8000,0x00007f06a62d8000] [id=4463]
  0x00007f06c008ed50 ConcurrentGCThread "G1 Refine#0" [stack: 0x00007f0697dff000,0x00007f0697eff000] [id=4465]
  0x00007f0690000ea0 ConcurrentGCThread "G1 Refine#1" [stack: 0x00007f0696a70000,0x00007f0696b70000] [id=4483]
  0x00007f06c008fc50 ConcurrentGCThread "G1 Service" [stack: 0x00007f0697cfe000,0x00007f0697dfe000] [id=4467]

Threads with active compile tasks:
C2 CompilerThread0  36194 13861   !   4       java.util.concurrent.ConcurrentHashMap::computeIfAbsent (576 bytes)

VM state: at safepoint (normal execution)

VM Mutex/Monitor currently owned by a thread:  ([mutex/lock_event])
[0x00007f06c0017d40] Threads_lock - owner thread: 0x00007f06c00b8000
[0x00007f06c00184f0] Heap_lock - owner thread: 0x00007f06581e0850

Heap address: 0x00000000a8800000, size: 1400 MB, Compressed Oops mode: 32-bit

CDS archive(s) mapped at: [0x00007f066d000000-0x00007f066dbca000-0x00007f066dbca000), size 12361728, SharedBaseAddress: 0x00007f066d000000, ArchiveRelocationMode: 1.
Compressed class space mapped at: 0x00007f066e000000-0x00007f0688000000, reserved size: 436207616
Narrow klass base: 0x00007f066d000000, Narrow klass shift: 0, Narrow klass range: 0x100000000

GC Precious Log:
 CPUs: 2 total, 2 available
 Memory: 2048M
 Large Page Support: Disabled
 NUMA Support: Disabled
 Compressed Oops: Enabled (32-bit)
 Heap Region Size: 1M
 Heap Min Capacity: 8M
 Heap Initial Capacity: 32M
 Heap Max Capacity: 1400M
 Pre-touch: Disabled
 Parallel Workers: 2
 Concurrent Workers: 1
 Concurrent Refinement Workers: 2
 Periodic GC: Disabled

Heap:
 garbage-first heap   total 492544K, used 347572K [0x00000000a8800000, 0x0000000100000000)
  region size 1024K, 9 young (9216K), 9 survivors (9216K)
 Metaspace       used 100936K, committed 101824K, reserved 557056K
  class space    used 14039K, committed 14464K, reserved 425984K

Heap Regions: E=young(eden), S=young(survivor), O=old, HS=humongous(starts), HC=humongous(continues), CS=collection set, F=free, OA=open archive, CA=closed archive, TAMS=top-at-mark-start (previous, next)
|   0|0x00000000a8800000, 0x00000000a8900000, 0x00000000a8900000|100%|HS|  |TAMS 0x00000000a8900000, 0x00000000a8900000| Complete 
|   1|0x00000000a8900000, 0x00000000a8a00000, 0x00000000a8a00000|100%|HC|  |TAMS 0x00000000a8a00000, 0x00000000a8a00000| Complete 
|   2|0x00000000a8a00000, 0x00000000a8b00000, 0x00000000a8b00000|100%|HC|  |TAMS 0x00000000a8b00000, 0x00000000a8b00000| Complete 
|   3|0x00000000a8b00000, 0x00000000a8c00000, 0x00000000a8c00000|100%|HC|  |TAMS 0x00000000a8c00000, 0x00000000a8c00000| Complete 
|   4|0x00000000a8c00000, 0x00000000a8d00000, 0x00000000a8d00000|100%| O|  |TAMS 0x00000000a8d00000, 0x00000000a8d00000| Untracked 
|   5|0x00000000a8d00000, 0x00000000a8e00000, 0x00000000a8e00000|100%| O|  |TAMS 0x00000000a8e00000, 0x00000000a8e00000| Untracked 
|   6|0x00000000a8e00000, 0x00000000a8f00000, 0x00000000a8f00000|100%| O|  |TAMS 0x00000000a8f00000, 0x00000000a8f00000| Untracked 
|   7|0x00000000a8f00000, 0x00000000a9000000, 0x00000000a9000000|100%| O|  |TAMS 0x00000000a9000000, 0x00000000a9000000| Untracked 
|   8|0x00000000a9000000, 0x00000000a9100000, 0x00000000a9100000|100%| O|  |TAMS 0x00000000a9100000, 0x00000000a9100000| Untracked 
|   9|0x00000000a9100000, 0x00000000a9200000, 0x00000000a9200000|100%| O|  |TAMS 0x00000000a9200000, 0x00000000a9200000| Untracked 
|  10|0x00000000a9200000, 0x00000000a9300000, 0x00000000a9300000|100%| O|  |TAMS 0x00000000a9300000, 0x00000000a9300000| Untracked 
|  11|0x00000000a9300000, 0x00000000a9400000, 0x00000000a9400000|100%|HS|  |TAMS 0x00000000a9400000, 0x00000000a9400000| Complete 
|  12|0x00000000a9400000, 0x00000000a9500000, 0x00000000a9500000|100%| O|  |TAMS 0x00000000a9500000, 0x00000000a9500000| Untracked 
|  13|0x00000000a9500000, 0x00000000a9600000, 0x00000000a9600000|100%| O|  |TAMS 0x00000000a9600000, 0x00000000a9600000| Untracked 
|  14|0x00000000a9600000, 0x00000000a9700000, 0x00000000a9700000|100%| O|  |TAMS 0x00000000a9700000, 0x00000000a9700000| Untracked 
|  15|0x00000000a9700000, 0x00000000a9800000, 0x00000000a9800000|100%| O|  |TAMS 0x00000000a9800000, 0x00000000a9800000| Untracked 
|  16|0x00000000a9800000, 0x00000000a9900000, 0x00000000a9900000|100%| O|  |TAMS 0x00000000a9900000, 0x00000000a9900000| Untracked 
|  17|0x00000000a9900000, 0x00000000a9a00000, 0x00000000a9a00000|100%| O|  |TAMS 0x00000000a9a00000, 0x00000000a9a00000| Untracked 
|  18|0x00000000a9a00000, 0x00000000a9b00000, 0x00000000a9b00000|100%| O|  |TAMS 0x00000000a9b00000, 0x00000000a9b00000| Untracked 
|  19|0x00000000a9b00000, 0x00000000a9c00000, 0x00000000a9c00000|100%| O|  |TAMS 0x00000000a9c00000, 0x00000000a9c00000| Untracked 
|  20|0x00000000a9c00000, 0x00000000a9d00000, 0x00000000a9d00000|100%| O|  |TAMS 0x00000000a9d00000, 0x00000000a9d00000| Untracked 
|  21|0x00000000a9d00000, 0x00000000a9e00000, 0x00000000a9e00000|100%| O|  |TAMS 0x00000000a9e00000, 0x00000000a9e00000| Untracked 
|  22|0x00000000a9e00000, 0x00000000a9f00000, 0x00000000a9f00000|100%| O|  |TAMS 0x00000000a9f00000, 0x00000000a9f00000| Untracked 
|  23|0x00000000a9f00000, 0x00000000aa000000, 0x00000000aa000000|100%| O|  |TAMS 0x00000000aa000000, 0x00000000aa000000| Untracked 
|  24|0x00000000aa000000, 0x00000000aa100000, 0x00000000aa100000|100%| O|  |TAMS 0x00000000aa100000, 0x00000000aa100000| Untracked 
|  25|0x00000000aa100000, 0x00000000aa200000, 0x00000000aa200000|100%| O|  |TAMS 0x00000000aa200000, 0x00000000aa200000| Untracked 
|  26|0x00000000aa200000, 0x00000000aa300000, 0x00000000aa300000|100%| O|  |TAMS 0x00000000aa300000, 0x00000000aa300000| Untracked 
|  27|0x00000000aa300000, 0x00000000aa400000, 0x00000000aa400000|100%| O|  |TAMS 0x00000000aa400000, 0x00000000aa400000| Untracked 
|  28|0x00000000aa400000, 0x00000000aa500000, 0x00000000aa500000|100%| O|  |TAMS 0x00000000aa500000, 0x00000000aa500000| Untracked 
|  29|0x00000000aa500000, 0x00000000aa600000, 0x00000000aa600000|100%| O|  |TAMS 0x00000000aa600000, 0x00000000aa600000| Untracked 
|  30|0x00000000aa600000, 0x00000000aa700000, 0x00000000aa700000|100%| O|  |TAMS 0x00000000aa700000, 0x00000000aa700000| Untracked 
|  31|0x00000000aa700000, 0x00000000aa800000, 0x00000000aa800000|100%| O|  |TAMS 0x00000000aa800000, 0x00000000aa800000| Untracked 
|  32|0x00000000aa800000, 0x00000000aa900000, 0x00000000aa900000|100%| O|  |TAMS 0x00000000aa900000, 0x00000000aa900000| Untracked 
|  33|0x00000000aa900000, 0x00000000aaa00000, 0x00000000aaa00000|100%| O|  |TAMS 0x00000000aaa00000, 0x00000000aaa00000| Untracked 
|  34|0x00000000aaa00000, 0x00000000aab00000, 0x00000000aab00000|100%| O|  |TAMS 0x00000000aab00000, 0x00000000aab00000| Untracked 
|  35|0x00000000aab00000, 0x00000000aac00000, 0x00000000aac00000|100%| O|  |TAMS 0x00000000aac00000, 0x00000000aac00000| Untracked 
|  36|0x00000000aac00000, 0x00000000aad00000, 0x00000000aad00000|100%| O|  |TAMS 0x00000000aad00000, 0x00000000aad00000| Untracked 
|  37|0x00000000aad00000, 0x00000000aae00000, 0x00000000aae00000|100%| O|  |TAMS 0x00000000aae00000, 0x00000000aae00000| Untracked 
|  38|0x00000000aae00000, 0x00000000aaf00000, 0x00000000aaf00000|100%|HS|  |TAMS 0x00000000aaf00000, 0x00000000aaf00000| Complete 
|  39|0x00000000aaf00000, 0x00000000ab000000, 0x00000000ab000000|100%|HS|  |TAMS 0x00000000ab000000, 0x00000000ab000000| Complete 
|  40|0x00000000ab000000, 0x00000000ab100000, 0x00000000ab100000|100%|HS|  |TAMS 0x00000000ab100000, 0x00000000ab100000| Complete 
|  41|0x00000000ab100000, 0x00000000ab200000, 0x00000000ab200000|100%|HC|  |TAMS 0x00000000ab200000, 0x00000000ab200000| Complete 
|  42|0x00000000ab200000, 0x00000000ab300000, 0x00000000ab300000|100%|HS|  |TAMS 0x00000000ab300000, 0x00000000ab300000| Complete 
|  43|0x00000000ab300000, 0x00000000ab400000, 0x00000000ab400000|100%|HS|  |TAMS 0x00000000ab400000, 0x00000000ab400000| Complete 
|  44|0x00000000ab400000, 0x00000000ab500000, 0x00000000ab500000|100%| O|  |TAMS 0x00000000ab400000, 0x00000000ab400000| Untracked 
|  45|0x00000000ab500000, 0x00000000ab600000, 0x00000000ab600000|100%| O|  |TAMS 0x00000000ab600000, 0x00000000ab600000| Untracked 
|  46|0x00000000ab600000, 0x00000000ab700000, 0x00000000ab700000|100%|HS|  |TAMS 0x00000000ab700000, 0x00000000ab700000| Complete 
|  47|0x00000000ab700000, 0x00000000ab800000, 0x00000000ab800000|100%| O|  |TAMS 0x00000000ab800000, 0x00000000ab800000| Untracked 
|  48|0x00000000ab800000, 0x00000000ab900000, 0x00000000ab900000|100%| O|  |TAMS 0x00000000ab900000, 0x00000000ab900000| Untracked 
|  49|0x00000000ab900000, 0x00000000aba00000, 0x00000000aba00000|100%| O|  |TAMS 0x00000000aba00000, 0x00000000aba00000| Untracked 
|  50|0x00000000aba00000, 0x00000000abb00000, 0x00000000abb00000|100%| O|  |TAMS 0x00000000abb00000, 0x00000000abb00000| Untracked 
|  51|0x00000000abb00000, 0x00000000abc00000, 0x00000000abc00000|100%| O|  |TAMS 0x00000000abc00000, 0x00000000abc00000| Untracked 
|  52|0x00000000abc00000, 0x00000000abd00000, 0x00000000abd00000|100%| O|  |TAMS 0x00000000abc00000, 0x00000000abc00000| Untracked 
|  53|0x00000000abd00000, 0x00000000abe00000, 0x00000000abe00000|100%|HS|  |TAMS 0x00000000abe00000, 0x00000000abe00000| Complete 
|  54|0x00000000abe00000, 0x00000000abf00000, 0x00000000abf00000|100%| O|  |TAMS 0x00000000abf00000, 0x00000000abf00000| Untracked 
|  55|0x00000000abf00000, 0x00000000ac000000, 0x00000000ac000000|100%| O|  |TAMS 0x00000000ac000000, 0x00000000ac000000| Untracked 
|  56|0x00000000ac000000, 0x00000000ac100000, 0x00000000ac100000|100%|HS|  |TAMS 0x00000000ac100000, 0x00000000ac100000| Complete 
|  57|0x00000000ac100000, 0x00000000ac200000, 0x00000000ac200000|100%|HC|  |TAMS 0x00000000ac200000, 0x00000000ac200000| Complete 
|  58|0x00000000ac200000, 0x00000000ac300000, 0x00000000ac300000|100%| O|  |TAMS 0x00000000ac300000, 0x00000000ac300000| Untracked 
|  59|0x00000000ac300000, 0x00000000ac400000, 0x00000000ac400000|100%| O|  |TAMS 0x00000000ac400000, 0x00000000ac400000| Untracked 
|  60|0x00000000ac400000, 0x00000000ac500000, 0x00000000ac500000|100%| O|  |TAMS 0x00000000ac500000, 0x00000000ac500000| Untracked 
|  61|0x00000000ac500000, 0x00000000ac600000, 0x00000000ac600000|100%| O|  |TAMS 0x00000000ac600000, 0x00000000ac600000| Untracked 
|  62|0x00000000ac600000, 0x00000000ac700000, 0x00000000ac700000|100%| O|  |TAMS 0x00000000ac700000, 0x00000000ac700000| Untracked 
|  63|0x00000000ac700000, 0x00000000ac800000, 0x00000000ac800000|100%| O|  |TAMS 0x00000000ac800000, 0x00000000ac800000| Untracked 
|  64|0x00000000ac800000, 0x00000000ac900000, 0x00000000ac900000|100%| O|  |TAMS 0x00000000ac900000, 0x00000000ac900000| Untracked 
|  65|0x00000000ac900000, 0x00000000aca00000, 0x00000000aca00000|100%| O|  |TAMS 0x00000000aca00000, 0x00000000aca00000| Untracked 
|  66|0x00000000aca00000, 0x00000000acb00000, 0x00000000acb00000|100%|HS|  |TAMS 0x00000000acb00000, 0x00000000acb00000| Complete 
|  67|0x00000000acb00000, 0x00000000acc00000, 0x00000000acc00000|100%| O|  |TAMS 0x00000000acc00000, 0x00000000acc00000| Untracked 
|  68|0x00000000acc00000, 0x00000000acd00000, 0x00000000acd00000|100%| O|  |TAMS 0x00000000acd00000, 0x00000000acd00000| Untracked 
|  69|0x00000000acd00000, 0x00000000ace00000, 0x00000000ace00000|100%| O|  |TAMS 0x00000000ace00000, 0x00000000ace00000| Untracked 
|  70|0x00000000ace00000, 0x00000000acf00000, 0x00000000acf00000|100%| O|  |TAMS 0x00000000acf00000, 0x00000000acf00000| Untracked 
|  71|0x00000000acf00000, 0x00000000ad000000, 0x00000000ad000000|100%| O|  |TAMS 0x00000000ad000000, 0x00000000ad000000| Untracked 
|  72|0x00000000ad000000, 0x00000000ad100000, 0x00000000ad100000|100%| O|  |TAMS 0x00000000ad100000, 0x00000000ad100000| Untracked 
|  73|0x00000000ad100000, 0x00000000ad200000, 0x00000000ad200000|100%| O|  |TAMS 0x00000000ad200000, 0x00000000ad200000| Untracked 
|  74|0x00000000ad200000, 0x00000000ad300000, 0x00000000ad300000|100%| O|  |TAMS 0x00000000ad300000, 0x00000000ad300000| Untracked 
|  75|0x00000000ad300000, 0x00000000ad400000, 0x00000000ad400000|100%| O|  |TAMS 0x00000000ad400000, 0x00000000ad400000| Untracked 
|  76|0x00000000ad400000, 0x00000000ad500000, 0x00000000ad500000|100%| O|  |TAMS 0x00000000ad500000, 0x00000000ad500000| Untracked 
|  77|0x00000000ad500000, 0x00000000ad600000, 0x00000000ad600000|100%| O|  |TAMS 0x00000000ad600000, 0x00000000ad600000| Untracked 
|  78|0x00000000ad600000, 0x00000000ad700000, 0x00000000ad700000|100%| O|  |TAMS 0x00000000ad700000, 0x00000000ad700000| Untracked 
|  79|0x00000000ad700000, 0x00000000ad800000, 0x00000000ad800000|100%| O|  |TAMS 0x00000000ad800000, 0x00000000ad800000| Untracked 
|  80|0x00000000ad800000, 0x00000000ad900000, 0x00000000ad900000|100%| O|  |TAMS 0x00000000ad900000, 0x00000000ad900000| Untracked 
|  81|0x00000000ad900000, 0x00000000ada00000, 0x00000000ada00000|100%| O|  |TAMS 0x00000000ada00000, 0x00000000ada00000| Untracked 
|  82|0x00000000ada00000, 0x00000000adb00000, 0x00000000adb00000|100%| O|  |TAMS 0x00000000adb00000, 0x00000000adb00000| Untracked 
|  83|0x00000000adb00000, 0x00000000adc00000, 0x00000000adc00000|100%| O|  |TAMS 0x00000000adc00000, 0x00000000adc00000| Untracked 
|  84|0x00000000adc00000, 0x00000000add00000, 0x00000000add00000|100%| O|  |TAMS 0x00000000add00000, 0x00000000add00000| Untracked 
|  85|0x00000000add00000, 0x00000000ade00000, 0x00000000ade00000|100%| O|  |TAMS 0x00000000ade00000, 0x00000000ade00000| Untracked 
|  86|0x00000000ade00000, 0x00000000adf00000, 0x00000000adf00000|100%| O|  |TAMS 0x00000000adf00000, 0x00000000adf00000| Untracked 
|  87|0x00000000adf00000, 0x00000000ae000000, 0x00000000ae000000|100%|HS|  |TAMS 0x00000000ae000000, 0x00000000ae000000| Complete 
|  88|0x00000000ae000000, 0x00000000ae100000, 0x00000000ae100000|100%|HC|  |TAMS 0x00000000ae100000, 0x00000000ae100000| Complete 
|  89|0x00000000ae100000, 0x00000000ae200000, 0x00000000ae200000|100%| O|  |TAMS 0x00000000ae200000, 0x00000000ae200000| Untracked 
|  90|0x00000000ae200000, 0x00000000ae300000, 0x00000000ae300000|100%| O|  |TAMS 0x00000000ae300000, 0x00000000ae300000| Untracked 
|  91|0x00000000ae300000, 0x00000000ae400000, 0x00000000ae400000|100%| O|  |TAMS 0x00000000ae400000, 0x00000000ae400000| Untracked 
|  92|0x00000000ae400000, 0x00000000ae500000, 0x00000000ae500000|100%| O|  |TAMS 0x00000000ae500000, 0x00000000ae500000| Untracked 
|  93|0x00000000ae500000, 0x00000000ae600000, 0x00000000ae600000|100%| O|  |TAMS 0x00000000ae600000, 0x00000000ae600000| Untracked 
|  94|0x00000000ae600000, 0x00000000ae700000, 0x00000000ae700000|100%| O|  |TAMS 0x00000000ae700000, 0x00000000ae700000| Untracked 
|  95|0x00000000ae700000, 0x00000000ae800000, 0x00000000ae800000|100%| O|  |TAMS 0x00000000ae800000, 0x00000000ae800000| Untracked 
|  96|0x00000000ae800000, 0x00000000ae900000, 0x00000000ae900000|100%| O|  |TAMS 0x00000000ae900000, 0x00000000ae900000| Untracked 
|  97|0x00000000ae900000, 0x00000000aea00000, 0x00000000aea00000|100%| O|  |TAMS 0x00000000aea00000, 0x00000000aea00000| Untracked 
|  98|0x00000000aea00000, 0x00000000aeb00000, 0x00000000aeb00000|100%| O|  |TAMS 0x00000000aeb00000, 0x00000000aeb00000| Untracked 
|  99|0x00000000aeb00000, 0x00000000aec00000, 0x00000000aec00000|100%| O|  |TAMS 0x00000000aec00000, 0x00000000aec00000| Untracked 
| 100|0x00000000aec00000, 0x00000000aed00000, 0x00000000aed00000|100%| O|  |TAMS 0x00000000aed00000, 0x00000000aed00000| Untracked 
| 101|0x00000000aed00000, 0x00000000aee00000, 0x00000000aee00000|100%| O|  |TAMS 0x00000000aee00000, 0x00000000aee00000| Untracked 
| 102|0x00000000aee00000, 0x00000000aef00000, 0x00000000aef00000|100%| O|  |TAMS 0x00000000aef00000, 0x00000000aef00000| Untracked 
| 103|0x00000000aef00000, 0x00000000af000000, 0x00000000af000000|100%| O|  |TAMS 0x00000000af000000, 0x00000000af000000| Untracked 
| 104|0x00000000af000000, 0x00000000af100000, 0x00000000af100000|100%| O|  |TAMS 0x00000000af100000, 0x00000000af100000| Untracked 
| 105|0x00000000af100000, 0x00000000af200000, 0x00000000af200000|100%| O|  |TAMS 0x00000000af200000, 0x00000000af200000| Untracked 
| 106|0x00000000af200000, 0x00000000af300000, 0x00000000af300000|100%| O|  |TAMS 0x00000000af300000, 0x00000000af300000| Untracked 
| 107|0x00000000af300000, 0x00000000af400000, 0x00000000af400000|100%| O|  |TAMS 0x00000000af400000, 0x00000000af400000| Untracked 
| 108|0x00000000af400000, 0x00000000af500000, 0x00000000af500000|100%| O|  |TAMS 0x00000000af500000, 0x00000000af500000| Untracked 
| 109|0x00000000af500000, 0x00000000af600000, 0x00000000af600000|100%| O|  |TAMS 0x00000000af600000, 0x00000000af600000| Untracked 
| 110|0x00000000af600000, 0x00000000af700000, 0x00000000af700000|100%| O|  |TAMS 0x00000000af700000, 0x00000000af700000| Untracked 
| 111|0x00000000af700000, 0x00000000af800000, 0x00000000af800000|100%| O|  |TAMS 0x00000000af800000, 0x00000000af800000| Untracked 
| 112|0x00000000af800000, 0x00000000af900000, 0x00000000af900000|100%| O|  |TAMS 0x00000000af900000, 0x00000000af900000| Untracked 
| 113|0x00000000af900000, 0x00000000afa00000, 0x00000000afa00000|100%| O|  |TAMS 0x00000000afa00000, 0x00000000afa00000| Untracked 
| 114|0x00000000afa00000, 0x00000000afb00000, 0x00000000afb00000|100%| O|  |TAMS 0x00000000afb00000, 0x00000000afb00000| Untracked 
| 115|0x00000000afb00000, 0x00000000afc00000, 0x00000000afc00000|100%| O|  |TAMS 0x00000000afc00000, 0x00000000afc00000| Untracked 
| 116|0x00000000afc00000, 0x00000000afd00000, 0x00000000afd00000|100%| O|  |TAMS 0x00000000afd00000, 0x00000000afd00000| Untracked 
| 117|0x00000000afd00000, 0x00000000afe00000, 0x00000000afe00000|100%| O|  |TAMS 0x00000000afe00000, 0x00000000afe00000| Untracked 
| 118|0x00000000afe00000, 0x00000000aff00000, 0x00000000aff00000|100%| O|  |TAMS 0x00000000afe00000, 0x00000000aff00000| Untracked 
| 119|0x00000000aff00000, 0x00000000b0000000, 0x00000000b0000000|100%| O|  |TAMS 0x00000000aff00000, 0x00000000b0000000| Untracked 
| 120|0x00000000b0000000, 0x00000000b0100000, 0x00000000b0100000|100%| O|  |TAMS 0x00000000b0000000, 0x00000000b0100000| Untracked 
| 121|0x00000000b0100000, 0x00000000b0200000, 0x00000000b0200000|100%| O|  |TAMS 0x00000000b0100000, 0x00000000b0200000| Untracked 
| 122|0x00000000b0200000, 0x00000000b0300000, 0x00000000b0300000|100%| O|  |TAMS 0x00000000b0200000, 0x00000000b0300000| Untracked 
| 123|0x00000000b0300000, 0x00000000b0400000, 0x00000000b0400000|100%| O|  |TAMS 0x00000000b0300000, 0x00000000b0400000| Untracked 
| 124|0x00000000b0400000, 0x00000000b0500000, 0x00000000b0500000|100%| O|  |TAMS 0x00000000b0400000, 0x00000000b0500000| Untracked 
| 125|0x00000000b0500000, 0x00000000b0600000, 0x00000000b0600000|100%| O|  |TAMS 0x00000000b0500000, 0x00000000b0600000| Untracked 
| 126|0x00000000b0600000, 0x00000000b0700000, 0x00000000b0700000|100%| O|  |TAMS 0x00000000b0600000, 0x00000000b0700000| Untracked 
| 127|0x00000000b0700000, 0x00000000b0800000, 0x00000000b0800000|100%| O|  |TAMS 0x00000000b0700000, 0x00000000b0800000| Untracked 
| 128|0x00000000b0800000, 0x00000000b0900000, 0x00000000b0900000|100%| O|  |TAMS 0x00000000b0800000, 0x00000000b0900000| Untracked 
| 129|0x00000000b0900000, 0x00000000b0a00000, 0x00000000b0a00000|100%| O|  |TAMS 0x00000000b0900000, 0x00000000b0a00000| Untracked 
| 130|0x00000000b0a00000, 0x00000000b0b00000, 0x00000000b0b00000|100%| O|  |TAMS 0x00000000b0a00000, 0x00000000b0b00000| Untracked 
| 131|0x00000000b0b00000, 0x00000000b0c00000, 0x00000000b0c00000|100%| O|  |TAMS 0x00000000b0b00000, 0x00000000b0c00000| Untracked 
| 132|0x00000000b0c00000, 0x00000000b0d00000, 0x00000000b0d00000|100%| O|  |TAMS 0x00000000b0c00000, 0x00000000b0d00000| Untracked 
| 133|0x00000000b0d00000, 0x00000000b0e00000, 0x00000000b0e00000|100%| O|  |TAMS 0x00000000b0d00000, 0x00000000b0e00000| Untracked 
| 134|0x00000000b0e00000, 0x00000000b0f00000, 0x00000000b0f00000|100%| O|  |TAMS 0x00000000b0e00000, 0x00000000b0f00000| Untracked 
| 135|0x00000000b0f00000, 0x00000000b1000000, 0x00000000b1000000|100%| O|  |TAMS 0x00000000b0f00000, 0x00000000b1000000| Untracked 
| 136|0x00000000b1000000, 0x00000000b1100000, 0x00000000b1100000|100%| O|  |TAMS 0x00000000b1000000, 0x00000000b1100000| Untracked 
| 137|0x00000000b1100000, 0x00000000b1200000, 0x00000000b1200000|100%| O|  |TAMS 0x00000000b1100000, 0x00000000b1200000| Untracked 
| 138|0x00000000b1200000, 0x00000000b1300000, 0x00000000b1300000|100%| O|  |TAMS 0x00000000b1200000, 0x00000000b1300000| Untracked 
| 139|0x00000000b1300000, 0x00000000b1400000, 0x00000000b1400000|100%| O|  |TAMS 0x00000000b1300000, 0x00000000b1400000| Untracked 
| 140|0x00000000b1400000, 0x00000000b1500000, 0x00000000b1500000|100%| O|  |TAMS 0x00000000b1400000, 0x00000000b1500000| Untracked 
| 141|0x00000000b1500000, 0x00000000b1600000, 0x00000000b1600000|100%| O|  |TAMS 0x00000000b1500000, 0x00000000b1600000| Untracked 
| 142|0x00000000b1600000, 0x00000000b1700000, 0x00000000b1700000|100%| O|  |TAMS 0x00000000b1600000, 0x00000000b1700000| Untracked 
| 143|0x00000000b1700000, 0x00000000b1800000, 0x00000000b1800000|100%| O|  |TAMS 0x00000000b1700000, 0x00000000b1800000| Untracked 
| 144|0x00000000b1800000, 0x00000000b1900000, 0x00000000b1900000|100%| O|  |TAMS 0x00000000b1800000, 0x00000000b1900000| Untracked 
| 145|0x00000000b1900000, 0x00000000b1a00000, 0x00000000b1a00000|100%| O|  |TAMS 0x00000000b1900000, 0x00000000b1a00000| Untracked 
| 146|0x00000000b1a00000, 0x00000000b1b00000, 0x00000000b1b00000|100%| O|  |TAMS 0x00000000b1a00000, 0x00000000b1b00000| Untracked 
| 147|0x00000000b1b00000, 0x00000000b1c00000, 0x00000000b1c00000|100%| O|  |TAMS 0x00000000b1b00000, 0x00000000b1c00000| Untracked 
| 148|0x00000000b1c00000, 0x00000000b1d00000, 0x00000000b1d00000|100%| O|  |TAMS 0x00000000b1c00000, 0x00000000b1d00000| Untracked 
| 149|0x00000000b1d00000, 0x00000000b1e00000, 0x00000000b1e00000|100%| O|  |TAMS 0x00000000b1d00000, 0x00000000b1e00000| Untracked 
| 150|0x00000000b1e00000, 0x00000000b1f00000, 0x00000000b1f00000|100%| O|  |TAMS 0x00000000b1e00000, 0x00000000b1f00000| Untracked 
| 151|0x00000000b1f00000, 0x00000000b2000000, 0x00000000b2000000|100%| O|  |TAMS 0x00000000b1f00000, 0x00000000b2000000| Untracked 
| 152|0x00000000b2000000, 0x00000000b2100000, 0x00000000b2100000|100%| O|  |TAMS 0x00000000b2000000, 0x00000000b2100000| Untracked 
| 153|0x00000000b2100000, 0x00000000b2200000, 0x00000000b2200000|100%| O|  |TAMS 0x00000000b2100000, 0x00000000b2200000| Untracked 
| 154|0x00000000b2200000, 0x00000000b2300000, 0x00000000b2300000|100%| O|  |TAMS 0x00000000b2200000, 0x00000000b2300000| Untracked 
| 155|0x00000000b2300000, 0x00000000b2400000, 0x00000000b2400000|100%| O|  |TAMS 0x00000000b2300000, 0x00000000b2400000| Untracked 
| 156|0x00000000b2400000, 0x00000000b2500000, 0x00000000b2500000|100%| O|  |TAMS 0x00000000b2400000, 0x00000000b2500000| Untracked 
| 157|0x00000000b2500000, 0x00000000b2600000, 0x00000000b2600000|100%| O|  |TAMS 0x00000000b2500000, 0x00000000b2600000| Untracked 
| 158|0x00000000b2600000, 0x00000000b2700000, 0x00000000b2700000|100%| O|  |TAMS 0x00000000b2600000, 0x00000000b2700000| Untracked 
| 159|0x00000000b2700000, 0x00000000b2800000, 0x00000000b2800000|100%| O|  |TAMS 0x00000000b2700000, 0x00000000b2800000| Untracked 
| 160|0x00000000b2800000, 0x00000000b2900000, 0x00000000b2900000|100%| O|  |TAMS 0x00000000b2800000, 0x00000000b2900000| Untracked 
| 161|0x00000000b2900000, 0x00000000b2a00000, 0x00000000b2a00000|100%| O|  |TAMS 0x00000000b2900000, 0x00000000b2a00000| Untracked 
| 162|0x00000000b2a00000, 0x00000000b2b00000, 0x00000000b2b00000|100%| O|  |TAMS 0x00000000b2a00000, 0x00000000b2b00000| Untracked 
| 163|0x00000000b2b00000, 0x00000000b2c00000, 0x00000000b2c00000|100%| O|  |TAMS 0x00000000b2b00000, 0x00000000b2c00000| Untracked 
| 164|0x00000000b2c00000, 0x00000000b2d00000, 0x00000000b2d00000|100%| O|  |TAMS 0x00000000b2c00000, 0x00000000b2d00000| Untracked 
| 165|0x00000000b2d00000, 0x00000000b2e00000, 0x00000000b2e00000|100%| O|  |TAMS 0x00000000b2d00000, 0x00000000b2e00000| Untracked 
| 166|0x00000000b2e00000, 0x00000000b2f00000, 0x00000000b2f00000|100%| O|  |TAMS 0x00000000b2e00000, 0x00000000b2f00000| Untracked 
| 167|0x00000000b2f00000, 0x00000000b3000000, 0x00000000b3000000|100%| O|  |TAMS 0x00000000b2f00000, 0x00000000b3000000| Untracked 
| 168|0x00000000b3000000, 0x00000000b3100000, 0x00000000b3100000|100%| O|  |TAMS 0x00000000b3000000, 0x00000000b3100000| Untracked 
| 169|0x00000000b3100000, 0x00000000b3200000, 0x00000000b3200000|100%| O|  |TAMS 0x00000000b3100000, 0x00000000b3200000| Untracked 
| 170|0x00000000b3200000, 0x00000000b3300000, 0x00000000b3300000|100%| O|  |TAMS 0x00000000b3200000, 0x00000000b3300000| Untracked 
| 171|0x00000000b3300000, 0x00000000b3400000, 0x00000000b3400000|100%| O|  |TAMS 0x00000000b3300000, 0x00000000b3300000| Untracked 
| 172|0x00000000b3400000, 0x00000000b3500000, 0x00000000b3500000|100%| O|  |TAMS 0x00000000b3400000, 0x00000000b3400000| Untracked 
| 173|0x00000000b3500000, 0x00000000b3600000, 0x00000000b3600000|100%| O|  |TAMS 0x00000000b3500000, 0x00000000b3600000| Untracked 
| 174|0x00000000b3600000, 0x00000000b3700000, 0x00000000b3700000|100%| O|  |TAMS 0x00000000b3600000, 0x00000000b3700000| Untracked 
| 175|0x00000000b3700000, 0x00000000b3800000, 0x00000000b3800000|100%| O|  |TAMS 0x00000000b3700000, 0x00000000b3800000| Untracked 
| 176|0x00000000b3800000, 0x00000000b3900000, 0x00000000b3900000|100%| O|  |TAMS 0x00000000b3800000, 0x00000000b3900000| Untracked 
| 177|0x00000000b3900000, 0x00000000b3a00000, 0x00000000b3a00000|100%| O|  |TAMS 0x00000000b3900000, 0x00000000b3a00000| Untracked 
| 178|0x00000000b3a00000, 0x00000000b3b00000, 0x00000000b3b00000|100%| O|  |TAMS 0x00000000b3a00000, 0x00000000b3b00000| Untracked 
| 179|0x00000000b3b00000, 0x00000000b3c00000, 0x00000000b3c00000|100%| O|  |TAMS 0x00000000b3b00000, 0x00000000b3c00000| Untracked 
| 180|0x00000000b3c00000, 0x00000000b3d00000, 0x00000000b3d00000|100%| O|  |TAMS 0x00000000b3c00000, 0x00000000b3d00000| Untracked 
| 181|0x00000000b3d00000, 0x00000000b3e00000, 0x00000000b3e00000|100%| O|  |TAMS 0x00000000b3d00000, 0x00000000b3e00000| Untracked 
| 182|0x00000000b3e00000, 0x00000000b3f00000, 0x00000000b3f00000|100%| O|  |TAMS 0x00000000b3e00000, 0x00000000b3f00000| Untracked 
| 183|0x00000000b3f00000, 0x00000000b4000000, 0x00000000b4000000|100%|HS|  |TAMS 0x00000000b3f00000, 0x00000000b4000000| Complete 
| 184|0x00000000b4000000, 0x00000000b4100000, 0x00000000b4100000|100%|HS|  |TAMS 0x00000000b4000000, 0x00000000b4100000| Complete 
| 185|0x00000000b4100000, 0x00000000b4200000, 0x00000000b4200000|100%|HS|  |TAMS 0x00000000b4100000, 0x00000000b4200000| Complete 
| 186|0x00000000b4200000, 0x00000000b4300000, 0x00000000b4300000|100%| O|  |TAMS 0x00000000b4200000, 0x00000000b4300000| Untracked 
| 187|0x00000000b4300000, 0x00000000b4400000, 0x00000000b4400000|100%| O|  |TAMS 0x00000000b4300000, 0x00000000b4400000| Untracked 
| 188|0x00000000b4400000, 0x00000000b4500000, 0x00000000b4500000|100%| O|  |TAMS 0x00000000b4400000, 0x00000000b4500000| Untracked 
| 189|0x00000000b4500000, 0x00000000b4600000, 0x00000000b4600000|100%| O|  |TAMS 0x00000000b4500000, 0x00000000b4600000| Untracked 
| 190|0x00000000b4600000, 0x00000000b4700000, 0x00000000b4700000|100%| O|  |TAMS 0x00000000b4600000, 0x00000000b4700000| Untracked 
| 191|0x00000000b4700000, 0x00000000b4800000, 0x00000000b4800000|100%| O|  |TAMS 0x00000000b4700000, 0x00000000b4800000| Untracked 
| 192|0x00000000b4800000, 0x00000000b4900000, 0x00000000b4900000|100%| O|  |TAMS 0x00000000b4800000, 0x00000000b4900000| Untracked 
| 193|0x00000000b4900000, 0x00000000b4a00000, 0x00000000b4a00000|100%| O|  |TAMS 0x00000000b4900000, 0x00000000b4a00000| Untracked 
| 194|0x00000000b4a00000, 0x00000000b4b00000, 0x00000000b4b00000|100%| O|  |TAMS 0x00000000b4a00000, 0x00000000b4b00000| Untracked 
| 195|0x00000000b4b00000, 0x00000000b4c00000, 0x00000000b4c00000|100%| O|  |TAMS 0x00000000b4b00000, 0x00000000b4c00000| Untracked 
| 196|0x00000000b4c00000, 0x00000000b4d00000, 0x00000000b4d00000|100%| O|  |TAMS 0x00000000b4c00000, 0x00000000b4d00000| Untracked 
| 197|0x00000000b4d00000, 0x00000000b4e00000, 0x00000000b4e00000|100%| O|  |TAMS 0x00000000b4d00000, 0x00000000b4e00000| Untracked 
| 198|0x00000000b4e00000, 0x00000000b4f00000, 0x00000000b4f00000|100%| O|  |TAMS 0x00000000b4e00000, 0x00000000b4f00000| Untracked 
| 199|0x00000000b4f00000, 0x00000000b5000000, 0x00000000b5000000|100%| O|  |TAMS 0x00000000b4f00000, 0x00000000b5000000| Untracked 
| 200|0x00000000b5000000, 0x00000000b5100000, 0x00000000b5100000|100%| O|  |TAMS 0x00000000b5000000, 0x00000000b5100000| Untracked 
| 201|0x00000000b5100000, 0x00000000b5200000, 0x00000000b5200000|100%| O|  |TAMS 0x00000000b5100000, 0x00000000b5200000| Untracked 
| 202|0x00000000b5200000, 0x00000000b5300000, 0x00000000b5300000|100%| O|  |TAMS 0x00000000b5200000, 0x00000000b5300000| Untracked 
| 203|0x00000000b5300000, 0x00000000b5400000, 0x00000000b5400000|100%| O|  |TAMS 0x00000000b5300000, 0x00000000b5400000| Untracked 
| 204|0x00000000b5400000, 0x00000000b5500000, 0x00000000b5500000|100%| O|  |TAMS 0x00000000b5400000, 0x00000000b5500000| Untracked 
| 205|0x00000000b5500000, 0x00000000b5600000, 0x00000000b5600000|100%| O|  |TAMS 0x00000000b5500000, 0x00000000b5600000| Untracked 
| 206|0x00000000b5600000, 0x00000000b5700000, 0x00000000b5700000|100%| O|  |TAMS 0x00000000b5600000, 0x00000000b5700000| Untracked 
| 207|0x00000000b5700000, 0x00000000b5800000, 0x00000000b5800000|100%| O|  |TAMS 0x00000000b5700000, 0x00000000b5800000| Untracked 
| 208|0x00000000b5800000, 0x00000000b5900000, 0x00000000b5900000|100%| O|  |TAMS 0x00000000b5800000, 0x00000000b5900000| Untracked 
| 209|0x00000000b5900000, 0x00000000b5a00000, 0x00000000b5a00000|100%| O|  |TAMS 0x00000000b5900000, 0x00000000b5a00000| Untracked 
| 210|0x00000000b5a00000, 0x00000000b5b00000, 0x00000000b5b00000|100%| O|  |TAMS 0x00000000b5a00000, 0x00000000b5b00000| Untracked 
| 211|0x00000000b5b00000, 0x00000000b5c00000, 0x00000000b5c00000|100%| O|  |TAMS 0x00000000b5b00000, 0x00000000b5c00000| Untracked 
| 212|0x00000000b5c00000, 0x00000000b5d00000, 0x00000000b5d00000|100%| O|  |TAMS 0x00000000b5c00000, 0x00000000b5d00000| Untracked 
| 213|0x00000000b5d00000, 0x00000000b5e00000, 0x00000000b5e00000|100%| O|  |TAMS 0x00000000b5d00000, 0x00000000b5e00000| Untracked 
| 214|0x00000000b5e00000, 0x00000000b5f00000, 0x00000000b5f00000|100%| O|  |TAMS 0x00000000b5e00000, 0x00000000b5f00000| Untracked 
| 215|0x00000000b5f00000, 0x00000000b6000000, 0x00000000b6000000|100%| O|  |TAMS 0x00000000b5f00000, 0x00000000b6000000| Untracked 
| 216|0x00000000b6000000, 0x00000000b6100000, 0x00000000b6100000|100%| O|  |TAMS 0x00000000b6000000, 0x00000000b6100000| Untracked 
| 217|0x00000000b6100000, 0x00000000b6200000, 0x00000000b6200000|100%| O|  |TAMS 0x00000000b6100000, 0x00000000b6200000| Untracked 
| 218|0x00000000b6200000, 0x00000000b6300000, 0x00000000b6300000|100%| O|  |TAMS 0x00000000b6200000, 0x00000000b6300000| Untracked 
| 219|0x00000000b6300000, 0x00000000b6400000, 0x00000000b6400000|100%| O|  |TAMS 0x00000000b6300000, 0x00000000b6400000| Untracked 
| 220|0x00000000b6400000, 0x00000000b6500000, 0x00000000b6500000|100%| O|  |TAMS 0x00000000b6400000, 0x00000000b6500000| Untracked 
| 221|0x00000000b6500000, 0x00000000b6600000, 0x00000000b6600000|100%| O|  |TAMS 0x00000000b6500000, 0x00000000b6600000| Untracked 
| 222|0x00000000b6600000, 0x00000000b6700000, 0x00000000b6700000|100%| O|  |TAMS 0x00000000b6600000, 0x00000000b6700000| Untracked 
| 223|0x00000000b6700000, 0x00000000b6800000, 0x00000000b6800000|100%| O|  |TAMS 0x00000000b6700000, 0x00000000b6800000| Untracked 
| 224|0x00000000b6800000, 0x00000000b6900000, 0x00000000b6900000|100%| O|  |TAMS 0x00000000b6800000, 0x00000000b6900000| Untracked 
| 225|0x00000000b6900000, 0x00000000b6a00000, 0x00000000b6a00000|100%| O|  |TAMS 0x00000000b6900000, 0x00000000b6a00000| Untracked 
| 226|0x00000000b6a00000, 0x00000000b6b00000, 0x00000000b6b00000|100%| O|  |TAMS 0x00000000b6a00000, 0x00000000b6b00000| Untracked 
| 227|0x00000000b6b00000, 0x00000000b6c00000, 0x00000000b6c00000|100%| O|  |TAMS 0x00000000b6b00000, 0x00000000b6c00000| Untracked 
| 228|0x00000000b6c00000, 0x00000000b6d00000, 0x00000000b6d00000|100%| O|  |TAMS 0x00000000b6c00000, 0x00000000b6d00000| Untracked 
| 229|0x00000000b6d00000, 0x00000000b6e00000, 0x00000000b6e00000|100%| O|  |TAMS 0x00000000b6d00000, 0x00000000b6e00000| Untracked 
| 230|0x00000000b6e00000, 0x00000000b6f00000, 0x00000000b6f00000|100%| O|  |TAMS 0x00000000b6e00000, 0x00000000b6f00000| Untracked 
| 231|0x00000000b6f00000, 0x00000000b7000000, 0x00000000b7000000|100%| O|  |TAMS 0x00000000b6f00000, 0x00000000b7000000| Untracked 
| 232|0x00000000b7000000, 0x00000000b7100000, 0x00000000b7100000|100%| O|  |TAMS 0x00000000b7000000, 0x00000000b7100000| Untracked 
| 233|0x00000000b7100000, 0x00000000b7200000, 0x00000000b7200000|100%| O|  |TAMS 0x00000000b7100000, 0x00000000b7200000| Untracked 
| 234|0x00000000b7200000, 0x00000000b7300000, 0x00000000b7300000|100%| O|  |TAMS 0x00000000b7200000, 0x00000000b7300000| Untracked 
| 235|0x00000000b7300000, 0x00000000b7400000, 0x00000000b7400000|100%| O|  |TAMS 0x00000000b7300000, 0x00000000b7400000| Untracked 
| 236|0x00000000b7400000, 0x00000000b7500000, 0x00000000b7500000|100%| O|  |TAMS 0x00000000b7400000, 0x00000000b7500000| Untracked 
| 237|0x00000000b7500000, 0x00000000b7600000, 0x00000000b7600000|100%| O|  |TAMS 0x00000000b7500000, 0x00000000b7600000| Untracked 
| 238|0x00000000b7600000, 0x00000000b7700000, 0x00000000b7700000|100%| O|  |TAMS 0x00000000b7600000, 0x00000000b7700000| Untracked 
| 239|0x00000000b7700000, 0x00000000b7800000, 0x00000000b7800000|100%| O|  |TAMS 0x00000000b7700000, 0x00000000b7800000| Untracked 
| 240|0x00000000b7800000, 0x00000000b7900000, 0x00000000b7900000|100%| O|  |TAMS 0x00000000b7800000, 0x00000000b7900000| Untracked 
| 241|0x00000000b7900000, 0x00000000b7a00000, 0x00000000b7a00000|100%| O|  |TAMS 0x00000000b7900000, 0x00000000b7a00000| Untracked 
| 242|0x00000000b7a00000, 0x00000000b7b00000, 0x00000000b7b00000|100%| O|  |TAMS 0x00000000b7a00000, 0x00000000b7b00000| Untracked 
| 243|0x00000000b7b00000, 0x00000000b7c00000, 0x00000000b7c00000|100%| O|  |TAMS 0x00000000b7b00000, 0x00000000b7c00000| Untracked 
| 244|0x00000000b7c00000, 0x00000000b7d00000, 0x00000000b7d00000|100%| O|  |TAMS 0x00000000b7c00000, 0x00000000b7d00000| Untracked 
| 245|0x00000000b7d00000, 0x00000000b7e00000, 0x00000000b7e00000|100%| O|  |TAMS 0x00000000b7d00000, 0x00000000b7e00000| Untracked 
| 246|0x00000000b7e00000, 0x00000000b7f00000, 0x00000000b7f00000|100%| O|  |TAMS 0x00000000b7e00000, 0x00000000b7f00000| Untracked 
| 247|0x00000000b7f00000, 0x00000000b8000000, 0x00000000b8000000|100%| O|  |TAMS 0x00000000b7f00000, 0x00000000b8000000| Untracked 
| 248|0x00000000b8000000, 0x00000000b8100000, 0x00000000b8100000|100%| O|  |TAMS 0x00000000b8000000, 0x00000000b8100000| Untracked 
| 249|0x00000000b8100000, 0x00000000b8200000, 0x00000000b8200000|100%| O|  |TAMS 0x00000000b8100000, 0x00000000b8200000| Untracked 
| 250|0x00000000b8200000, 0x00000000b8300000, 0x00000000b8300000|100%| O|  |TAMS 0x00000000b8200000, 0x00000000b8300000| Untracked 
| 251|0x00000000b8300000, 0x00000000b8400000, 0x00000000b8400000|100%| O|  |TAMS 0x00000000b8300000, 0x00000000b8400000| Untracked 
| 252|0x00000000b8400000, 0x00000000b8500000, 0x00000000b8500000|100%| O|  |TAMS 0x00000000b8400000, 0x00000000b8500000| Untracked 
| 253|0x00000000b8500000, 0x00000000b8600000, 0x00000000b8600000|100%| O|  |TAMS 0x00000000b8500000, 0x00000000b8600000| Untracked 
| 254|0x00000000b8600000, 0x00000000b8700000, 0x00000000b8700000|100%| O|  |TAMS 0x00000000b8600000, 0x00000000b8700000| Untracked 
| 255|0x00000000b8700000, 0x00000000b8800000, 0x00000000b8800000|100%| O|  |TAMS 0x00000000b8700000, 0x00000000b8800000| Untracked 
| 256|0x00000000b8800000, 0x00000000b8900000, 0x00000000b8900000|100%| O|  |TAMS 0x00000000b8800000, 0x00000000b8900000| Untracked 
| 257|0x00000000b8900000, 0x00000000b8a00000, 0x00000000b8a00000|100%| O|  |TAMS 0x00000000b8900000, 0x00000000b8a00000| Untracked 
| 258|0x00000000b8a00000, 0x00000000b8b00000, 0x00000000b8b00000|100%| O|  |TAMS 0x00000000b8a00000, 0x00000000b8b00000| Untracked 
| 259|0x00000000b8b00000, 0x00000000b8c00000, 0x00000000b8c00000|100%| O|  |TAMS 0x00000000b8b00000, 0x00000000b8c00000| Untracked 
| 260|0x00000000b8c00000, 0x00000000b8d00000, 0x00000000b8d00000|100%| O|  |TAMS 0x00000000b8c00000, 0x00000000b8d00000| Untracked 
| 261|0x00000000b8d00000, 0x00000000b8e00000, 0x00000000b8e00000|100%| O|  |TAMS 0x00000000b8d00000, 0x00000000b8e00000| Untracked 
| 262|0x00000000b8e00000, 0x00000000b8f00000, 0x00000000b8f00000|100%| O|  |TAMS 0x00000000b8e00000, 0x00000000b8f00000| Untracked 
| 263|0x00000000b8f00000, 0x00000000b9000000, 0x00000000b9000000|100%| O|  |TAMS 0x00000000b8f00000, 0x00000000b9000000| Untracked 
| 264|0x00000000b9000000, 0x00000000b9100000, 0x00000000b9100000|100%| O|  |TAMS 0x00000000b9000000, 0x00000000b9100000| Untracked 
| 265|0x00000000b9100000, 0x00000000b9200000, 0x00000000b9200000|100%| O|  |TAMS 0x00000000b9100000, 0x00000000b9200000| Untracked 
| 266|0x00000000b9200000, 0x00000000b9300000, 0x00000000b9300000|100%| O|  |TAMS 0x00000000b9200000, 0x00000000b9300000| Untracked 
| 267|0x00000000b9300000, 0x00000000b9400000, 0x00000000b9400000|100%| O|  |TAMS 0x00000000b9300000, 0x00000000b9400000| Untracked 
| 268|0x00000000b9400000, 0x00000000b9500000, 0x00000000b9500000|100%| O|  |TAMS 0x00000000b9400000, 0x00000000b9500000| Untracked 
| 269|0x00000000b9500000, 0x00000000b9600000, 0x00000000b9600000|100%| O|  |TAMS 0x00000000b9500000, 0x00000000b9600000| Untracked 
| 270|0x00000000b9600000, 0x00000000b9700000, 0x00000000b9700000|100%| O|  |TAMS 0x00000000b9600000, 0x00000000b9700000| Untracked 
| 271|0x00000000b9700000, 0x00000000b9800000, 0x00000000b9800000|100%| O|  |TAMS 0x00000000b9700000, 0x00000000b9800000| Untracked 
| 272|0x00000000b9800000, 0x00000000b9900000, 0x00000000b9900000|100%| O|  |TAMS 0x00000000b9800000, 0x00000000b9900000| Untracked 
| 273|0x00000000b9900000, 0x00000000b9a00000, 0x00000000b9a00000|100%| O|  |TAMS 0x00000000b9900000, 0x00000000b9a00000| Untracked 
| 274|0x00000000b9a00000, 0x00000000b9b00000, 0x00000000b9b00000|100%| O|  |TAMS 0x00000000b9a00000, 0x00000000b9b00000| Untracked 
| 275|0x00000000b9b00000, 0x00000000b9c00000, 0x00000000b9c00000|100%| O|  |TAMS 0x00000000b9b00000, 0x00000000b9c00000| Untracked 
| 276|0x00000000b9c00000, 0x00000000b9d00000, 0x00000000b9d00000|100%| O|  |TAMS 0x00000000b9c00000, 0x00000000b9d00000| Untracked 
| 277|0x00000000b9d00000, 0x00000000b9e00000, 0x00000000b9e00000|100%| O|  |TAMS 0x00000000b9d00000, 0x00000000b9e00000| Untracked 
| 278|0x00000000b9e00000, 0x00000000b9f00000, 0x00000000b9f00000|100%| O|  |TAMS 0x00000000b9e00000, 0x00000000b9f00000| Untracked 
| 279|0x00000000b9f00000, 0x00000000ba000000, 0x00000000ba000000|100%| O|  |TAMS 0x00000000b9f00000, 0x00000000b9f80000| Untracked 
| 280|0x00000000ba000000, 0x00000000ba100000, 0x00000000ba100000|100%| O|  |TAMS 0x00000000ba000000, 0x00000000ba000000| Untracked 
| 281|0x00000000ba100000, 0x00000000ba200000, 0x00000000ba200000|100%| O|  |TAMS 0x00000000ba100000, 0x00000000ba100000| Untracked 
| 282|0x00000000ba200000, 0x00000000ba300000, 0x00000000ba300000|100%| O|  |TAMS 0x00000000ba200000, 0x00000000ba200000| Untracked 
| 283|0x00000000ba300000, 0x00000000ba400000, 0x00000000ba400000|100%| O|  |TAMS 0x00000000ba300000, 0x00000000ba300000| Untracked 
| 284|0x00000000ba400000, 0x00000000ba500000, 0x00000000ba500000|100%| O|  |TAMS 0x00000000ba400000, 0x00000000ba400000| Untracked 
| 285|0x00000000ba500000, 0x00000000ba600000, 0x00000000ba600000|100%| O|  |TAMS 0x00000000ba500000, 0x00000000ba500000| Untracked 
| 286|0x00000000ba600000, 0x00000000ba700000, 0x00000000ba700000|100%| O|  |TAMS 0x00000000ba600000, 0x00000000ba600000| Untracked 
| 287|0x00000000ba700000, 0x00000000ba800000, 0x00000000ba800000|100%| O|  |TAMS 0x00000000ba700000, 0x00000000ba700000| Untracked 
| 288|0x00000000ba800000, 0x00000000ba900000, 0x00000000ba900000|100%| O|  |TAMS 0x00000000ba800000, 0x00000000ba800000| Untracked 
| 289|0x00000000ba900000, 0x00000000baa00000, 0x00000000baa00000|100%| O|  |TAMS 0x00000000ba900000, 0x00000000ba900000| Untracked 
| 290|0x00000000baa00000, 0x00000000bab00000, 0x00000000bab00000|100%| O|  |TAMS 0x00000000baa00000, 0x00000000baa00000| Untracked 
| 291|0x00000000bab00000, 0x00000000bac00000, 0x00000000bac00000|100%| O|  |TAMS 0x00000000bab00000, 0x00000000bab00000| Untracked 
| 292|0x00000000bac00000, 0x00000000bad00000, 0x00000000bad00000|100%| O|  |TAMS 0x00000000bac00000, 0x00000000bac00000| Untracked 
| 293|0x00000000bad00000, 0x00000000bae00000, 0x00000000bae00000|100%| O|  |TAMS 0x00000000bad00000, 0x00000000bad00000| Untracked 
| 294|0x00000000bae00000, 0x00000000baf00000, 0x00000000baf00000|100%| O|  |TAMS 0x00000000bae00000, 0x00000000bae00000| Untracked 
| 295|0x00000000baf00000, 0x00000000bb000000, 0x00000000bb000000|100%| O|  |TAMS 0x00000000baf00000, 0x00000000baf00000| Untracked 
| 296|0x00000000bb000000, 0x00000000bb100000, 0x00000000bb100000|100%| O|  |TAMS 0x00000000bb000000, 0x00000000bb000000| Untracked 
| 297|0x00000000bb100000, 0x00000000bb200000, 0x00000000bb200000|100%| O|  |TAMS 0x00000000bb100000, 0x00000000bb100000| Untracked 
| 298|0x00000000bb200000, 0x00000000bb300000, 0x00000000bb300000|100%| O|  |TAMS 0x00000000bb200000, 0x00000000bb200000| Untracked 
| 299|0x00000000bb300000, 0x00000000bb400000, 0x00000000bb400000|100%| O|  |TAMS 0x00000000bb300000, 0x00000000bb300000| Untracked 
| 300|0x00000000bb400000, 0x00000000bb500000, 0x00000000bb500000|100%| O|  |TAMS 0x00000000bb400000, 0x00000000bb400000| Untracked 
| 301|0x00000000bb500000, 0x00000000bb600000, 0x00000000bb600000|100%| O|  |TAMS 0x00000000bb500000, 0x00000000bb500000| Untracked 
| 302|0x00000000bb600000, 0x00000000bb700000, 0x00000000bb700000|100%| O|  |TAMS 0x00000000bb600000, 0x00000000bb600000| Untracked 
| 303|0x00000000bb700000, 0x00000000bb800000, 0x00000000bb800000|100%| O|  |TAMS 0x00000000bb700000, 0x00000000bb700000| Untracked 
| 304|0x00000000bb800000, 0x00000000bb900000, 0x00000000bb900000|100%| O|  |TAMS 0x00000000bb800000, 0x00000000bb800000| Untracked 
| 305|0x00000000bb900000, 0x00000000bba00000, 0x00000000bba00000|100%| O|  |TAMS 0x00000000bb900000, 0x00000000bb900000| Untracked 
| 306|0x00000000bba00000, 0x00000000bbb00000, 0x00000000bbb00000|100%| O|  |TAMS 0x00000000bba00000, 0x00000000bba00000| Untracked 
| 307|0x00000000bbb00000, 0x00000000bbc00000, 0x00000000bbc00000|100%| O|  |TAMS 0x00000000bbb00000, 0x00000000bbb00000| Untracked 
| 308|0x00000000bbc00000, 0x00000000bbd00000, 0x00000000bbd00000|100%| O|  |TAMS 0x00000000bbc00000, 0x00000000bbc00000| Untracked 
| 309|0x00000000bbd00000, 0x00000000bbe00000, 0x00000000bbe00000|100%| O|  |TAMS 0x00000000bbd00000, 0x00000000bbd00000| Untracked 
| 310|0x00000000bbe00000, 0x00000000bbf00000, 0x00000000bbf00000|100%| O|  |TAMS 0x00000000bbe00000, 0x00000000bbe00000| Untracked 
| 311|0x00000000bbf00000, 0x00000000bc000000, 0x00000000bc000000|100%| O|  |TAMS 0x00000000bbf00000, 0x00000000bbf00000| Untracked 
| 312|0x00000000bc000000, 0x00000000bc100000, 0x00000000bc100000|100%| O|  |TAMS 0x00000000bc000000, 0x00000000bc000000| Untracked 
| 313|0x00000000bc100000, 0x00000000bc200000, 0x00000000bc200000|100%| O|  |TAMS 0x00000000bc100000, 0x00000000bc100000| Untracked 
| 314|0x00000000bc200000, 0x00000000bc200000, 0x00000000bc300000|  0%| F|  |TAMS 0x00000000bc200000, 0x00000000bc200000| Untracked 
| 315|0x00000000bc300000, 0x00000000bc400000, 0x00000000bc400000|100%|HS|  |TAMS 0x00000000bc300000, 0x00000000bc300000| Complete 
| 316|0x00000000bc400000, 0x00000000bc500000, 0x00000000bc500000|100%| O|  |TAMS 0x00000000bc400000, 0x00000000bc400000| Untracked 
| 317|0x00000000bc500000, 0x00000000bc600000, 0x00000000bc600000|100%| O|  |TAMS 0x00000000bc500000, 0x00000000bc500000| Untracked 
| 318|0x00000000bc600000, 0x00000000bc700000, 0x00000000bc700000|100%| O|  |TAMS 0x00000000bc600000, 0x00000000bc600000| Untracked 
| 319|0x00000000bc700000, 0x00000000bc800000, 0x00000000bc800000|100%| O|  |TAMS 0x00000000bc700000, 0x00000000bc700000| Untracked 
| 320|0x00000000bc800000, 0x00000000bc900000, 0x00000000bc900000|100%| O|  |TAMS 0x00000000bc800000, 0x00000000bc800000| Untracked 
| 321|0x00000000bc900000, 0x00000000bca00000, 0x00000000bca00000|100%| O|  |TAMS 0x00000000bc900000, 0x00000000bc900000| Untracked 
| 322|0x00000000bca00000, 0x00000000bcb00000, 0x00000000bcb00000|100%| O|  |TAMS 0x00000000bca00000, 0x00000000bca00000| Untracked 
| 323|0x00000000bcb00000, 0x00000000bcc00000, 0x00000000bcc00000|100%| O|  |TAMS 0x00000000bcb00000, 0x00000000bcb00000| Untracked 
| 324|0x00000000bcc00000, 0x00000000bcd00000, 0x00000000bcd00000|100%| O|  |TAMS 0x00000000bcc00000, 0x00000000bcc00000| Untracked 
| 325|0x00000000bcd00000, 0x00000000bce00000, 0x00000000bce00000|100%| O|  |TAMS 0x00000000bcd00000, 0x00000000bcd00000| Untracked 
| 326|0x00000000bce00000, 0x00000000bcf00000, 0x00000000bcf00000|100%| O|  |TAMS 0x00000000bce00000, 0x00000000bce00000| Untracked 
| 327|0x00000000bcf00000, 0x00000000bd000000, 0x00000000bd000000|100%| O|  |TAMS 0x00000000bcf00000, 0x00000000bcf00000| Untracked 
| 328|0x00000000bd000000, 0x00000000bd100000, 0x00000000bd100000|100%| O|  |TAMS 0x00000000bd000000, 0x00000000bd000000| Untracked 
| 329|0x00000000bd100000, 0x00000000bd200000, 0x00000000bd200000|100%| O|  |TAMS 0x00000000bd100000, 0x00000000bd100000| Untracked 
| 330|0x00000000bd200000, 0x00000000bd280000, 0x00000000bd300000| 50%| O|  |TAMS 0x00000000bd200000, 0x00000000bd200000| Untracked 
| 331|0x00000000bd300000, 0x00000000bd300000, 0x00000000bd400000|  0%| F|  |TAMS 0x00000000bd300000, 0x00000000bd300000| Untracked 
| 332|0x00000000bd400000, 0x00000000bd400000, 0x00000000bd500000|  0%| F|  |TAMS 0x00000000bd400000, 0x00000000bd400000| Untracked 
| 333|0x00000000bd500000, 0x00000000bd500000, 0x00000000bd600000|  0%| F|  |TAMS 0x00000000bd500000, 0x00000000bd500000| Untracked 
| 334|0x00000000bd600000, 0x00000000bd600000, 0x00000000bd700000|  0%| F|  |TAMS 0x00000000bd600000, 0x00000000bd600000| Untracked 
| 335|0x00000000bd700000, 0x00000000bd700000, 0x00000000bd800000|  0%| F|  |TAMS 0x00000000bd700000, 0x00000000bd700000| Untracked 
| 336|0x00000000bd800000, 0x00000000bd800000, 0x00000000bd900000|  0%| F|  |TAMS 0x00000000bd800000, 0x00000000bd800000| Untracked 
| 337|0x00000000bd900000, 0x00000000bd900000, 0x00000000bda00000|  0%| F|  |TAMS 0x00000000bd900000, 0x00000000bd900000| Untracked 
| 338|0x00000000bda00000, 0x00000000bda00000, 0x00000000bdb00000|  0%| F|  |TAMS 0x00000000bda00000, 0x00000000bda00000| Untracked 
| 339|0x00000000bdb00000, 0x00000000bdb00000, 0x00000000bdc00000|  0%| F|  |TAMS 0x00000000bdb00000, 0x00000000bdb00000| Untracked 
| 340|0x00000000bdc00000, 0x00000000bdc00000, 0x00000000bdd00000|  0%| F|  |TAMS 0x00000000bdc00000, 0x00000000bdc00000| Untracked 
| 341|0x00000000bdd00000, 0x00000000bdd00000, 0x00000000bde00000|  0%| F|  |TAMS 0x00000000bdd00000, 0x00000000bdd00000| Untracked 
| 342|0x00000000bde00000, 0x00000000bde00000, 0x00000000bdf00000|  0%| F|  |TAMS 0x00000000bde00000, 0x00000000bde00000| Untracked 
| 343|0x00000000bdf00000, 0x00000000bdf00000, 0x00000000be000000|  0%| F|  |TAMS 0x00000000bdf00000, 0x00000000bdf00000| Untracked 
| 344|0x00000000be000000, 0x00000000be000000, 0x00000000be100000|  0%| F|  |TAMS 0x00000000be000000, 0x00000000be000000| Untracked 
| 345|0x00000000be100000, 0x00000000be100000, 0x00000000be200000|  0%| F|  |TAMS 0x00000000be100000, 0x00000000be100000| Untracked 
| 346|0x00000000be200000, 0x00000000be200000, 0x00000000be300000|  0%| F|  |TAMS 0x00000000be200000, 0x00000000be200000| Untracked 
| 347|0x00000000be300000, 0x00000000be300000, 0x00000000be400000|  0%| F|  |TAMS 0x00000000be300000, 0x00000000be300000| Untracked 
| 348|0x00000000be400000, 0x00000000be400000, 0x00000000be500000|  0%| F|  |TAMS 0x00000000be400000, 0x00000000be400000| Untracked 
| 349|0x00000000be500000, 0x00000000be500000, 0x00000000be600000|  0%| F|  |TAMS 0x00000000be500000, 0x00000000be500000| Untracked 
| 350|0x00000000be600000, 0x00000000be600000, 0x00000000be700000|  0%| F|  |TAMS 0x00000000be600000, 0x00000000be600000| Untracked 
| 351|0x00000000be700000, 0x00000000be700000, 0x00000000be800000|  0%| F|  |TAMS 0x00000000be700000, 0x00000000be700000| Untracked 
| 352|0x00000000be800000, 0x00000000be800000, 0x00000000be900000|  0%| F|  |TAMS 0x00000000be800000, 0x00000000be800000| Untracked 
| 353|0x00000000be900000, 0x00000000be900000, 0x00000000bea00000|  0%| F|  |TAMS 0x00000000be900000, 0x00000000be900000| Untracked 
| 354|0x00000000bea00000, 0x00000000bea00000, 0x00000000beb00000|  0%| F|  |TAMS 0x00000000bea00000, 0x00000000bea00000| Untracked 
| 355|0x00000000beb00000, 0x00000000beb00000, 0x00000000bec00000|  0%| F|  |TAMS 0x00000000beb00000, 0x00000000beb00000| Untracked 
| 356|0x00000000bec00000, 0x00000000bec00000, 0x00000000bed00000|  0%| F|  |TAMS 0x00000000bec00000, 0x00000000bec00000| Untracked 
| 357|0x00000000bed00000, 0x00000000bed00000, 0x00000000bee00000|  0%| F|  |TAMS 0x00000000bed00000, 0x00000000bed00000| Untracked 
| 358|0x00000000bee00000, 0x00000000bee00000, 0x00000000bef00000|  0%| F|  |TAMS 0x00000000bee00000, 0x00000000bee00000| Untracked 
| 359|0x00000000bef00000, 0x00000000bef00000, 0x00000000bf000000|  0%| F|  |TAMS 0x00000000bef00000, 0x00000000bef00000| Untracked 
| 360|0x00000000bf000000, 0x00000000bf000000, 0x00000000bf100000|  0%| F|  |TAMS 0x00000000bf000000, 0x00000000bf000000| Untracked 
| 361|0x00000000bf100000, 0x00000000bf100000, 0x00000000bf200000|  0%| F|  |TAMS 0x00000000bf100000, 0x00000000bf100000| Untracked 
| 362|0x00000000bf200000, 0x00000000bf200000, 0x00000000bf300000|  0%| F|  |TAMS 0x00000000bf200000, 0x00000000bf200000| Untracked 
| 363|0x00000000bf300000, 0x00000000bf300000, 0x00000000bf400000|  0%| F|  |TAMS 0x00000000bf300000, 0x00000000bf300000| Untracked 
| 364|0x00000000bf400000, 0x00000000bf400000, 0x00000000bf500000|  0%| F|  |TAMS 0x00000000bf400000, 0x00000000bf400000| Untracked 
| 365|0x00000000bf500000, 0x00000000bf500000, 0x00000000bf600000|  0%| F|  |TAMS 0x00000000bf500000, 0x00000000bf500000| Untracked 
| 366|0x00000000bf600000, 0x00000000bf600000, 0x00000000bf700000|  0%| F|  |TAMS 0x00000000bf600000, 0x00000000bf600000| Untracked 
| 367|0x00000000bf700000, 0x00000000bf700000, 0x00000000bf800000|  0%| F|  |TAMS 0x00000000bf700000, 0x00000000bf700000| Untracked 
| 368|0x00000000bf800000, 0x00000000bf800000, 0x00000000bf900000|  0%| F|  |TAMS 0x00000000bf800000, 0x00000000bf800000| Untracked 
| 369|0x00000000bf900000, 0x00000000bf900000, 0x00000000bfa00000|  0%| F|  |TAMS 0x00000000bf900000, 0x00000000bf900000| Untracked 
| 370|0x00000000bfa00000, 0x00000000bfa00000, 0x00000000bfb00000|  0%| F|  |TAMS 0x00000000bfa00000, 0x00000000bfa00000| Untracked 
| 371|0x00000000bfb00000, 0x00000000bfb00000, 0x00000000bfc00000|  0%| F|  |TAMS 0x00000000bfb00000, 0x00000000bfb00000| Untracked 
| 372|0x00000000bfc00000, 0x00000000bfc00000, 0x00000000bfd00000|  0%| F|  |TAMS 0x00000000bfc00000, 0x00000000bfc00000| Untracked 
| 373|0x00000000bfd00000, 0x00000000bfd00000, 0x00000000bfe00000|  0%| F|  |TAMS 0x00000000bfd00000, 0x00000000bfd00000| Untracked 
| 374|0x00000000bfe00000, 0x00000000bfe00000, 0x00000000bff00000|  0%| F|  |TAMS 0x00000000bfe00000, 0x00000000bfe00000| Untracked 
| 375|0x00000000bff00000, 0x00000000bff00000, 0x00000000c0000000|  0%| F|  |TAMS 0x00000000bff00000, 0x00000000bff00000| Untracked 
| 376|0x00000000c0000000, 0x00000000c0000000, 0x00000000c0100000|  0%| F|  |TAMS 0x00000000c0000000, 0x00000000c0000000| Untracked 
| 377|0x00000000c0100000, 0x00000000c0100000, 0x00000000c0200000|  0%| F|  |TAMS 0x00000000c0100000, 0x00000000c0100000| Untracked 
| 378|0x00000000c0200000, 0x00000000c0200000, 0x00000000c0300000|  0%| F|  |TAMS 0x00000000c0200000, 0x00000000c0200000| Untracked 
| 379|0x00000000c0300000, 0x00000000c0300000, 0x00000000c0400000|  0%| F|  |TAMS 0x00000000c0300000, 0x00000000c0300000| Untracked 
| 380|0x00000000c0400000, 0x00000000c0400000, 0x00000000c0500000|  0%| F|  |TAMS 0x00000000c0400000, 0x00000000c0400000| Untracked 
| 381|0x00000000c0500000, 0x00000000c0500000, 0x00000000c0600000|  0%| F|  |TAMS 0x00000000c0500000, 0x00000000c0500000| Untracked 
| 382|0x00000000c0600000, 0x00000000c0600000, 0x00000000c0700000|  0%| F|  |TAMS 0x00000000c0600000, 0x00000000c0600000| Untracked 
| 383|0x00000000c0700000, 0x00000000c0700000, 0x00000000c0800000|  0%| F|  |TAMS 0x00000000c0700000, 0x00000000c0700000| Untracked 
| 384|0x00000000c0800000, 0x00000000c0800000, 0x00000000c0900000|  0%| F|  |TAMS 0x00000000c0800000, 0x00000000c0800000| Untracked 
| 385|0x00000000c0900000, 0x00000000c0900000, 0x00000000c0a00000|  0%| F|  |TAMS 0x00000000c0900000, 0x00000000c0900000| Untracked 
| 386|0x00000000c0a00000, 0x00000000c0a00000, 0x00000000c0b00000|  0%| F|  |TAMS 0x00000000c0a00000, 0x00000000c0a00000| Untracked 
| 387|0x00000000c0b00000, 0x00000000c0b00000, 0x00000000c0c00000|  0%| F|  |TAMS 0x00000000c0b00000, 0x00000000c0b00000| Untracked 
| 388|0x00000000c0c00000, 0x00000000c0c00000, 0x00000000c0d00000|  0%| F|  |TAMS 0x00000000c0c00000, 0x00000000c0c00000| Untracked 
| 389|0x00000000c0d00000, 0x00000000c0d00000, 0x00000000c0e00000|  0%| F|  |TAMS 0x00000000c0d00000, 0x00000000c0d00000| Untracked 
| 390|0x00000000c0e00000, 0x00000000c0e00000, 0x00000000c0f00000|  0%| F|  |TAMS 0x00000000c0e00000, 0x00000000c0e00000| Untracked 
| 391|0x00000000c0f00000, 0x00000000c0f00000, 0x00000000c1000000|  0%| F|  |TAMS 0x00000000c0f00000, 0x00000000c0f00000| Untracked 
| 392|0x00000000c1000000, 0x00000000c1000000, 0x00000000c1100000|  0%| F|  |TAMS 0x00000000c1000000, 0x00000000c1000000| Untracked 
| 393|0x00000000c1100000, 0x00000000c1100000, 0x00000000c1200000|  0%| F|  |TAMS 0x00000000c1100000, 0x00000000c1100000| Untracked 
| 394|0x00000000c1200000, 0x00000000c1200000, 0x00000000c1300000|  0%| F|  |TAMS 0x00000000c1200000, 0x00000000c1200000| Untracked 
| 395|0x00000000c1300000, 0x00000000c1300000, 0x00000000c1400000|  0%| F|  |TAMS 0x00000000c1300000, 0x00000000c1300000| Untracked 
| 396|0x00000000c1400000, 0x00000000c1400000, 0x00000000c1500000|  0%| F|  |TAMS 0x00000000c1400000, 0x00000000c1400000| Untracked 
| 397|0x00000000c1500000, 0x00000000c1500000, 0x00000000c1600000|  0%| F|  |TAMS 0x00000000c1500000, 0x00000000c1500000| Untracked 
| 398|0x00000000c1600000, 0x00000000c1600000, 0x00000000c1700000|  0%| F|  |TAMS 0x00000000c1600000, 0x00000000c1600000| Untracked 
| 399|0x00000000c1700000, 0x00000000c1700000, 0x00000000c1800000|  0%| F|  |TAMS 0x00000000c1700000, 0x00000000c1700000| Untracked 
| 400|0x00000000c1800000, 0x00000000c1800000, 0x00000000c1900000|  0%| F|  |TAMS 0x00000000c1800000, 0x00000000c1800000| Untracked 
| 401|0x00000000c1900000, 0x00000000c1900000, 0x00000000c1a00000|  0%| F|  |TAMS 0x00000000c1900000, 0x00000000c1900000| Untracked 
| 402|0x00000000c1a00000, 0x00000000c1a00000, 0x00000000c1b00000|  0%| F|  |TAMS 0x00000000c1a00000, 0x00000000c1a00000| Untracked 
| 403|0x00000000c1b00000, 0x00000000c1b00000, 0x00000000c1c00000|  0%| F|  |TAMS 0x00000000c1b00000, 0x00000000c1b00000| Untracked 
| 404|0x00000000c1c00000, 0x00000000c1c00000, 0x00000000c1d00000|  0%| F|  |TAMS 0x00000000c1c00000, 0x00000000c1c00000| Untracked 
| 405|0x00000000c1d00000, 0x00000000c1d00000, 0x00000000c1e00000|  0%| F|  |TAMS 0x00000000c1d00000, 0x00000000c1d00000| Untracked 
| 406|0x00000000c1e00000, 0x00000000c1e00000, 0x00000000c1f00000|  0%| F|  |TAMS 0x00000000c1e00000, 0x00000000c1e00000| Untracked 
| 407|0x00000000c1f00000, 0x00000000c1f00000, 0x00000000c2000000|  0%| F|  |TAMS 0x00000000c1f00000, 0x00000000c1f00000| Untracked 
| 408|0x00000000c2000000, 0x00000000c2000000, 0x00000000c2100000|  0%| F|  |TAMS 0x00000000c2000000, 0x00000000c2000000| Untracked 
| 409|0x00000000c2100000, 0x00000000c2100000, 0x00000000c2200000|  0%| F|  |TAMS 0x00000000c2100000, 0x00000000c2100000| Untracked 
| 410|0x00000000c2200000, 0x00000000c2300000, 0x00000000c2300000|100%| S|CS|TAMS 0x00000000c2200000, 0x00000000c2200000| Complete 
| 411|0x00000000c2300000, 0x00000000c2400000, 0x00000000c2400000|100%| S|CS|TAMS 0x00000000c2300000, 0x00000000c2300000| Complete 
| 412|0x00000000c2400000, 0x00000000c2500000, 0x00000000c2500000|100%| S|CS|TAMS 0x00000000c2400000, 0x00000000c2400000| Complete 
| 413|0x00000000c2500000, 0x00000000c2600000, 0x00000000c2600000|100%| S|CS|TAMS 0x00000000c2500000, 0x00000000c2500000| Complete 
| 414|0x00000000c2600000, 0x00000000c2700000, 0x00000000c2700000|100%| S|CS|TAMS 0x00000000c2600000, 0x00000000c2600000| Complete 
| 415|0x00000000c2700000, 0x00000000c2800000, 0x00000000c2800000|100%| S|CS|TAMS 0x00000000c2700000, 0x00000000c2700000| Complete 
| 416|0x00000000c2800000, 0x00000000c2900000, 0x00000000c2900000|100%| S|CS|TAMS 0x00000000c2800000, 0x00000000c2800000| Complete 
| 417|0x00000000c2900000, 0x00000000c2a00000, 0x00000000c2a00000|100%| S|CS|TAMS 0x00000000c2900000, 0x00000000c2900000| Complete 
| 418|0x00000000c2a00000, 0x00000000c2b00000, 0x00000000c2b00000|100%| S|CS|TAMS 0x00000000c2a00000, 0x00000000c2a00000| Complete 
| 419|0x00000000c2b00000, 0x00000000c2b00000, 0x00000000c2c00000|  0%| F|  |TAMS 0x00000000c2b00000, 0x00000000c2b00000| Untracked 
| 420|0x00000000c2c00000, 0x00000000c2c00000, 0x00000000c2d00000|  0%| F|  |TAMS 0x00000000c2c00000, 0x00000000c2c00000| Untracked 
| 421|0x00000000c2d00000, 0x00000000c2d00000, 0x00000000c2e00000|  0%| F|  |TAMS 0x00000000c2d00000, 0x00000000c2d00000| Untracked 
| 422|0x00000000c2e00000, 0x00000000c2e00000, 0x00000000c2f00000|  0%| F|  |TAMS 0x00000000c2e00000, 0x00000000c2e00000| Untracked 
| 423|0x00000000c2f00000, 0x00000000c2f00000, 0x00000000c3000000|  0%| F|  |TAMS 0x00000000c2f00000, 0x00000000c2f00000| Untracked 
| 424|0x00000000c3000000, 0x00000000c3000000, 0x00000000c3100000|  0%| F|  |TAMS 0x00000000c3000000, 0x00000000c3000000| Untracked 
| 425|0x00000000c3100000, 0x00000000c3100000, 0x00000000c3200000|  0%| F|  |TAMS 0x00000000c3100000, 0x00000000c3100000| Untracked 
| 426|0x00000000c3200000, 0x00000000c3200000, 0x00000000c3300000|  0%| F|  |TAMS 0x00000000c3200000, 0x00000000c3200000| Untracked 
| 427|0x00000000c3300000, 0x00000000c3300000, 0x00000000c3400000|  0%| F|  |TAMS 0x00000000c3300000, 0x00000000c3300000| Untracked 
| 428|0x00000000c3400000, 0x00000000c3400000, 0x00000000c3500000|  0%| F|  |TAMS 0x00000000c3400000, 0x00000000c3400000| Untracked 
| 429|0x00000000c3500000, 0x00000000c3500000, 0x00000000c3600000|  0%| F|  |TAMS 0x00000000c3500000, 0x00000000c3500000| Untracked 
| 430|0x00000000c3600000, 0x00000000c3600000, 0x00000000c3700000|  0%| F|  |TAMS 0x00000000c3600000, 0x00000000c3600000| Untracked 
| 431|0x00000000c3700000, 0x00000000c3700000, 0x00000000c3800000|  0%| F|  |TAMS 0x00000000c3700000, 0x00000000c3700000| Untracked 
| 432|0x00000000c3800000, 0x00000000c3800000, 0x00000000c3900000|  0%| F|  |TAMS 0x00000000c3800000, 0x00000000c3800000| Untracked 
| 433|0x00000000c3900000, 0x00000000c3900000, 0x00000000c3a00000|  0%| F|  |TAMS 0x00000000c3900000, 0x00000000c3900000| Untracked 
| 434|0x00000000c3a00000, 0x00000000c3a00000, 0x00000000c3b00000|  0%| F|  |TAMS 0x00000000c3a00000, 0x00000000c3a00000| Untracked 
| 435|0x00000000c3b00000, 0x00000000c3b00000, 0x00000000c3c00000|  0%| F|  |TAMS 0x00000000c3b00000, 0x00000000c3b00000| Untracked 
| 436|0x00000000c3c00000, 0x00000000c3c00000, 0x00000000c3d00000|  0%| F|  |TAMS 0x00000000c3c00000, 0x00000000c3c00000| Untracked 
| 437|0x00000000c3d00000, 0x00000000c3d00000, 0x00000000c3e00000|  0%| F|  |TAMS 0x00000000c3d00000, 0x00000000c3d00000| Untracked 
| 438|0x00000000c3e00000, 0x00000000c3e00000, 0x00000000c3f00000|  0%| F|  |TAMS 0x00000000c3e00000, 0x00000000c3e00000| Untracked 
| 439|0x00000000c3f00000, 0x00000000c3f00000, 0x00000000c4000000|  0%| F|  |TAMS 0x00000000c3f00000, 0x00000000c3f00000| Untracked 
| 440|0x00000000c4000000, 0x00000000c4000000, 0x00000000c4100000|  0%| F|  |TAMS 0x00000000c4000000, 0x00000000c4000000| Untracked 
| 441|0x00000000c4100000, 0x00000000c4100000, 0x00000000c4200000|  0%| F|  |TAMS 0x00000000c4100000, 0x00000000c4100000| Untracked 
| 442|0x00000000c4200000, 0x00000000c4200000, 0x00000000c4300000|  0%| F|  |TAMS 0x00000000c4200000, 0x00000000c4200000| Untracked 
| 443|0x00000000c4300000, 0x00000000c4300000, 0x00000000c4400000|  0%| F|  |TAMS 0x00000000c4300000, 0x00000000c4300000| Untracked 
| 444|0x00000000c4400000, 0x00000000c4400000, 0x00000000c4500000|  0%| F|  |TAMS 0x00000000c4400000, 0x00000000c4400000| Untracked 
| 445|0x00000000c4500000, 0x00000000c4500000, 0x00000000c4600000|  0%| F|  |TAMS 0x00000000c4500000, 0x00000000c4500000| Untracked 
| 446|0x00000000c4600000, 0x00000000c4600000, 0x00000000c4700000|  0%| F|  |TAMS 0x00000000c4600000, 0x00000000c4600000| Untracked 
| 447|0x00000000c4700000, 0x00000000c4700000, 0x00000000c4800000|  0%| F|  |TAMS 0x00000000c4700000, 0x00000000c4700000| Untracked 
| 448|0x00000000c4800000, 0x00000000c4800000, 0x00000000c4900000|  0%| F|  |TAMS 0x00000000c4800000, 0x00000000c4800000| Untracked 
| 449|0x00000000c4900000, 0x00000000c4900000, 0x00000000c4a00000|  0%| F|  |TAMS 0x00000000c4900000, 0x00000000c4900000| Untracked 
| 450|0x00000000c4a00000, 0x00000000c4a00000, 0x00000000c4b00000|  0%| F|  |TAMS 0x00000000c4a00000, 0x00000000c4a00000| Untracked 
| 451|0x00000000c4b00000, 0x00000000c4b00000, 0x00000000c4c00000|  0%| F|  |TAMS 0x00000000c4b00000, 0x00000000c4b00000| Untracked 
| 452|0x00000000c4c00000, 0x00000000c4c00000, 0x00000000c4d00000|  0%| F|  |TAMS 0x00000000c4c00000, 0x00000000c4c00000| Untracked 
| 453|0x00000000c4d00000, 0x00000000c4d00000, 0x00000000c4e00000|  0%| F|  |TAMS 0x00000000c4d00000, 0x00000000c4d00000| Untracked 
| 454|0x00000000c4e00000, 0x00000000c4e00000, 0x00000000c4f00000|  0%| F|  |TAMS 0x00000000c4e00000, 0x00000000c4e00000| Untracked 
| 455|0x00000000c4f00000, 0x00000000c4f00000, 0x00000000c5000000|  0%| F|  |TAMS 0x00000000c4f00000, 0x00000000c4f00000| Untracked 
| 456|0x00000000c5000000, 0x00000000c5000000, 0x00000000c5100000|  0%| F|  |TAMS 0x00000000c5000000, 0x00000000c5000000| Untracked 
| 457|0x00000000c5100000, 0x00000000c5100000, 0x00000000c5200000|  0%| F|  |TAMS 0x00000000c5100000, 0x00000000c5100000| Untracked 
| 458|0x00000000c5200000, 0x00000000c5200000, 0x00000000c5300000|  0%| F|  |TAMS 0x00000000c5200000, 0x00000000c5200000| Untracked 
| 459|0x00000000c5300000, 0x00000000c5300000, 0x00000000c5400000|  0%| F|  |TAMS 0x00000000c5300000, 0x00000000c5300000| Untracked 
| 460|0x00000000c5400000, 0x00000000c5400000, 0x00000000c5500000|  0%| F|  |TAMS 0x00000000c5400000, 0x00000000c5400000| Untracked 
| 461|0x00000000c5500000, 0x00000000c5500000, 0x00000000c5600000|  0%| F|  |TAMS 0x00000000c5500000, 0x00000000c5500000| Untracked 
| 462|0x00000000c5600000, 0x00000000c5600000, 0x00000000c5700000|  0%| F|  |TAMS 0x00000000c5600000, 0x00000000c5600000| Untracked 
| 463|0x00000000c5700000, 0x00000000c5700000, 0x00000000c5800000|  0%| F|  |TAMS 0x00000000c5700000, 0x00000000c5700000| Untracked 
| 464|0x00000000c5800000, 0x00000000c5800000, 0x00000000c5900000|  0%| F|  |TAMS 0x00000000c5800000, 0x00000000c5800000| Untracked 
| 465|0x00000000c5900000, 0x00000000c5900000, 0x00000000c5a00000|  0%| F|  |TAMS 0x00000000c5900000, 0x00000000c5900000| Untracked 
| 466|0x00000000c5a00000, 0x00000000c5a00000, 0x00000000c5b00000|  0%| F|  |TAMS 0x00000000c5a00000, 0x00000000c5a00000| Untracked 
| 467|0x00000000c5b00000, 0x00000000c5b00000, 0x00000000c5c00000|  0%| F|  |TAMS 0x00000000c5b00000, 0x00000000c5b00000| Untracked 
| 468|0x00000000c5c00000, 0x00000000c5c00000, 0x00000000c5d00000|  0%| F|  |TAMS 0x00000000c5c00000, 0x00000000c5c00000| Untracked 
| 469|0x00000000c5d00000, 0x00000000c5d00000, 0x00000000c5e00000|  0%| F|  |TAMS 0x00000000c5d00000, 0x00000000c5d00000| Untracked 
| 470|0x00000000c5e00000, 0x00000000c5e00000, 0x00000000c5f00000|  0%| F|  |TAMS 0x00000000c5e00000, 0x00000000c5e00000| Untracked 
| 471|0x00000000c5f00000, 0x00000000c5f00000, 0x00000000c6000000|  0%| F|  |TAMS 0x00000000c5f00000, 0x00000000c5f00000| Untracked 
| 472|0x00000000c6000000, 0x00000000c6000000, 0x00000000c6100000|  0%| F|  |TAMS 0x00000000c6000000, 0x00000000c6000000| Untracked 
| 473|0x00000000c6100000, 0x00000000c6100000, 0x00000000c6200000|  0%| F|  |TAMS 0x00000000c6100000, 0x00000000c6100000| Untracked 
| 474|0x00000000c6200000, 0x00000000c6200000, 0x00000000c6300000|  0%| F|  |TAMS 0x00000000c6200000, 0x00000000c6200000| Untracked 
| 475|0x00000000c6300000, 0x00000000c6300000, 0x00000000c6400000|  0%| F|  |TAMS 0x00000000c6300000, 0x00000000c6300000| Untracked 
| 476|0x00000000c6400000, 0x00000000c6400000, 0x00000000c6500000|  0%| F|  |TAMS 0x00000000c6400000, 0x00000000c6400000| Untracked 
| 477|0x00000000c6500000, 0x00000000c6500000, 0x00000000c6600000|  0%| F|  |TAMS 0x00000000c6500000, 0x00000000c6500000| Untracked 
| 478|0x00000000c6600000, 0x00000000c6600000, 0x00000000c6700000|  0%| F|  |TAMS 0x00000000c6600000, 0x00000000c6600000| Untracked 
|1398|0x00000000ffe00000, 0x00000000ffe75000, 0x00000000fff00000| 45%|OA|  |TAMS 0x00000000ffe75000, 0x00000000ffe75000| Untracked 
|1399|0x00000000fff00000, 0x00000000fff78000, 0x0000000100000000| 46%|CA|  |TAMS 0x00000000fff78000, 0x00000000fff78000| Untracked 

Card table byte_map: [0x00007f06a9255000,0x00007f06a9511000] _byte_map_base: 0x00007f06a8d11000

Marking Bits (Prev, Next): (CMBitMap*) 0x00007f06c0063760, (CMBitMap*) 0x00007f06c00637a0
 Prev Bits: [0x00007f06a79b9000, 0x00007f06a8f99000)
 Next Bits: [0x00007f06a63d9000, 0x00007f06a79b9000)

Polling page: 0x00007f06c6219000

Metaspace:

Usage:
  Non-class:     84.86 MB used.
      Class:     13.71 MB used.
       Both:     98.57 MB used.

Virtual space:
  Non-class space:      128.00 MB reserved,      85.31 MB ( 67%) committed,  2 nodes.
      Class space:      416.00 MB reserved,      14.12 MB (  3%) committed,  1 nodes.
             Both:      544.00 MB reserved,      99.44 MB ( 18%) committed. 

Chunk freelists:
   Non-Class:  10.72 MB
       Class:  1.91 MB
        Both:  12.63 MB

MaxMetaspaceSize: 512.00 MB
CompressedClassSpaceSize: 416.00 MB
Initial GC threshold: 21.00 MB
Current GC threshold: 165.75 MB
CDS: on
MetaspaceReclaimPolicy: balanced
 - commit_granule_bytes: 65536.
 - commit_granule_words: 8192.
 - virtual_space_node_default_size: 8388608.
 - enlarge_chunks_in_place: 1.
 - new_chunks_are_fully_committed: 0.
 - uncommit_free_chunks: 1.
 - use_allocation_guard: 0.
 - handle_deallocations: 1.


Internal statistics:

num_allocs_failed_limit: 6.
num_arena_births: 1316.
num_arena_deaths: 0.
num_vsnodes_births: 3.
num_vsnodes_deaths: 0.
num_space_committed: 1590.
num_space_uncommitted: 0.
num_chunks_returned_to_freelist: 6.
num_chunks_taken_from_freelist: 5734.
num_chunk_merges: 3.
num_chunk_splits: 3743.
num_chunks_enlarged: 2465.
num_inconsistent_stats: 0.

CodeHeap 'non-profiled nmethods': size=120036Kb used=6305Kb max_used=6305Kb free=113730Kb
 bounds [0x00007f06b0fd8000, 0x00007f06b1608000, 0x00007f06b8511000]
CodeHeap 'profiled nmethods': size=120032Kb used=21553Kb max_used=21553Kb free=98478Kb
 bounds [0x00007f06a9511000, 0x00007f06aaa21000, 0x00007f06b0a49000]
CodeHeap 'non-nmethods': size=5692Kb used=1772Kb max_used=1809Kb free=3919Kb
 bounds [0x00007f06b0a49000, 0x00007f06b0cb9000, 0x00007f06b0fd8000]
 total_blobs=12688 nmethods=11824 adapters=776
 compilation: enabled
              stopped_count=0, restarted_count=0
 full_count=0

Compilation events (20 events):
Event: 35.872 Thread 0x00007f06c00c9450 13854       3       java.util.concurrent.ForkJoinTask::get (27 bytes)
Event: 35.872 Thread 0x00007f06c00c9450 nmethod 13854 0x00007f06aaa15490 code [0x00007f06aaa15640, 0x00007f06aaa15830]
Event: 35.872 Thread 0x00007f06c00c9450 13855       3       com.android.tools.r8.internal.fg4$$Lambda$2146/0x00007f066ee15618::accept (5 bytes)
Event: 35.872 Thread 0x00007f06c00c9450 nmethod 13855 0x00007f06aaa15910 code [0x00007f06aaa15ac0, 0x00007f06aaa15c10]
Event: 35.872 Thread 0x00007f06c00c9450 13856   !   3       java.util.concurrent.ForkJoinTask::awaitDone (656 bytes)
Event: 35.875 Thread 0x00007f06c00c9450 nmethod 13856 0x00007f06aaa15d10 code [0x00007f06aaa161c0, 0x00007f06aaa18cd0]
Event: 35.875 Thread 0x00007f06c00c9450 13857       3       java.util.concurrent.ForkJoinPool::externalQueue (38 bytes)
Event: 35.875 Thread 0x00007f06c00c9450 nmethod 13857 0x00007f06aaa19d10 code [0x00007f06aaa19ec0, 0x00007f06aaa1a150]
Event: 35.892 Thread 0x00007f06c00c7f20 nmethod 13840 0x00007f06b15fee10 code [0x00007f06b15fefc0, 0x00007f06b15ff9d8]
Event: 35.892 Thread 0x00007f06c00c7f20 13836       4       com.android.tools.r8.internal.ac0::F (88 bytes)
Event: 35.895 Thread 0x00007f06c00c9450 13859       3       com.android.tools.r8.graph.e8::a (63 bytes)
Event: 35.896 Thread 0x00007f06c00c9450 nmethod 13859 0x00007f06aaa1a290 code [0x00007f06aaa1a520, 0x00007f06aaa1b120]
Event: 35.896 Thread 0x00007f06c00c9450 13858   !   3       com.android.tools.r8.graph.e8::a (68 bytes)
Event: 35.896 Thread 0x00007f06c00c9450 nmethod 13858 0x00007f06aaa1b590 code [0x00007f06aaa1b7c0, 0x00007f06aaa1be50]
Event: 35.912 Thread 0x00007f06c00c7f20 nmethod 13836 0x00007f06b15ffc90 code [0x00007f06b15ffe20, 0x00007f06b1600358]
Event: 35.912 Thread 0x00007f06c00c7f20 13861   !   4       java.util.concurrent.ConcurrentHashMap::computeIfAbsent (576 bytes)
Event: 35.969 Thread 0x00007f06c00c9450 13862       3       com.android.tools.r8.graph.x5::c (60 bytes)
Event: 35.970 Thread 0x00007f06c00c9450 nmethod 13862 0x00007f06aaa1c190 code [0x00007f06aaa1c3e0, 0x00007f06aaa1ce40]
Event: 36.083 Thread 0x00007f06c00c9450 13865       2       java.util.concurrent.ForkJoinTask$Aux::<init> (15 bytes)
Event: 36.083 Thread 0x00007f06c00c9450 nmethod 13865 0x00007f06aaa1d110 code [0x00007f06aaa1d2a0, 0x00007f06aaa1d450]

GC Heap History (20 events):
Event: 32.510 GC heap after
{Heap after GC invocations=51 (full 0):
 garbage-first heap   total 257024K, used 135092K [0x00000000a8800000, 0x0000000100000000)
  region size 1024K, 13 young (13312K), 13 survivors (13312K)
 Metaspace       used 100874K, committed 101760K, reserved 557056K
  class space    used 14032K, committed 14464K, reserved 425984K
}
Event: 32.710 GC heap before
{Heap before GC invocations=51 (full 0):
 garbage-first heap   total 257024K, used 199604K [0x00000000a8800000, 0x0000000100000000)
  region size 1024K, 77 young (78848K), 13 survivors (13312K)
 Metaspace       used 100899K, committed 101760K, reserved 557056K
  class space    used 14032K, committed 14464K, reserved 425984K
}
Event: 32.805 GC heap after
{Heap after GC invocations=52 (full 0):
 garbage-first heap   total 257024K, used 156084K [0x00000000a8800000, 0x0000000100000000)
  region size 1024K, 10 young (10240K), 10 survivors (10240K)
 Metaspace       used 100899K, committed 101760K, reserved 557056K
  class space    used 14032K, committed 14464K, reserved 425984K
}
Event: 33.070 GC heap before
{Heap before GC invocations=52 (full 0):
 garbage-first heap   total 257024K, used 200116K [0x00000000a8800000, 0x0000000100000000)
  region size 1024K, 54 young (55296K), 10 survivors (10240K)
 Metaspace       used 100905K, committed 101824K, reserved 557056K
  class space    used 14032K, committed 14464K, reserved 425984K
}
Event: 33.090 GC heap after
{Heap after GC invocations=53 (full 0):
 garbage-first heap   total 257024K, used 170420K [0x00000000a8800000, 0x0000000100000000)
  region size 1024K, 7 young (7168K), 7 survivors (7168K)
 Metaspace       used 100905K, committed 101824K, reserved 557056K
  class space    used 14032K, committed 14464K, reserved 425984K
}
Event: 33.195 GC heap before
{Heap before GC invocations=53 (full 0):
 garbage-first heap   total 257024K, used 205236K [0x00000000a8800000, 0x0000000100000000)
  region size 1024K, 41 young (41984K), 7 survivors (7168K)
 Metaspace       used 100911K, committed 101824K, reserved 557056K
  class space    used 14032K, committed 14464K, reserved 425984K
}
Event: 33.210 GC heap after
{Heap after GC invocations=54 (full 0):
 garbage-first heap   total 257024K, used 181684K [0x00000000a8800000, 0x0000000100000000)
  region size 1024K, 6 young (6144K), 6 survivors (6144K)
 Metaspace       used 100911K, committed 101824K, reserved 557056K
  class space    used 14032K, committed 14464K, reserved 425984K
}
Event: 33.315 GC heap before
{Heap before GC invocations=54 (full 0):
 garbage-first heap   total 257024K, used 209332K [0x00000000a8800000, 0x0000000100000000)
  region size 1024K, 32 young (32768K), 6 survivors (6144K)
 Metaspace       used 100915K, committed 101824K, reserved 557056K
  class space    used 14032K, committed 14464K, reserved 425984K
}
Event: 33.381 GC heap after
{Heap after GC invocations=55 (full 0):
 garbage-first heap   total 492544K, used 191924K [0x00000000a8800000, 0x0000000100000000)
  region size 1024K, 4 young (4096K), 4 survivors (4096K)
 Metaspace       used 100915K, committed 101824K, reserved 557056K
  class space    used 14032K, committed 14464K, reserved 425984K
}
Event: 34.086 GC heap before
{Heap before GC invocations=55 (full 0):
 garbage-first heap   total 492544K, used 350644K [0x00000000a8800000, 0x0000000100000000)
  region size 1024K, 156 young (159744K), 4 survivors (4096K)
 Metaspace       used 100916K, committed 101824K, reserved 557056K
  class space    used 14032K, committed 14464K, reserved 425984K
}
Event: 34.189 GC heap after
{Heap after GC invocations=56 (full 0):
 garbage-first heap   total 492544K, used 250292K [0x00000000a8800000, 0x0000000100000000)
  region size 1024K, 20 young (20480K), 20 survivors (20480K)
 Metaspace       used 100916K, committed 101824K, reserved 557056K
  class space    used 14032K, committed 14464K, reserved 425984K
}
Event: 34.594 GC heap before
{Heap before GC invocations=57 (full 0):
 garbage-first heap   total 492544K, used 354740K [0x00000000a8800000, 0x0000000100000000)
  region size 1024K, 122 young (124928K), 20 survivors (20480K)
 Metaspace       used 100922K, committed 101824K, reserved 557056K
  class space    used 14038K, committed 14464K, reserved 425984K
}
Event: 34.681 GC heap after
{Heap after GC invocations=58 (full 0):
 garbage-first heap   total 492544K, used 285620K [0x00000000a8800000, 0x0000000100000000)
  region size 1024K, 16 young (16384K), 16 survivors (16384K)
 Metaspace       used 100922K, committed 101824K, reserved 557056K
  class space    used 14038K, committed 14464K, reserved 425984K
}
Event: 34.696 GC heap before
{Heap before GC invocations=58 (full 0):
 garbage-first heap   total 492544K, used 293812K [0x00000000a8800000, 0x0000000100000000)
  region size 1024K, 24 young (24576K), 16 survivors (16384K)
 Metaspace       used 100922K, committed 101824K, reserved 557056K
  class space    used 14038K, committed 14464K, reserved 425984K
}
Event: 34.771 GC heap after
{Heap after GC invocations=59 (full 0):
 garbage-first heap   total 492544K, used 287668K [0x00000000a8800000, 0x0000000100000000)
  region size 1024K, 3 young (3072K), 3 survivors (3072K)
 Metaspace       used 100922K, committed 101824K, reserved 557056K
  class space    used 14038K, committed 14464K, reserved 425984K
}
Event: 35.079 GC heap before
{Heap before GC invocations=59 (full 0):
 garbage-first heap   total 492544K, used 374708K [0x00000000a8800000, 0x0000000100000000)
  region size 1024K, 88 young (90112K), 3 survivors (3072K)
 Metaspace       used 100923K, committed 101824K, reserved 557056K
  class space    used 14038K, committed 14464K, reserved 425984K
}
Event: 35.178 GC heap after
{Heap after GC invocations=60 (full 0):
 garbage-first heap   total 492544K, used 312756K [0x00000000a8800000, 0x0000000100000000)
  region size 1024K, 11 young (11264K), 11 survivors (11264K)
 Metaspace       used 100923K, committed 101824K, reserved 557056K
  class space    used 14038K, committed 14464K, reserved 425984K
}
Event: 35.506 GC heap before
{Heap before GC invocations=60 (full 0):
 garbage-first heap   total 492544K, used 385460K [0x00000000a8800000, 0x0000000100000000)
  region size 1024K, 82 young (83968K), 11 survivors (11264K)
 Metaspace       used 100923K, committed 101824K, reserved 557056K
  class space    used 14038K, committed 14464K, reserved 425984K
}
Event: 35.595 GC heap after
{Heap after GC invocations=61 (full 0):
 garbage-first heap   total 492544K, used 333236K [0x00000000a8800000, 0x0000000100000000)
  region size 1024K, 11 young (11264K), 11 survivors (11264K)
 Metaspace       used 100923K, committed 101824K, reserved 557056K
  class space    used 14038K, committed 14464K, reserved 425984K
}
Event: 36.095 GC heap before
{Heap before GC invocations=61 (full 0):
 garbage-first heap   total 492544K, used 396724K [0x00000000a8800000, 0x0000000100000000)
  region size 1024K, 71 young (72704K), 11 survivors (11264K)
 Metaspace       used 100936K, committed 101824K, reserved 557056K
  class space    used 14039K, committed 14464K, reserved 425984K
}

Dll operation events (14 events):
Event: 0.003 Loaded shared library /usr/lib/jvm/java-17-openjdk-amd64/lib/libjava.so
Event: 0.026 Loaded shared library /usr/lib/jvm/java-17-openjdk-amd64/lib/libjsvml.so
Event: 0.097 Loaded shared library /usr/lib/jvm/java-17-openjdk-amd64/lib/libzip.so
Event: 0.098 Loaded shared library /usr/lib/jvm/java-17-openjdk-amd64/lib/libinstrument.so
Event: 0.100 Loaded shared library /usr/lib/jvm/java-17-openjdk-amd64/lib/libnio.so
Event: 0.101 Loaded shared library /usr/lib/jvm/java-17-openjdk-amd64/lib/libzip.so
Event: 0.294 Loaded shared library /usr/lib/jvm/java-17-openjdk-amd64/lib/libjimage.so
Event: 0.519 Loaded shared library /usr/lib/jvm/java-17-openjdk-amd64/lib/libverify.so
Event: 0.585 Loaded shared library /usr/lib/jvm/java-17-openjdk-amd64/lib/libnet.so
Event: 0.586 Loaded shared library /root/.gradle/native/660c5614fbf4a5f2a75b1949f50a0caf5cd603558e7d8a26e50b933a0cfb79d1/linux-amd64/libnative-platform.so
Event: 0.599 Loaded shared library /root/.gradle/native/0.2.8/x86_64-linux-gnu/libgradle-fileevents.so
Event: 1.970 Loaded shared library /usr/lib/jvm/java-17-openjdk-amd64/lib/libmanagement.so
Event: 1.972 Loaded shared library /usr/lib/jvm/java-17-openjdk-amd64/lib/libmanagement_ext.so
Event: 2.081 Loaded shared library /usr/lib/jvm/java-17-openjdk-amd64/lib/libextnet.so

Deoptimization events (20 events):
Event: 35.805 Thread 0x00007f06581a6890 DEOPT PACKING pc=0x00007f06aa9c2470 sp=0x00007f0694770520
Event: 35.805 Thread 0x00007f06581a6890 DEOPT UNPACKING pc=0x00007f06b0aa364f sp=0x00007f069476fa68 mode 0
Event: 35.806 Thread 0x00007f06581a6890 DEOPT PACKING pc=0x00007f06aa9c2470 sp=0x00007f06947702b0
Event: 35.806 Thread 0x00007f06581a6890 DEOPT UNPACKING pc=0x00007f06b0aa364f sp=0x00007f069476f7f8 mode 0
Event: 35.808 Thread 0x00007f06581e0850 DEOPT PACKING pc=0x00007f06aa9c2470 sp=0x00007f069466f940
Event: 35.808 Thread 0x00007f06581e0850 DEOPT UNPACKING pc=0x00007f06b0aa364f sp=0x00007f069466ee88 mode 0
Event: 35.809 Thread 0x00007f06581e0850 DEOPT PACKING pc=0x00007f06aa9c2470 sp=0x00007f069466f4b0
Event: 35.809 Thread 0x00007f06581e0850 DEOPT UNPACKING pc=0x00007f06b0aa364f sp=0x00007f069466e9f8 mode 0
Event: 35.809 Thread 0x00007f06581e0850 DEOPT PACKING pc=0x00007f06aa9c2470 sp=0x00007f069466f2b0
Event: 35.809 Thread 0x00007f06581e0850 DEOPT UNPACKING pc=0x00007f06b0aa364f sp=0x00007f069466e7f8 mode 0
Event: 35.812 Thread 0x00007f06581a6890 DEOPT PACKING pc=0x00007f06aa9c2470 sp=0x00007f0694770520
Event: 35.812 Thread 0x00007f06581a6890 DEOPT UNPACKING pc=0x00007f06b0aa364f sp=0x00007f069476fa68 mode 0
Event: 35.814 Thread 0x00007f06581e0850 DEOPT PACKING pc=0x00007f06aa9c2470 sp=0x00007f069466f870
Event: 35.814 Thread 0x00007f06581e0850 DEOPT UNPACKING pc=0x00007f06b0aa364f sp=0x00007f069466edb8 mode 0
Event: 35.815 Thread 0x00007f06581e0850 DEOPT PACKING pc=0x00007f06aa9c2470 sp=0x00007f069466f470
Event: 35.815 Thread 0x00007f06581e0850 DEOPT UNPACKING pc=0x00007f06b0aa364f sp=0x00007f069466e9b8 mode 0
Event: 35.880 Thread 0x00007f06581a6890 DEOPT PACKING pc=0x00007f06aa9c2470 sp=0x00007f06947704b0
Event: 35.880 Thread 0x00007f06581a6890 DEOPT UNPACKING pc=0x00007f06b0aa364f sp=0x00007f069476f9f8 mode 0
Event: 35.880 Thread 0x00007f06581a6890 DEOPT PACKING pc=0x00007f06aa9c2470 sp=0x00007f06947702b0
Event: 35.881 Thread 0x00007f06581a6890 DEOPT UNPACKING pc=0x00007f06b0aa364f sp=0x00007f069476f7f8 mode 0

Classes loaded (20 events):
Event: 30.391 Loading class java/time/Instant$1
Event: 30.391 Loading class java/time/Instant$1 done
Event: 30.532 Loading class java/util/zip/ZipInputStream
Event: 30.532 Loading class java/util/zip/ZipInputStream done
Event: 30.574 Loading class java/util/function/BooleanSupplier
Event: 30.574 Loading class java/util/function/BooleanSupplier done
Event: 30.601 Loading class java/nio/file/FileTreeIterator
Event: 30.601 Loading class java/nio/file/FileTreeIterator done
Event: 30.704 Loading class java/util/zip/ZipOutputStream
Event: 30.704 Loading class java/util/zip/ZipOutputStream done
Event: 30.883 Loading class java/io/UTFDataFormatException
Event: 30.883 Loading class java/io/UTFDataFormatException done
Event: 31.007 Loading class java/util/stream/IntPipeline$1
Event: 31.007 Loading class java/util/stream/IntPipeline$1 done
Event: 31.008 Loading class java/util/stream/IntPipeline$1$1
Event: 31.008 Loading class java/util/stream/IntPipeline$1$1 done
Event: 31.389 Loading class java/util/concurrent/ForkJoinTask$AdaptedCallable
Event: 31.389 Loading class java/util/concurrent/ForkJoinTask$AdaptedCallable done
Event: 31.390 Loading class java/util/concurrent/ForkJoinPool$DefaultForkJoinWorkerThreadFactory$1
Event: 31.390 Loading class java/util/concurrent/ForkJoinPool$DefaultForkJoinWorkerThreadFactory$1 done

Classes unloaded (0 events):
No events

Classes redefined (0 events):
No events

Internal exceptions (20 events):
Event: 29.890 Thread 0x00007f069257c8d0 Exception <a 'java/lang/NoSuchMethodError'{0x00000000b16cfce0}: 'java.lang.Object java.lang.invoke.Invokers$Holder.invokeExact_MT(java.lang.Object, java.lang.Object, java.lang.Object, int, java.lang.Object, java.lang.Object)'> (0x00000000b16cfce0) 
thrown [./src/hotspot/share/interpreter/linkResolver.cpp, line 758]
Event: 30.385 Thread 0x00007f069257c8d0 Exception <a 'java/lang/NoSuchMethodError'{0x00000000b53aa018}: static [Ljava/io/File;.<clinit>()V> (0x00000000b53aa018) 
thrown [./src/hotspot/share/prims/jni.cpp, line 1112]
Event: 30.404 Thread 0x00005613ae7f3490 Exception <a 'sun/nio/fs/UnixException'{0x00000000b51cdc88}> (0x00000000b51cdc88) 
thrown [./src/hotspot/share/prims/jni.cpp, line 516]
Event: 30.583 Thread 0x00005613ae7f3490 Exception <a 'java/lang/NoSuchMethodError'{0x00000000b4ca66f0}: 'void java.lang.invoke.DirectMethodHandle$Holder.invokeSpecial(java.lang.Object, java.lang.Object, int)'> (0x00000000b4ca66f0) 
thrown [./src/hotspot/share/interpreter/linkResolver.cpp, line 758]
Event: 30.586 Thread 0x00005613ae7f3490 Exception <a 'sun/nio/fs/UnixException'{0x00000000b4ccf270}> (0x00000000b4ccf270) 
thrown [./src/hotspot/share/prims/jni.cpp, line 516]
Event: 30.586 Thread 0x00005613ae7f3490 Exception <a 'sun/nio/fs/UnixException'{0x00000000b4ccf328}> (0x00000000b4ccf328) 
thrown [./src/hotspot/share/prims/jni.cpp, line 516]
Event: 30.586 Thread 0x00005613ae7f3490 Exception <a 'sun/nio/fs/UnixException'{0x00000000b4ccf3e0}> (0x00000000b4ccf3e0) 
thrown [./src/hotspot/share/prims/jni.cpp, line 516]
Event: 30.586 Thread 0x00005613ae7f3490 Exception <a 'sun/nio/fs/UnixException'{0x00000000b4ccf498}> (0x00000000b4ccf498) 
thrown [./src/hotspot/share/prims/jni.cpp, line 516]
Event: 30.586 Thread 0x00005613ae7f3490 Exception <a 'sun/nio/fs/UnixException'{0x00000000b4ccf550}> (0x00000000b4ccf550) 
thrown [./src/hotspot/share/prims/jni.cpp, line 516]
Event: 30.586 Thread 0x00005613ae7f3490 Exception <a 'sun/nio/fs/UnixException'{0x00000000b4ccf608}> (0x00000000b4ccf608) 
thrown [./src/hotspot/share/prims/jni.cpp, line 516]
Event: 30.586 Thread 0x00005613ae7f3490 Exception <a 'sun/nio/fs/UnixException'{0x00000000b4ccf950}> (0x00000000b4ccf950) 
thrown [./src/hotspot/share/prims/jni.cpp, line 516]
Event: 31.179 Thread 0x00005613ae7f3490 Exception <a 'java/lang/IncompatibleClassChangeError'{0x00000000b33a6878}: Found class java.lang.Object, but interface was expected> (0x00000000b33a6878) 
thrown [./src/hotspot/share/interpreter/linkResolver.cpp, line 826]
Event: 31.380 Thread 0x00005613ae7f3490 Exception <a 'java/lang/NoSuchMethodError'{0x00000000b2982bc0}: 'java.lang.Object java.lang.invoke.DirectMethodHandle$Holder.invokeStaticInit(java.lang.Object, java.lang.Object, java.lang.Object, java.lang.Object, java.lang.Object, java.lang.Object, java.lang.Object, java.lang.Object, java.lang.Object, java.lang.Object, java.lang.Object, java.lang.Object, java.lang.Object, java.lang.Object, java.lang.Object, java.lang.Object, java.lang.Object, java.lang.Object, java.lang.Object, java.lang.Object, int, java
Event: 31.380 Thread 0x00005613ae7f3490 Exception <a 'java/lang/IncompatibleClassChangeError'{0x00000000b299c510}: Found class java.lang.Object, but interface was expected> (0x00000000b299c510) 
thrown [./src/hotspot/share/interpreter/linkResolver.cpp, line 826]
Event: 31.381 Thread 0x00005613ae7f3490 Exception <a 'java/lang/IncompatibleClassChangeError'{0x00000000b29a7998}: Found class java.lang.Object, but interface was expected> (0x00000000b29a7998) 
thrown [./src/hotspot/share/interpreter/linkResolver.cpp, line 826]
Event: 31.391 Thread 0x00007f06581e0850 Implicit null exception at 0x00007f06b143ec1f to 0x00007f06b1440bb8
Event: 31.415 Thread 0x00007f06581e0850 Exception <a 'java/lang/IncompatibleClassChangeError'{0x00000000b26542a0}: Found class java.lang.Object, but interface was expected> (0x00000000b26542a0) 
thrown [./src/hotspot/share/interpreter/linkResolver.cpp, line 826]
Event: 31.421 Thread 0x00007f06581a6890 Implicit null exception at 0x00007f06b145a8f8 to 0x00007f06b145b2dc
Event: 31.524 Thread 0x00007f06581e0850 Exception <a 'java/lang/NoSuchMethodError'{0x00000000b20c2ea0}: 'long java.lang.invoke.DirectMethodHandle$Holder.invokeStaticInit(java.lang.Object, java.lang.Object)'> (0x00000000b20c2ea0) 
thrown [./src/hotspot/share/interpreter/linkResolver.cpp, line 758]
Event: 32.411 Thread 0x00005613ae7f3490 Exception <a 'java/lang/NoSuchMethodError'{0x00000000b2b39168}: 'java.lang.Object java.lang.invoke.DirectMethodHandle$Holder.invokeStaticInit(java.lang.Object, java.lang.Object, java.lang.Object, java.lang.Object, java.lang.Object)'> (0x00000000b2b39168) 
thrown [./src/hotspot/share/interpreter/linkResolver.cpp, line 758]

VM Operations (20 events):
Event: 33.090 Executing VM operation: G1CollectForAllocation done
Event: 33.195 Executing VM operation: G1CollectForAllocation
Event: 33.210 Executing VM operation: G1CollectForAllocation done
Event: 33.314 Executing VM operation: G1CollectForAllocation
Event: 33.381 Executing VM operation: G1CollectForAllocation done
Event: 33.679 Executing VM operation: G1PauseRemark
Event: 33.692 Executing VM operation: G1PauseRemark done
Event: 34.085 Executing VM operation: G1CollectForAllocation
Event: 34.189 Executing VM operation: G1CollectForAllocation done
Event: 34.488 Executing VM operation: G1PauseCleanup
Event: 34.488 Executing VM operation: G1PauseCleanup done
Event: 34.594 Executing VM operation: G1CollectForAllocation
Event: 34.681 Executing VM operation: G1CollectForAllocation done
Event: 34.695 Executing VM operation: G1CollectForAllocation
Event: 34.771 Executing VM operation: G1CollectForAllocation done
Event: 35.078 Executing VM operation: G1CollectForAllocation
Event: 35.178 Executing VM operation: G1CollectForAllocation done
Event: 35.506 Executing VM operation: G1CollectForAllocation
Event: 35.595 Executing VM operation: G1CollectForAllocation done
Event: 36.095 Executing VM operation: G1CollectForAllocation

Memory protections (20 events):
Event: 4.815 Protecting memory [0x00007f069595f000,0x00007f0695963000] with protection modes 0
Event: 5.296 Protecting memory [0x00007f069585e000,0x00007f0695862000] with protection modes 0
Event: 5.389 Protecting memory [0x00007f069575d000,0x00007f0695761000] with protection modes 0
Event: 7.905 Protecting memory [0x00007f069565c000,0x00007f0695660000] with protection modes 0
Event: 7.998 Protecting memory [0x00007f069555b000,0x00007f069555f000] with protection modes 0
Event: 8.093 Protecting memory [0x00007f069545a000,0x00007f069545e000] with protection modes 0
Event: 11.117 Protecting memory [0x00007f0695359000,0x00007f069535d000] with protection modes 0
Event: 11.200 Protecting memory [0x00007f0695258000,0x00007f069525c000] with protection modes 0
Event: 11.783 Protecting memory [0x00007f0695157000,0x00007f069515b000] with protection modes 0
Event: 15.601 Protecting memory [0x00007f0695056000,0x00007f069505a000] with protection modes 0
Event: 16.571 Protecting memory [0x00007f0694976000,0x00007f069497a000] with protection modes 0
Event: 24.600 Protecting memory [0x00007f0694f55000,0x00007f0694f59000] with protection modes 0
Event: 24.679 Protecting memory [0x00007f0694e54000,0x00007f0694e58000] with protection modes 0
Event: 25.486 Protecting memory [0x00007f0694d53000,0x00007f0694d57000] with protection modes 0
Event: 26.502 Protecting memory [0x00007f0694c52000,0x00007f0694c56000] with protection modes 0
Event: 26.975 Protecting memory [0x00007f0694b51000,0x00007f0694b55000] with protection modes 0
Event: 27.174 Protecting memory [0x00007f0694875000,0x00007f0694879000] with protection modes 0
Event: 30.388 Protecting memory [0x00007f0694774000,0x00007f0694778000] with protection modes 0
Event: 31.390 Protecting memory [0x00007f0694673000,0x00007f0694677000] with protection modes 0
Event: 31.391 Protecting memory [0x00007f0694572000,0x00007f0694576000] with protection modes 0

Nmethod flushes (20 events):
Event: 26.310 Thread 0x00007f06c00ca8c0 flushing  nmethod 0x00007f06aa52f410
Event: 26.310 Thread 0x00007f06c00ca8c0 flushing  nmethod 0x00007f06aa538590
Event: 26.310 Thread 0x00007f06c00ca8c0 flushing  nmethod 0x00007f06aa539690
Event: 26.310 Thread 0x00007f06c00ca8c0 flushing  nmethod 0x00007f06aa539a10
Event: 26.310 Thread 0x00007f06c00ca8c0 flushing  nmethod 0x00007f06aa53c210
Event: 26.310 Thread 0x00007f06c00ca8c0 flushing  nmethod 0x00007f06aa53d390
Event: 26.310 Thread 0x00007f06c00ca8c0 flushing  nmethod 0x00007f06aa579110
Event: 26.310 Thread 0x00007f06c00ca8c0 flushing  nmethod 0x00007f06aa57a490
Event: 26.310 Thread 0x00007f06c00ca8c0 flushing  nmethod 0x00007f06aa57ad90
Event: 26.310 Thread 0x00007f06c00ca8c0 flushing  nmethod 0x00007f06aa57c490
Event: 26.310 Thread 0x00007f06c00ca8c0 flushing  nmethod 0x00007f06aa5ac910
Event: 26.311 Thread 0x00007f06c00ca8c0 flushing  nmethod 0x00007f06aa620690
Event: 26.311 Thread 0x00007f06c00ca8c0 flushing  nmethod 0x00007f06aa628710
Event: 26.311 Thread 0x00007f06c00ca8c0 flushing  nmethod 0x00007f06aa62a810
Event: 26.311 Thread 0x00007f06c00ca8c0 flushing  nmethod 0x00007f06aa632010
Event: 26.311 Thread 0x00007f06c00ca8c0 flushing  nmethod 0x00007f06aa63a410
Event: 26.311 Thread 0x00007f06c00ca8c0 flushing  nmethod 0x00007f06aa6ca210
Event: 31.803 Thread 0x00007f06c00ca8c0 flushing  nmethod 0x00007f06b10aca90
Event: 31.884 Thread 0x00007f06c00ca8c0 flushing  nmethod 0x00007f06aa06c910
Event: 31.896 Thread 0x00007f06c00ca8c0 flushing  nmethod 0x00007f06aa6ccd90

Events (20 events):
Event: 4.815 Thread 0x00007f066000d590 Thread added: 0x00007f0690aeaec0
Event: 5.290 Thread 0x00007f066000d590 Thread added: 0x00007f0690317f00
Event: 5.383 Thread 0x00007f066000d590 Thread added: 0x00007f0690506620
Event: 7.898 Thread 0x00007f066000d590 Thread added: 0x00007f0690df1d60
Event: 7.996 Thread 0x00007f066000d590 Thread added: 0x00007f0690e1ee40
Event: 8.092 Thread 0x00007f066000d590 Thread added: 0x00007f0690e0e8c0
Event: 11.107 Thread 0x00007f066000d590 Thread added: 0x00007f069019e800
Event: 11.198 Thread 0x00007f066000d590 Thread added: 0x00007f0690300b70
Event: 11.777 Thread 0x00007f066000d590 Thread added: 0x00007f069019acb0
Event: 15.595 Thread 0x00007f066000d590 Thread added: 0x00007f0690376f30
Event: 16.513 Thread 0x00007f066000d590 Thread added: 0x00007f0691d91b50
Event: 24.600 Thread 0x00007f066000d590 Thread added: 0x00007f069257c8d0
Event: 24.678 Thread 0x00007f069257c8d0 Thread added: 0x00005613ae65e360
Event: 25.485 Thread 0x00007f069257c8d0 Thread added: 0x00005613ae7560a0
Event: 26.502 Thread 0x00007f069257c8d0 Thread added: 0x00005613ae6dcd80
Event: 26.973 Thread 0x00007f069257c8d0 Thread added: 0x00005613ae702dd0
Event: 27.174 Thread 0x00007f069257c8d0 Thread added: 0x00005613ae6dbb70
Event: 30.387 Thread 0x00007f069257c8d0 Thread added: 0x00005613ae7f3490
Event: 31.390 Thread 0x00005613ae7f3490 Thread added: 0x00007f06581a6890
Event: 31.391 Thread 0x00005613ae7f3490 Thread added: 0x00007f06581e0850


Dynamic libraries:
a8800000-c6700000 rw-p 00000000 00:00 0 
dd700000-ffe00000 ---p 00000000 00:00 0 
ffe00000-ffe75000 rw-p 00c7a000 00:25 13853                              /usr/lib/jvm/java-17-openjdk-amd64/lib/server/classes.jsa
ffe75000-fff00000 rw-p 00000000 00:00 0 
fff00000-fff78000 rw-p 00c02000 00:25 13853                              /usr/lib/jvm/java-17-openjdk-amd64/lib/server/classes.jsa
fff78000-100000000 rw-p 00000000 00:00 0 
5613ae067000-5613ae068000 r--p 00000000 00:25 13495                      /usr/lib/jvm/java-17-openjdk-amd64/bin/java
5613ae068000-5613ae069000 r-xp 00001000 00:25 13495                      /usr/lib/jvm/java-17-openjdk-amd64/bin/java
5613ae069000-5613ae06a000 r--p 00002000 00:25 13495                      /usr/lib/jvm/java-17-openjdk-amd64/bin/java
5613ae06a000-5613ae06b000 r--p 00002000 00:25 13495                      /usr/lib/jvm/java-17-openjdk-amd64/bin/java
5613ae06b000-5613ae06c000 rw-p 00003000 00:25 13495                      /usr/lib/jvm/java-17-openjdk-amd64/bin/java
5613ae60e000-5613ae9bc000 rw-p 00000000 00:00 0                          [heap]
7f0644000000-7f0644100000 rw-p 00000000 00:00 0 
7f0644100000-7f0644200000 rw-p 00000000 00:00 0 
7f0644200000-7f0644980000 rw-p 00000000 00:00 0 
7f0644980000-7f0644a00000 rw-p 00000000 00:00 0 
7f0644a00000-7f0644ee0000 rw-p 00000000 00:00 0 
7f0644ee0000-7f0645550000 rw-p 00000000 00:00 0 
7f0645550000-7f0648000000 ---p 00000000 00:00 0 
7f0648000000-7f06486cb000 rw-p 00000000 00:00 0 
7f06486cb000-7f064c000000 ---p 00000000 00:00 0 
7f064c000000-7f064c040000 rw-p 00000000 00:00 0 
7f064c040000-7f0650000000 ---p 00000000 00:00 0 
7f0650000000-7f0650024000 rw-p 00000000 00:00 0 
7f0650024000-7f0654000000 ---p 00000000 00:00 0 
7f0654000000-7f065632b000 rw-p 00000000 00:00 0 
7f065632b000-7f0658000000 ---p 00000000 00:00 0 
7f0658000000-7f065823d000 rw-p 00000000 00:00 0 
7f065823d000-7f065c000000 ---p 00000000 00:00 0 
7f065c000000-7f065c029000 rw-p 00000000 00:00 0 
7f065c029000-7f0660000000 ---p 00000000 00:00 0 
7f0660000000-7f0660117000 rw-p 00000000 00:00 0 
7f0660117000-7f0664000000 ---p 00000000 00:00 0 
7f0664000000-7f0664034000 rw-p 00000000 00:00 0 
7f0664034000-7f0668000000 ---p 00000000 00:00 0 
7f0668000000-7f066853d000 rw-p 00000000 00:00 0 
7f066853d000-7f066c000000 ---p 00000000 00:00 0 
7f066d000000-7f066d455000 rw-p 00001000 00:25 13853                      /usr/lib/jvm/java-17-openjdk-amd64/lib/server/classes.jsa
7f066d455000-7f066dbca000 rw-p 00456000 00:25 13853                      /usr/lib/jvm/java-17-openjdk-amd64/lib/server/classes.jsa
7f066dbca000-7f066e000000 ---p 00000000 00:00 0 
7f066e000000-7f066e040000 rw-p 00000000 00:00 0 
7f066e040000-7f066e080000 rw-p 00000000 00:00 0 
7f066e080000-7f066e140000 rw-p 00000000 00:00 0 
7f066e140000-7f066e180000 rw-p 00000000 00:00 0 
7f066e180000-7f066e460000 rw-p 00000000 00:00 0 
7f066e460000-7f066e480000 rw-p 00000000 00:00 0 
7f066e480000-7f066e7c0000 rw-p 00000000 00:00 0 
7f066e7c0000-7f066e800000 rw-p 00000000 00:00 0 
7f066e800000-7f066e900000 rw-p 00000000 00:00 0 
7f066e900000-7f066ec60000 rw-p 00000000 00:00 0 
7f066ec60000-7f066ee20000 rw-p 00000000 00:00 0 
7f066ee20000-7f0688000000 ---p 00000000 00:00 0 
7f0688000000-7f0688021000 rw-p 00000000 00:00 0 
7f0688021000-7f068c000000 ---p 00000000 00:00 0 
7f068c000000-7f068c400000 rw-p 00000000 00:00 0 
7f068c400000-7f068c900000 rw-p 00000000 00:00 0 
7f068c900000-7f068d400000 rw-p 00000000 00:00 0 
7f068d400000-7f068db00000 rw-p 00000000 00:00 0 
7f068db00000-7f068dc00000 rw-p 00000000 00:00 0 
7f068dc00000-7f068e900000 rw-p 00000000 00:00 0 
7f068e900000-7f068ea00000 rw-p 00000000 00:00 0 
7f068ea00000-7f068f300000 rw-p 00000000 00:00 0 
7f068f300000-7f068f500000 rw-p 00000000 00:00 0 
7f068f500000-7f068f600000 rw-p 00000000 00:00 0 
7f068f600000-7f0690000000 rw-p 00000000 00:00 0 
7f0690000000-7f0692580000 rw-p 00000000 00:00 0 
7f0692580000-7f0694000000 ---p 00000000 00:00 0 
7f0694571000-7f0694572000 ---p 00000000 00:00 0 
7f0694572000-7f0694576000 ---p 00000000 00:00 0 
7f0694576000-7f0694672000 rw-p 00000000 00:00 0 
7f0694672000-7f0694673000 ---p 00000000 00:00 0 
7f0694673000-7f0694677000 ---p 00000000 00:00 0 
7f0694677000-7f0694773000 rw-p 00000000 00:00 0 
7f0694773000-7f0694774000 ---p 00000000 00:00 0 
7f0694774000-7f0694778000 ---p 00000000 00:00 0 
7f0694778000-7f0694874000 rw-p 00000000 00:00 0 
7f0694874000-7f0694875000 ---p 00000000 00:00 0 
7f0694875000-7f0694879000 ---p 00000000 00:00 0 
7f0694879000-7f0694975000 rw-p 00000000 00:00 0 
7f0694975000-7f0694976000 ---p 00000000 00:00 0 
7f0694976000-7f069497a000 ---p 00000000 00:00 0 
7f069497a000-7f0694a76000 rw-p 00000000 00:00 0 
7f0694b50000-7f0694b51000 ---p 00000000 00:00 0 
7f0694b51000-7f0694b55000 ---p 00000000 00:00 0 
7f0694b55000-7f0694c51000 rw-p 00000000 00:00 0 
7f0694c51000-7f0694c52000 ---p 00000000 00:00 0 
7f0694c52000-7f0694c56000 ---p 00000000 00:00 0 
7f0694c56000-7f0694d52000 rw-p 00000000 00:00 0 
7f0694d52000-7f0694d53000 ---p 00000000 00:00 0 
7f0694d53000-7f0694d57000 ---p 00000000 00:00 0 
7f0694d57000-7f0694e53000 rw-p 00000000 00:00 0 
7f0694e53000-7f0694e54000 ---p 00000000 00:00 0 
7f0694e54000-7f0694e58000 ---p 00000000 00:00 0 
7f0694e58000-7f0694f54000 rw-p 00000000 00:00 0 
7f0694f54000-7f0694f55000 ---p 00000000 00:00 0 
7f0694f55000-7f0694f59000 ---p 00000000 00:00 0 
7f0694f59000-7f0695055000 rw-p 00000000 00:00 0 
7f0695055000-7f0695056000 ---p 00000000 00:00 0 
7f0695056000-7f069505a000 ---p 00000000 00:00 0 
7f069505a000-7f0695156000 rw-p 00000000 00:00 0 
7f0695156000-7f0695157000 ---p 00000000 00:00 0 
7f0695157000-7f069515b000 ---p 00000000 00:00 0 
7f069515b000-7f0695257000 rw-p 00000000 00:00 0 
7f0695257000-7f0695258000 ---p 00000000 00:00 0 
7f0695258000-7f069525c000 ---p 00000000 00:00 0 
7f069525c000-7f0695358000 rw-p 00000000 00:00 0 
7f0695358000-7f0695359000 ---p 00000000 00:00 0 
7f0695359000-7f069535d000 ---p 00000000 00:00 0 
7f069535d000-7f0695459000 rw-p 00000000 00:00 0 
7f0695459000-7f069545a000 ---p 00000000 00:00 0 
7f069545a000-7f069545e000 ---p 00000000 00:00 0 
7f069545e000-7f069555a000 rw-p 00000000 00:00 0 
7f069555a000-7f069555b000 ---p 00000000 00:00 0 
7f069555b000-7f069555f000 ---p 00000000 00:00 0 
7f069555f000-7f069565b000 rw-p 00000000 00:00 0 
7f069565b000-7f069565c000 ---p 00000000 00:00 0 
7f069565c000-7f0695660000 ---p 00000000 00:00 0 
7f0695660000-7f069575c000 rw-p 00000000 00:00 0 
7f069575c000-7f069575d000 ---p 00000000 00:00 0 
7f069575d000-7f0695761000 ---p 00000000 00:00 0 
7f0695761000-7f069585d000 rw-p 00000000 00:00 0 
7f069585d000-7f069585e000 ---p 00000000 00:00 0 
7f069585e000-7f0695862000 ---p 00000000 00:00 0 
7f0695862000-7f069595e000 rw-p 00000000 00:00 0 
7f069595e000-7f069595f000 ---p 00000000 00:00 0 
7f069595f000-7f0695963000 ---p 00000000 00:00 0 
7f0695963000-7f0695a5f000 rw-p 00000000 00:00 0 
7f0695a5f000-7f0695a60000 ---p 00000000 00:00 0 
7f0695a60000-7f0695a64000 ---p 00000000 00:00 0 
7f0695a64000-7f0695b60000 rw-p 00000000 00:00 0 
7f0695b60000-7f0695b61000 ---p 00000000 00:00 0 
7f0695b61000-7f0695b65000 ---p 00000000 00:00 0 
7f0695b65000-7f0695c61000 rw-p 00000000 00:00 0 
7f0695c61000-7f0695c62000 ---p 00000000 00:00 0 
7f0695c62000-7f0695c66000 ---p 00000000 00:00 0 
7f0695c66000-7f0695d62000 rw-p 00000000 00:00 0 
7f0695d62000-7f0695d63000 ---p 00000000 00:00 0 
7f0695d63000-7f0695d67000 ---p 00000000 00:00 0 
7f0695d67000-7f0695e63000 rw-p 00000000 00:00 0 
7f0695e63000-7f0695e64000 ---p 00000000 00:00 0 
7f0695e64000-7f0695e68000 ---p 00000000 00:00 0 
7f0695e68000-7f0695f64000 rw-p 00000000 00:00 0 
7f0695f64000-7f0695f65000 ---p 00000000 00:00 0 
7f0695f65000-7f0695f69000 ---p 00000000 00:00 0 
7f0695f69000-7f0696065000 rw-p 00000000 00:00 0 
7f0696065000-7f0696066000 ---p 00000000 00:00 0 
7f0696066000-7f069606a000 ---p 00000000 00:00 0 
7f069606a000-7f0696166000 rw-p 00000000 00:00 0 
7f0696166000-7f0696167000 ---p 00000000 00:00 0 
7f0696167000-7f069616b000 ---p 00000000 00:00 0 
7f069616b000-7f0696267000 rw-p 00000000 00:00 0 
7f0696267000-7f0696268000 ---p 00000000 00:00 0 
7f0696268000-7f069626c000 ---p 00000000 00:00 0 
7f069626c000-7f0696368000 rw-p 00000000 00:00 0 
7f0696368000-7f0696369000 ---p 00000000 00:00 0 
7f0696369000-7f069636d000 ---p 00000000 00:00 0 
7f069636d000-7f0696469000 rw-p 00000000 00:00 0 
7f0696469000-7f069646a000 ---p 00000000 00:00 0 
7f069646a000-7f069646e000 ---p 00000000 00:00 0 
7f069646e000-7f069656a000 rw-p 00000000 00:00 0 
7f069656a000-7f069656b000 ---p 00000000 00:00 0 
7f069656b000-7f069656f000 ---p 00000000 00:00 0 
7f069656f000-7f069666b000 rw-p 00000000 00:00 0 
7f069666b000-7f069666c000 ---p 00000000 00:00 0 
7f069666c000-7f0696670000 ---p 00000000 00:00 0 
7f0696670000-7f069676c000 rw-p 00000000 00:00 0 
7f069676c000-7f069676d000 ---p 00000000 00:00 0 
7f069676d000-7f0696771000 ---p 00000000 00:00 0 
7f0696771000-7f069686d000 rw-p 00000000 00:00 0 
7f069686d000-7f069686e000 ---p 00000000 00:00 0 
7f069686e000-7f0696872000 ---p 00000000 00:00 0 
7f0696872000-7f069696e000 rw-p 00000000 00:00 0 
7f069696e000-7f069696f000 ---p 00000000 00:00 0 
7f069696f000-7f0696973000 ---p 00000000 00:00 0 
7f0696973000-7f0696a6f000 rw-p 00000000 00:00 0 
7f0696a6f000-7f0696a70000 ---p 00000000 00:00 0 
7f0696a70000-7f0696b70000 rw-p 00000000 00:00 0 
7f0696b70000-7f0696bac000 r--p 00000000 fe:00 403481                     /root/.gradle/native/0.2.8/x86_64-linux-gnu/libgradle-fileevents.so
7f0696bac000-7f0696bf4000 r-xp 0003b000 fe:00 403481                     /root/.gradle/native/0.2.8/x86_64-linux-gnu/libgradle-fileevents.so
7f0696bf4000-7f0696bfd000 r--p 00082000 fe:00 403481                     /root/.gradle/native/0.2.8/x86_64-linux-gnu/libgradle-fileevents.so
7f0696bfd000-7f0696bfe000 rw-p 0008a000 fe:00 403481                     /root/.gradle/native/0.2.8/x86_64-linux-gnu/libgradle-fileevents.so
7f0696bfe000-7f0696c00000 rw-p 00000000 00:00 0 
7f0696c00000-7f0696c05000 r-xp 00000000 fe:00 403454                     /root/.gradle/native/660c5614fbf4a5f2a75b1949f50a0caf5cd603558e7d8a26e50b933a0cfb79d1/linux-amd64/libnative-platform.so
7f0696c05000-7f0696e05000 ---p 00005000 fe:00 403454                     /root/.gradle/native/660c5614fbf4a5f2a75b1949f50a0caf5cd603558e7d8a26e50b933a0cfb79d1/linux-amd64/libnative-platform.so
7f0696e05000-7f0696e06000 r--p 00005000 fe:00 403454                     /root/.gradle/native/660c5614fbf4a5f2a75b1949f50a0caf5cd603558e7d8a26e50b933a0cfb79d1/linux-amd64/libnative-platform.so
7f0696e06000-7f0696e07000 rw-p 00006000 fe:00 403454                     /root/.gradle/native/660c5614fbf4a5f2a75b1949f50a0caf5cd603558e7d8a26e50b933a0cfb79d1/linux-amd64/libnative-platform.so
7f0696e75000-7f0696e76000 r--p 00000000 00:25 13813                      /usr/lib/jvm/java-17-openjdk-amd64/lib/libextnet.so
7f0696e76000-7f0696e77000 r-xp 00001000 00:25 13813                      /usr/lib/jvm/java-17-openjdk-amd64/lib/libextnet.so
7f0696e77000-7f0696e78000 r--p 00002000 00:25 13813                      /usr/lib/jvm/java-17-openjdk-amd64/lib/libextnet.so
7f0696e78000-7f0696e79000 r--p 00002000 00:25 13813                      /usr/lib/jvm/java-17-openjdk-amd64/lib/libextnet.so
7f0696e79000-7f0696e7a000 rw-p 00003000 00:25 13813                      /usr/lib/jvm/java-17-openjdk-amd64/lib/libextnet.so
7f0696e7a000-7f0696e7c000 r--p 00000000 00:25 13832                      /usr/lib/jvm/java-17-openjdk-amd64/lib/libmanagement_ext.so
7f0696e7c000-7f0696e7f000 r-xp 00002000 00:25 13832                      /usr/lib/jvm/java-17-openjdk-amd64/lib/libmanagement_ext.so
7f0696e7f000-7f0696e80000 r--p 00005000 00:25 13832                      /usr/lib/jvm/java-17-openjdk-amd64/lib/libmanagement_ext.so
7f0696e80000-7f0696e81000 r--p 00006000 00:25 13832                      /usr/lib/jvm/java-17-openjdk-amd64/lib/libmanagement_ext.so
7f0696e81000-7f0696e82000 rw-p 00007000 00:25 13832                      /usr/lib/jvm/java-17-openjdk-amd64/lib/libmanagement_ext.so
7f0696e82000-7f0696e83000 r--p 00000000 00:25 17909                      /usr/lib/x86_64-linux-gnu/libdl.so.2
7f0696e83000-7f0696e84000 r-xp 00001000 00:25 17909                      /usr/lib/x86_64-linux-gnu/libdl.so.2
7f0696e84000-7f0696e85000 r--p 00002000 00:25 17909                      /usr/lib/x86_64-linux-gnu/libdl.so.2
7f0696e85000-7f0696e86000 r--p 00002000 00:25 17909                      /usr/lib/x86_64-linux-gnu/libdl.so.2
7f0696e86000-7f0696e87000 rw-p 00003000 00:25 17909                      /usr/lib/x86_64-linux-gnu/libdl.so.2
7f0696e88000-7f0696e8a000 r--p 00000000 00:25 13830                      /usr/lib/jvm/java-17-openjdk-amd64/lib/libmanagement.so
7f0696e8a000-7f0696e8b000 r-xp 00002000 00:25 13830                      /usr/lib/jvm/java-17-openjdk-amd64/lib/libmanagement.so
7f0696e8b000-7f0696e8c000 r--p 00003000 00:25 13830                      /usr/lib/jvm/java-17-openjdk-amd64/lib/libmanagement.so
7f0696e8c000-7f0696e8d000 r--p 00003000 00:25 13830                      /usr/lib/jvm/java-17-openjdk-amd64/lib/libmanagement.so
7f0696e8d000-7f0696e8e000 rw-p 00004000 00:25 13830                      /usr/lib/jvm/java-17-openjdk-amd64/lib/libmanagement.so
7f0696e8e000-7f0696e92000 r--p 00000000 00:25 13842                      /usr/lib/jvm/java-17-openjdk-amd64/lib/libverify.so
7f0696e92000-7f0696e99000 r-xp 00004000 00:25 13842                      /usr/lib/jvm/java-17-openjdk-amd64/lib/libverify.so
7f0696e99000-7f0696e9b000 r--p 0000b000 00:25 13842                      /usr/lib/jvm/java-17-openjdk-amd64/lib/libverify.so
7f0696e9b000-7f0696e9d000 r--p 0000c000 00:25 13842                      /usr/lib/jvm/java-17-openjdk-amd64/lib/libverify.so
7f0696e9d000-7f0696e9e000 rw-p 0000e000 00:25 13842                      /usr/lib/jvm/java-17-openjdk-amd64/lib/libverify.so
7f0696e9e000-7f0696e9f000 ---p 00000000 00:00 0 
7f0696e9f000-7f0696f9f000 rw-p 00000000 00:00 0 
7f0696f9f000-7f0696fa0000 ---p 00000000 00:00 0 
7f0696fa0000-7f06970a0000 rw-p 00000000 00:00 0 
7f06970a0000-7f06970a1000 ---p 00000000 00:00 0 
7f06970a1000-7f06970a5000 ---p 00000000 00:00 0 
7f06970a5000-7f06971a1000 rw-p 00000000 00:00 0 
7f06971a1000-7f06971a2000 ---p 00000000 00:00 0 
7f06971a2000-7f06971a6000 ---p 00000000 00:00 0 
7f06971a6000-7f06972a2000 rw-p 00000000 00:00 0 
7f06972a2000-7f06972a3000 ---p 00000000 00:00 0 
7f06972a3000-7f06972a7000 ---p 00000000 00:00 0 
7f06972a7000-7f06973a3000 rw-p 00000000 00:00 0 
7f06973a3000-7f06973a4000 ---p 00000000 00:00 0 
7f06973a4000-7f06973a8000 ---p 00000000 00:00 0 
7f06973a8000-7f06974a4000 rw-p 00000000 00:00 0 
7f06974a4000-7f06974a5000 ---p 00000000 00:00 0 
7f06974a5000-7f06974a9000 ---p 00000000 00:00 0 
7f06974a9000-7f06975a5000 rw-p 00000000 00:00 0 
7f06975a5000-7f06975a6000 ---p 00000000 00:00 0 
7f06975a6000-7f06975aa000 ---p 00000000 00:00 0 
7f06975aa000-7f06976a6000 rw-p 00000000 00:00 0 
7f06976a6000-7f06976a7000 ---p 00000000 00:00 0 
7f06976a7000-7f06976ab000 ---p 00000000 00:00 0 
7f06976ab000-7f06977a7000 rw-p 00000000 00:00 0 
7f06977a7000-7f06977a8000 ---p 00000000 00:00 0 
7f06977a8000-7f06977ac000 ---p 00000000 00:00 0 
7f06977ac000-7f06978a8000 rw-p 00000000 00:00 0 
7f06978a8000-7f06978a9000 ---p 00000000 00:00 0 
7f06978a9000-7f06978ad000 ---p 00000000 00:00 0 
7f06978ad000-7f06979a9000 rw-p 00000000 00:00 0 
7f06979a9000-7f06979aa000 ---p 00000000 00:00 0 
7f06979aa000-7f06979ae000 ---p 00000000 00:00 0 
7f06979ae000-7f0697aaa000 rw-p 00000000 00:00 0 
7f0697aaa000-7f0697aab000 ---p 00000000 00:00 0 
7f0697aab000-7f0697bab000 rw-p 00000000 00:00 0 
7f0697bab000-7f0697bb0000 r--p 00000000 00:25 13828                      /usr/lib/jvm/java-17-openjdk-amd64/lib/libjsvml.so
7f0697bb0000-7f0697bf1000 r-xp 00005000 00:25 13828                      /usr/lib/jvm/java-17-openjdk-amd64/lib/libjsvml.so
7f0697bf1000-7f0697c7a000 r--p 00046000 00:25 13828                      /usr/lib/jvm/java-17-openjdk-amd64/lib/libjsvml.so
7f0697c7a000-7f0697c7b000 r--p 000ce000 00:25 13828                      /usr/lib/jvm/java-17-openjdk-amd64/lib/libjsvml.so
7f0697c7b000-7f0697c7c000 rw-p 000cf000 00:25 13828                      /usr/lib/jvm/java-17-openjdk-amd64/lib/libjsvml.so
7f0697c7c000-7f0697cfd000 rw-p 00000000 00:00 0 
7f0697cfd000-7f0697cfe000 ---p 00000000 00:00 0 
7f0697cfe000-7f0697dfe000 rw-p 00000000 00:00 0 
7f0697dfe000-7f0697dff000 ---p 00000000 00:00 0 
7f0697dff000-7f0698000000 rw-p 00000000 00:00 0 
7f0698000000-7f0698021000 rw-p 00000000 00:00 0 
7f0698021000-7f069c000000 ---p 00000000 00:00 0 
7f069c000000-7f069c04f000 rw-p 00000000 00:00 0 
7f069c04f000-7f06a0000000 ---p 00000000 00:00 0 
7f06a0000000-7f06a0066000 rw-p 00000000 00:00 0 
7f06a0066000-7f06a4000000 ---p 00000000 00:00 0 
7f06a4002000-7f06a4006000 r--p 00000000 00:25 13834                      /usr/lib/jvm/java-17-openjdk-amd64/lib/libnet.so
7f06a4006000-7f06a4014000 r-xp 00004000 00:25 13834                      /usr/lib/jvm/java-17-openjdk-amd64/lib/libnet.so
7f06a4014000-7f06a4018000 r--p 00012000 00:25 13834                      /usr/lib/jvm/java-17-openjdk-amd64/lib/libnet.so
7f06a4018000-7f06a4019000 r--p 00015000 00:25 13834                      /usr/lib/jvm/java-17-openjdk-amd64/lib/libnet.so
7f06a4019000-7f06a401a000 rw-p 00016000 00:25 13834                      /usr/lib/jvm/java-17-openjdk-amd64/lib/libnet.so
7f06a401a000-7f06a4021000 r--p 00000000 00:25 13835                      /usr/lib/jvm/java-17-openjdk-amd64/lib/libnio.so
7f06a4021000-7f06a402a000 r-xp 00007000 00:25 13835                      /usr/lib/jvm/java-17-openjdk-amd64/lib/libnio.so
7f06a402a000-7f06a402e000 r--p 00010000 00:25 13835                      /usr/lib/jvm/java-17-openjdk-amd64/lib/libnio.so
7f06a402e000-7f06a402f000 r--p 00014000 00:25 13835                      /usr/lib/jvm/java-17-openjdk-amd64/lib/libnio.so
7f06a402f000-7f06a4030000 rw-p 00015000 00:25 13835                      /usr/lib/jvm/java-17-openjdk-amd64/lib/libnio.so
7f06a4030000-7f06a4032000 r--p 00000000 00:25 13843                      /usr/lib/jvm/java-17-openjdk-amd64/lib/libzip.so
7f06a4032000-7f06a4036000 r-xp 00002000 00:25 13843                      /usr/lib/jvm/java-17-openjdk-amd64/lib/libzip.so
7f06a4036000-7f06a4038000 r--p 00006000 00:25 13843                      /usr/lib/jvm/java-17-openjdk-amd64/lib/libzip.so
7f06a4038000-7f06a4039000 r--p 00007000 00:25 13843                      /usr/lib/jvm/java-17-openjdk-amd64/lib/libzip.so
7f06a4039000-7f06a403a000 rw-p 00008000 00:25 13843                      /usr/lib/jvm/java-17-openjdk-amd64/lib/libzip.so
7f06a403a000-7f06a61d7000 rw-p 00000000 00:00 0 
7f06a61d7000-7f06a61d8000 ---p 00000000 00:00 0 
7f06a61d8000-7f06a62d8000 rw-p 00000000 00:00 0 
7f06a62d8000-7f06a62d9000 ---p 00000000 00:00 0 
7f06a62d9000-7f06a6b55000 rw-p 00000000 00:00 0 
7f06a6b55000-7f06a79b1000 ---p 00000000 00:00 0 
7f06a79b1000-7f06a8135000 rw-p 00000000 00:00 0 
7f06a8135000-7f06a8f91000 ---p 00000000 00:00 0 
7f06a8f91000-7f06a9089000 rw-p 00000000 00:00 0 
7f06a9089000-7f06a9254000 ---p 00000000 00:00 0 
7f06a9254000-7f06a9345000 rw-p 00000000 00:00 0 
7f06a9345000-7f06a9510000 ---p 00000000 00:00 0 
7f06a9510000-7f06a9511000 rw-p 00000000 00:00 0 
7f06a9511000-7f06aaa21000 rwxp 00000000 00:00 0 
7f06aaa21000-7f06b0a49000 ---p 00000000 00:00 0 
7f06b0a49000-7f06b0cb9000 rwxp 00000000 00:00 0 
7f06b0cb9000-7f06b0fd8000 ---p 00000000 00:00 0 
7f06b0fd8000-7f06b1608000 rwxp 00000000 00:00 0 
7f06b1608000-7f06b8511000 ---p 00000000 00:00 0 
7f06b8511000-7f06c0000000 r--s 00000000 00:25 13844                      /usr/lib/jvm/java-17-openjdk-amd64/lib/modules
7f06c0000000-7f06c13db000 rw-p 00000000 00:00 0 
7f06c13db000-7f06c4000000 ---p 00000000 00:00 0 
7f06c4000000-7f06c4001000 r--p 00000000 00:25 18162                      /usr/lib/x86_64-linux-gnu/libpthread.so.0
7f06c4001000-7f06c4002000 r-xp 00001000 00:25 18162                      /usr/lib/x86_64-linux-gnu/libpthread.so.0
7f06c4002000-7f06c4003000 r--p 00002000 00:25 18162                      /usr/lib/x86_64-linux-gnu/libpthread.so.0
7f06c4003000-7f06c4004000 r--p 00002000 00:25 18162                      /usr/lib/x86_64-linux-gnu/libpthread.so.0
7f06c4004000-7f06c4005000 rw-p 00003000 00:25 18162                      /usr/lib/x86_64-linux-gnu/libpthread.so.0
7f06c4005000-7f06c405c000 r--p 00000000 00:25 13893                      /usr/lib/locale/C.utf8/LC_CTYPE
7f06c405c000-7f06c405d000 r--p 00000000 00:25 13899                      /usr/lib/locale/C.utf8/LC_NUMERIC
7f06c405d000-7f06c405e000 r--p 00000000 00:25 13902                      /usr/lib/locale/C.utf8/LC_TIME
7f06c405e000-7f06c405f000 r--p 00000000 00:25 13892                      /usr/lib/locale/C.utf8/LC_COLLATE
7f06c405f000-7f06c4060000 r--p 00000000 00:25 13897                      /usr/lib/locale/C.utf8/LC_MONETARY
7f06c4060000-7f06c4061000 r--p 00000000 00:25 13896                      /usr/lib/locale/C.utf8/LC_MESSAGES/SYS_LC_MESSAGES
7f06c4061000-7f06c4062000 r--p 00000000 00:25 13900                      /usr/lib/locale/C.utf8/LC_PAPER
7f06c4062000-7f06c4063000 r--p 00000000 00:25 13898                      /usr/lib/locale/C.utf8/LC_NAME
7f06c4063000-7f06c406a000 r--s 00000000 00:25 17585                      /usr/lib/x86_64-linux-gnu/gconv/gconv-modules.cache
7f06c406a000-7f06c406b000 ---p 00000000 00:00 0 
7f06c406b000-7f06c428a000 rw-p 00000000 00:00 0 
7f06c428a000-7f06c4455000 ---p 00000000 00:00 0 
7f06c4455000-7f06c4665000 rw-p 00000000 00:00 0 
7f06c4665000-7f06c4743000 ---p 00000000 00:00 0 
7f06c4743000-7f06c476e000 rw-p 00000000 00:00 0 
7f06c476e000-7f06c482e000 ---p 00000000 00:00 0 
7f06c482e000-7f06c4833000 rw-p 00000000 00:00 0 
7f06c4833000-7f06c483a000 ---p 00000000 00:00 0 
7f06c483a000-7f06c4842000 rw-s 00000000 fe:00 408961                     /tmp/hsperfdata_root/4458
7f06c4842000-7f06c484e000 r--p 00000000 00:25 13820                      /usr/lib/jvm/java-17-openjdk-amd64/lib/libjava.so
7f06c484e000-7f06c485f000 r-xp 0000c000 00:25 13820                      /usr/lib/jvm/java-17-openjdk-amd64/lib/libjava.so
7f06c485f000-7f06c4865000 r--p 0001d000 00:25 13820                      /usr/lib/jvm/java-17-openjdk-amd64/lib/libjava.so
7f06c4865000-7f06c4866000 r--p 00022000 00:25 13820                      /usr/lib/jvm/java-17-openjdk-amd64/lib/libjava.so
7f06c4866000-7f06c4867000 rw-p 00023000 00:25 13820                      /usr/lib/jvm/java-17-openjdk-amd64/lib/libjava.so
7f06c4867000-7f06c4868000 rw-p 00000000 00:00 0 
7f06c4868000-7f06c4869000 r--p 00000000 00:25 13815                      /usr/lib/jvm/java-17-openjdk-amd64/lib/libinstrument.so
7f06c4869000-7f06c486f000 r-xp 00001000 00:25 13815                      /usr/lib/jvm/java-17-openjdk-amd64/lib/libinstrument.so
7f06c486f000-7f06c4872000 r--p 00007000 00:25 13815                      /usr/lib/jvm/java-17-openjdk-amd64/lib/libinstrument.so
7f06c4872000-7f06c4873000 r--p 00009000 00:25 13815                      /usr/lib/jvm/java-17-openjdk-amd64/lib/libinstrument.so
7f06c4873000-7f06c4874000 rw-p 0000a000 00:25 13815                      /usr/lib/jvm/java-17-openjdk-amd64/lib/libinstrument.so
7f06c4874000-7f06c4876000 r--p 00000000 00:25 13824                      /usr/lib/jvm/java-17-openjdk-amd64/lib/libjimage.so
7f06c4876000-7f06c4879000 r-xp 00002000 00:25 13824                      /usr/lib/jvm/java-17-openjdk-amd64/lib/libjimage.so
7f06c4879000-7f06c487a000 r--p 00005000 00:25 13824                      /usr/lib/jvm/java-17-openjdk-amd64/lib/libjimage.so
7f06c487a000-7f06c487b000 r--p 00006000 00:25 13824                      /usr/lib/jvm/java-17-openjdk-amd64/lib/libjimage.so
7f06c487b000-7f06c487c000 rw-p 00007000 00:25 13824                      /usr/lib/jvm/java-17-openjdk-amd64/lib/libjimage.so
7f06c487c000-7f06c4880000 ---p 00000000 00:00 0 
7f06c4880000-7f06c497c000 rw-p 00000000 00:00 0 
7f06c497c000-7f06c497f000 r--p 00000000 00:25 17971                      /usr/lib/x86_64-linux-gnu/libgcc_s.so.1
7f06c497f000-7f06c4996000 r-xp 00003000 00:25 17971                      /usr/lib/x86_64-linux-gnu/libgcc_s.so.1
7f06c4996000-7f06c499a000 r--p 0001a000 00:25 17971                      /usr/lib/x86_64-linux-gnu/libgcc_s.so.1
7f06c499a000-7f06c499b000 r--p 0001d000 00:25 17971                      /usr/lib/x86_64-linux-gnu/libgcc_s.so.1
7f06c499b000-7f06c499c000 rw-p 0001e000 00:25 17971                      /usr/lib/x86_64-linux-gnu/libgcc_s.so.1
7f06c499c000-7f06c49ac000 r--p 00000000 00:25 18072                      /usr/lib/x86_64-linux-gnu/libm.so.6
7f06c49ac000-7f06c4a20000 r-xp 00010000 00:25 18072                      /usr/lib/x86_64-linux-gnu/libm.so.6
7f06c4a20000-7f06c4a7a000 r--p 00084000 00:25 18072                      /usr/lib/x86_64-linux-gnu/libm.so.6
7f06c4a7a000-7f06c4a7b000 r--p 000dd000 00:25 18072                      /usr/lib/x86_64-linux-gnu/libm.so.6
7f06c4a7b000-7f06c4a7c000 rw-p 000de000 00:25 18072                      /usr/lib/x86_64-linux-gnu/libm.so.6
7f06c4a7c000-7f06c4b15000 r--p 00000000 00:25 18239                      /usr/lib/x86_64-linux-gnu/libstdc++.so.6.0.30
7f06c4b15000-7f06c4c16000 r-xp 00099000 00:25 18239                      /usr/lib/x86_64-linux-gnu/libstdc++.so.6.0.30
7f06c4c16000-7f06c4c85000 r--p 0019a000 00:25 18239                      /usr/lib/x86_64-linux-gnu/libstdc++.so.6.0.30
7f06c4c85000-7f06c4c90000 r--p 00209000 00:25 18239                      /usr/lib/x86_64-linux-gnu/libstdc++.so.6.0.30
7f06c4c90000-7f06c4c93000 rw-p 00214000 00:25 18239                      /usr/lib/x86_64-linux-gnu/libstdc++.so.6.0.30
7f06c4c93000-7f06c4c96000 rw-p 00000000 00:00 0 
7f06c4c96000-7f06c4ee7000 r--p 00000000 00:25 13856                      /usr/lib/jvm/java-17-openjdk-amd64/lib/server/libjvm.so
7f06c4ee7000-7f06c5c39000 r-xp 00251000 00:25 13856                      /usr/lib/jvm/java-17-openjdk-amd64/lib/server/libjvm.so
7f06c5c39000-7f06c5ebb000 r--p 00fa3000 00:25 13856                      /usr/lib/jvm/java-17-openjdk-amd64/lib/server/libjvm.so
7f06c5ebb000-7f06c5f73000 r--p 01225000 00:25 13856                      /usr/lib/jvm/java-17-openjdk-amd64/lib/server/libjvm.so
7f06c5f73000-7f06c5fa8000 rw-p 012dd000 00:25 13856                      /usr/lib/jvm/java-17-openjdk-amd64/lib/server/libjvm.so
7f06c5fa8000-7f06c6004000 rw-p 00000000 00:00 0 
7f06c6004000-7f06c602a000 r--p 00000000 00:25 17860                      /usr/lib/x86_64-linux-gnu/libc.so.6
7f06c602a000-7f06c6180000 r-xp 00026000 00:25 17860                      /usr/lib/x86_64-linux-gnu/libc.so.6
7f06c6180000-7f06c61d3000 r--p 0017c000 00:25 17860                      /usr/lib/x86_64-linux-gnu/libc.so.6
7f06c61d3000-7f06c61d7000 r--p 001cf000 00:25 17860                      /usr/lib/x86_64-linux-gnu/libc.so.6
7f06c61d7000-7f06c61d9000 rw-p 001d3000 00:25 17860                      /usr/lib/x86_64-linux-gnu/libc.so.6
7f06c61d9000-7f06c61e6000 rw-p 00000000 00:00 0 
7f06c61e6000-7f06c61e8000 r--p 00000000 00:25 13825                      /usr/lib/jvm/java-17-openjdk-amd64/lib/libjli.so
7f06c61e8000-7f06c61f1000 r-xp 00002000 00:25 13825                      /usr/lib/jvm/java-17-openjdk-amd64/lib/libjli.so
7f06c61f1000-7f06c61f4000 r--p 0000b000 00:25 13825                      /usr/lib/jvm/java-17-openjdk-amd64/lib/libjli.so
7f06c61f4000-7f06c61f5000 r--p 0000d000 00:25 13825                      /usr/lib/jvm/java-17-openjdk-amd64/lib/libjli.so
7f06c61f5000-7f06c61f6000 rw-p 0000e000 00:25 13825                      /usr/lib/jvm/java-17-openjdk-amd64/lib/libjli.so
7f06c61f6000-7f06c61f9000 r--p 00000000 00:25 1006                       /usr/lib/x86_64-linux-gnu/libz.so.1.2.13
7f06c61f9000-7f06c620c000 r-xp 00003000 00:25 1006                       /usr/lib/x86_64-linux-gnu/libz.so.1.2.13
7f06c620c000-7f06c6213000 r--p 00016000 00:25 1006                       /usr/lib/x86_64-linux-gnu/libz.so.1.2.13
7f06c6213000-7f06c6214000 r--p 0001c000 00:25 1006                       /usr/lib/x86_64-linux-gnu/libz.so.1.2.13
7f06c6214000-7f06c6215000 rw-p 0001d000 00:25 1006                       /usr/lib/x86_64-linux-gnu/libz.so.1.2.13
7f06c6215000-7f06c6216000 r--p 00000000 00:25 13891                      /usr/lib/locale/C.utf8/LC_ADDRESS
7f06c6216000-7f06c6217000 r--p 00000000 00:25 13901                      /usr/lib/locale/C.utf8/LC_TELEPHONE
7f06c6217000-7f06c6218000 r--p 00000000 00:25 13895                      /usr/lib/locale/C.utf8/LC_MEASUREMENT
7f06c6218000-7f06c6219000 r--p 00000000 00:25 13894                      /usr/lib/locale/C.utf8/LC_IDENTIFICATION
7f06c6219000-7f06c621a000 ---p 00000000 00:00 0 
7f06c621a000-7f06c621b000 r--p 00000000 00:00 0 
7f06c621b000-7f06c621c000 ---p 00000000 00:00 0 
7f06c621c000-7f06c621e000 rw-p 00000000 00:00 0 
7f06c621e000-7f06c621f000 r--p 00000000 00:25 17646                      /usr/lib/x86_64-linux-gnu/ld-linux-x86-64.so.2
7f06c621f000-7f06c6245000 r-xp 00001000 00:25 17646                      /usr/lib/x86_64-linux-gnu/ld-linux-x86-64.so.2
7f06c6245000-7f06c624f000 r--p 00027000 00:25 17646                      /usr/lib/x86_64-linux-gnu/ld-linux-x86-64.so.2
7f06c624f000-7f06c6251000 r--p 00031000 00:25 17646                      /usr/lib/x86_64-linux-gnu/ld-linux-x86-64.so.2
7f06c6251000-7f06c6253000 rw-p 00033000 00:25 17646                      /usr/lib/x86_64-linux-gnu/ld-linux-x86-64.so.2
7fff74bdb000-7fff74bfc000 rw-p 00000000 00:00 0                          [stack]
7fff74cb2000-7fff74cb5000 r--p 00000000 00:00 0                          [vvar]
7fff74cb5000-7fff74cb7000 r-xp 00000000 00:00 0                          [vdso]
ffffffffff600000-ffffffffff601000 r-xp 00000000 00:00 0                  [vsyscall]


VM Arguments:
jvm_args: --add-opens=java.base/java.lang=ALL-UNNAMED --add-opens=java.base/java.lang.invoke=ALL-UNNAMED --add-opens=java.base/java.util=ALL-UNNAMED --add-opens=java.prefs/java.util.prefs=ALL-UNNAMED --add-exports=jdk.compiler/com.sun.tools.javac.api=ALL-UNNAMED --add-exports=jdk.compiler/com.sun.tools.javac.util=ALL-UNNAMED --add-opens=java.base/java.util=ALL-UNNAMED --add-opens=java.prefs/java.util.prefs=ALL-UNNAMED --add-opens=java.base/java.nio.charset=ALL-UNNAMED --add-opens=java.base/java.net=ALL-UNNAMED --add-opens=java.base/java.util.concurrent=ALL-UNNAMED --add-opens=java.base/java.util.concurrent.atomic=ALL-UNNAMED --add-opens=java.xml/javax.xml.namespace=ALL-UNNAMED --add-opens=java.base/java.time=ALL-UNNAMED -XX:MaxMetaspaceSize=512m -Xmx1400m -Dfile.encoding=UTF-8 -Duser.country -Duser.language=en -Duser.variant -javaagent:/root/.gradle/wrapper/dists/gradle-9.3.1-bin/23ovyewtku6u96viwx3xl3oks/gradle-9.3.1/lib/agents/gradle-instrumentation-agent-9.3.1.jar 
java_command: org.gradle.launcher.daemon.bootstrap.GradleDaemon 9.3.1
java_class_path (initial): /root/.gradle/wrapper/dists/gradle-9.3.1-bin/23ovyewtku6u96viwx3xl3oks/gradle-9.3.1/lib/gradle-daemon-main-9.3.1.jar
Launcher Type: SUN_STANDARD

[Global flags]
     intx CICompilerCount                          = 2                                         {product} {ergonomic}
   size_t CompressedClassSpaceSize                 = 436207616                                 {product} {ergonomic}
     uint ConcGCThreads                            = 1                                         {product} {ergonomic}
     uint G1ConcRefinementThreads                  = 2                                         {product} {ergonomic}
   size_t G1HeapRegionSize                         = 1048576                                   {product} {ergonomic}
    uintx GCDrainStackTargetSize                   = 64                                        {product} {ergonomic}
   size_t InitialHeapSize                          = 33554432                                  {product} {ergonomic}
   size_t MarkStackSize                            = 4194304                                   {product} {ergonomic}
   size_t MaxHeapSize                              = 1468006400                                {product} {command line}
   size_t MaxMetaspaceSize                         = 536870912                                 {product} {command line}
   size_t MaxNewSize                               = 880803840                                 {product} {ergonomic}
   size_t MinHeapDeltaBytes                        = 1048576                                   {product} {ergonomic}
   size_t MinHeapSize                              = 8388608                                   {product} {ergonomic}
    uintx NonNMethodCodeHeapSize                   = 5826188                                {pd product} {ergonomic}
    uintx NonProfiledCodeHeapSize                  = 122916026                              {pd product} {ergonomic}
    uintx ProfiledCodeHeapSize                     = 122916026                              {pd product} {ergonomic}
    uintx ReservedCodeCacheSize                    = 251658240                              {pd product} {ergonomic}
     bool SegmentedCodeCache                       = true                                      {product} {ergonomic}
   size_t SoftMaxHeapSize                          = 1468006400                             {manageable} {ergonomic}
     bool UseCompressedClassPointers               = true                           {product lp64_product} {ergonomic}
     bool UseCompressedOops                        = true                           {product lp64_product} {ergonomic}
     bool UseG1GC                                  = true                                      {product} {ergonomic}

Logging:
Log output configuration:
 #0: stdout all=warning uptime,level,tags
 #1: stderr all=off uptime,level,tags

Environment Variables:
PATH=/usr/local/sbin:/usr/local/bin:/usr/sbin:/usr/bin:/sbin:/bin
SHELL=/bin/bash
LANG=C.UTF-8
LC_ALL=C.UTF-8
TERM=tmux-256color

Active Locale:
LC_ALL=C.UTF-8
LC_COLLATE=C.UTF-8
LC_CTYPE=C.UTF-8
LC_MESSAGES=C.UTF-8
LC_MONETARY=C.UTF-8
LC_NUMERIC=C.UTF-8
LC_TIME=C.UTF-8

Signal Handlers:
   SIGSEGV: crash_handler in libjvm.so, mask=11100100010111111101111111111110, flags=SA_RESTART|SA_SIGINFO, unblocked
    SIGBUS: crash_handler in libjvm.so, mask=11100100010111111101111111111110, flags=SA_RESTART|SA_SIGINFO, unblocked
    SIGFPE: crash_handler in libjvm.so, mask=11100100010111111101111111111110, flags=SA_RESTART|SA_SIGINFO, unblocked
   SIGPIPE: javaSignalHandler in libjvm.so, mask=11100100010111111101111111111110, flags=SA_RESTART|SA_SIGINFO, unblocked
   SIGXFSZ: javaSignalHandler in libjvm.so, mask=11100100010111111101111111111110, flags=SA_RESTART|SA_SIGINFO, unblocked
    SIGILL: crash_handler in libjvm.so, mask=11100100010111111101111111111110, flags=SA_RESTART|SA_SIGINFO, unblocked
   SIGUSR2: SR_handler in libjvm.so, mask=00100000000000000000000000000000, flags=SA_RESTART|SA_SIGINFO, unblocked
    SIGHUP: UserHandler in libjvm.so, mask=11100100010111111101111111111110, flags=SA_RESTART|SA_SIGINFO, unblocked
    SIGINT: UserHandler in libjvm.so, mask=11100100010111111101111111111110, flags=SA_RESTART|SA_SIGINFO, unblocked
   SIGTERM: UserHandler in libjvm.so, mask=11100100010111111101111111111110, flags=SA_RESTART|SA_SIGINFO, unblocked
   SIGQUIT: UserHandler in libjvm.so, mask=11100100010111111101111111111110, flags=SA_RESTART|SA_SIGINFO, unblocked
   SIGTRAP: crash_handler in libjvm.so, mask=11100100010111111101111111111110, flags=SA_RESTART|SA_SIGINFO, unblocked


Periodic native trim disabled


---------------  S Y S T E M  ---------------

OS:
PRETTY_NAME="Debian GNU/Linux 12 (bookworm)"
NAME="Debian GNU/Linux"
VERSION_ID="12"
VERSION="12 (bookworm)"
VERSION_CODENAME=bookworm
ID=debian
HOME_URL="https://www.debian.org/"
SUPPORT_URL="https://www.debian.org/support"
BUG_REPORT_URL="https://bugs.debian.org/"
uname: Linux 4.19.91-c8dfc93.al7.x86_64 #1 SMP Tue Sep 26 10:25:51 UTC 2023 x86_64
OS uptime: 0 days 0:22 hours
libc: glibc 2.36 NPTL 2.36 
rlimit (soft/hard): STACK 8192k/infinity , CORE 0k/0k , NPROC 100000/100000 , NOFILE 100000/100000 , AS infinity/infinity , CPU infinity/infinity , DATA infinity/infinity , FSIZE infinity/infinity , MEMLOCK 64k/64k
load average: 1.12 1.77 1.26

/proc/meminfo:
MemTotal:        2152516 kB
MemFree:           31552 kB
MemAvailable:      12788 kB
Buffers:             436 kB
Cached:            17372 kB
SwapCached:            0 kB
Active:          2035232 kB
Inactive:           9960 kB
Active(anon):    2027420 kB
Inactive(anon):       16 kB
Active(file):       7812 kB
Inactive(file):     9944 kB
Unevictable:           0 kB
Mlocked:               0 kB
SwapTotal:             0 kB
SwapFree:              0 kB
Dirty:               212 kB
Writeback:             0 kB
AnonPages:       2027404 kB
Mapped:            13112 kB
Shmem:                32 kB
Slab:              24828 kB
SReclaimable:      12160 kB
SUnreclaim:        12668 kB
KernelStack:        2992 kB
PageTables:         5640 kB
NFS_Unstable:          0 kB
Bounce:                0 kB
WritebackTmp:          0 kB
CommitLimit:     1076256 kB
Committed_AS:    2339600 kB
VmallocTotal:   34359738367 kB
VmallocUsed:           0 kB
VmallocChunk:          0 kB
Percpu:              400 kB
AnonHugePages:    475136 kB
ShmemHugePages:        0 kB
ShmemPmdMapped:        0 kB
HugePages_Total:       0
HugePages_Free:        0
HugePages_Rsvd:        0
HugePages_Surp:        0
Hugepagesize:       2048 kB
Hugetlb:               0 kB
DirectMap4k:        8192 kB
DirectMap2M:     2523136 kB
DirectMap1G:           0 kB

/sys/kernel/mm/transparent_hugepage/enabled: [always] madvise never
/sys/kernel/mm/transparent_hugepage/hpage_pmd_size: 2097152
/sys/kernel/mm/transparent_hugepage/defrag (defrag/compaction efforts parameter): always defer defer+madvise madvise [never]

Process Memory:
Virtual Size: 3169728K (peak: 3546560K)
Resident Set Size: 759504K (peak: 759504K) (anon: 751036K, file: 8468K, shmem: 0K)
Swapped out: 0K
C-Heap outstanding allocations: 92702K, retained: 28569K
glibc malloc tunables: (default)

/proc/sys/kernel/threads-max (system-wide limit on the number of threads): 1129
/proc/sys/vm/max_map_count (maximum number of memory map areas a process may have): 65530
/proc/sys/vm/swappiness (control to define how aggressively the kernel swaps out anonymous memory): 60
/proc/sys/kernel/pid_max (system-wide limit on number of process identifiers): 32768

container (cgroup) information:
container_type: cgroupv1
cpu_cpuset_cpus: 0-1
cpu_memory_nodes: 0
active_processor_count: 2
cpu_quota: no quota
cpu_period: 100000
cpu_shares: 12288
memory_limit_in_bytes: 2097152 k
memory_and_swap_limit_in_bytes: unlimited
memory_soft_limit_in_bytes: unlimited
memory_usage_in_bytes: 2058976 k
memory_max_usage_in_bytes: 2065640 k
rss_usage_in_bytes: 2020284 k
cache_usage_in_bytes: 17916 k
kernel_memory_limit_in_bytes: unlimited
kernel_memory_usage_in_bytes: 20608 k
kernel_memory_max_usage_in_bytes: 94476 k
maximum number of tasks: unlimited
current number of tasks: 113

KVM virtualization detected
Steal ticks since vm start: 2873
Steal ticks percentage since vm start:  0.380

CPU: total 2 (initial active 2) (2 cores per cpu, 1 threads per core) family 6 model 106 stepping 6 microcode 0x1, cx8, cmov, fxsr, mmx, 3dnowpref, sse, sse2, sse3, ssse3, sse4.1, sse4.2, popcnt, lzcnt, tsc, tscinvbit, avx, avx2, aes, erms, clmul, bmi1, bmi2, adx, avx512f, avx512dq, avx512cd, avx512bw, avx512vl, sha, fma, vzeroupper, avx512_vpopcntdq, avx512_vpclmulqdq, avx512_vaes, avx512_vnni, clflush, clflushopt, clwb, avx512_vbmi2, avx512_vbmi, hv
CPU Model and flags from /proc/cpuinfo:
model name	: Intel(R) Xeon(R) Processor @ 2.90GHz
flags		: fpu vme de pse tsc msr pae mce cx8 apic sep mtrr pge mca cmov pat pse36 clflush mmx fxsr sse sse2 ss ht syscall nx pdpe1gb rdtscp lm constant_tsc rep_good nopl xtopology nonstop_tsc cpuid tsc_known_freq pni pclmulqdq ssse3 fma cx16 pcid sse4_1 sse4_2 x2apic movbe popcnt tsc_deadline_timer aes xsave avx f16c rdrand hypervisor lahf_lm abm 3dnowprefetch cpuid_fault invpcid_single ssbd ibrs ibpb stibp ibrs_enhanced fsgsbase tsc_adjust bmi1 avx2 smep bmi2 erms invpcid avx512f avx512dq rdseed adx smap avx512ifma clflushopt clwb avx512cd sha_ni avx512bw avx512vl xsaveopt xsavec xgetbv1 xsaves avx512vbmi umip avx512_vbmi2 gfni vaes vpclmulqdq avx512_vnni avx512_bitalg avx512_vpopcntdq md_clear arch_capabilities

Online cpus: 0-1
Offline cpus: 
BIOS frequency limitation: <Not Available>
Frequency switch latency (ns): <Not Available>
Available cpu frequencies: <Not Available>
Current governor: <Not Available>
Core performance/turbo boost: <Not Available>

Memory: 4k page, physical 2097152k(38048k free), swap 0k(0k free)
Page Sizes: 4k

vm_info: OpenJDK 64-Bit Server VM (17.0.20+8-1-deb12u1-Debian) for linux-amd64 JRE (17.0.20+8-1-deb12u1-Debian), built on Jul 28 2026 07:08:51 by "buildd" with gcc 12.2.0

END.
