#
# There is insufficient memory for the Java Runtime Environment to continue.
# Native memory allocation (mmap) failed to map 153092096 bytes. Error detail: committing reserved memory.
# Possible reasons:
#   The system is out of physical RAM or swap space
#   This process is running with CompressedOops enabled, and the Java Heap may be blocking the growth of the native heap
# Possible solutions:
#   Reduce memory load on the system
#   Increase physical memory or swap space
#   Check if swap backing store is full
#   Decrease Java heap size (-Xmx/-Xms)
#   Decrease number of Java threads
#   Decrease Java thread stack sizes (-Xss)
#   Set larger code cache with -XX:ReservedCodeCacheSize=
#   JVM is running with Unscaled Compressed Oops mode in which the Java heap is
#     placed in the first 4GB address space. The Java Heap base address is the
#     maximum limit for the native heap growth. Please use -XX:HeapBaseMinAddress
#     to set the Java Heap base and to place the Java Heap above 4GB virtual address.
# This output file may be truncated or incomplete.
#
#  Out of Memory Error (os_linux.cpp:2834), pid=4090, tid=4100
#
# JRE version: OpenJDK Runtime Environment (17.0.20+8) (build 17.0.20+8-1-deb12u1-Debian)
# Java VM: OpenJDK 64-Bit Server VM (17.0.20+8-1-deb12u1-Debian, mixed mode, sharing, tiered, compressed oops, compressed class ptrs, g1 gc, linux-amd64)
# No core dump will be written. Core dumps have been disabled. To enable core dumping, try "ulimit -c unlimited" before starting Java again
#

---------------  S U M M A R Y ------------

Command Line: --add-opens=java.base/java.lang=ALL-UNNAMED --add-opens=java.base/java.lang.invoke=ALL-UNNAMED --add-opens=java.base/java.util=ALL-UNNAMED --add-opens=java.prefs/java.util.prefs=ALL-UNNAMED --add-exports=jdk.compiler/com.sun.tools.javac.api=ALL-UNNAMED --add-exports=jdk.compiler/com.sun.tools.javac.util=ALL-UNNAMED --add-opens=java.base/java.util=ALL-UNNAMED --add-opens=java.prefs/java.util.prefs=ALL-UNNAMED --add-opens=java.base/java.nio.charset=ALL-UNNAMED --add-opens=java.base/java.net=ALL-UNNAMED --add-opens=java.base/java.util.concurrent=ALL-UNNAMED --add-opens=java.base/java.util.concurrent.atomic=ALL-UNNAMED --add-opens=java.xml/javax.xml.namespace=ALL-UNNAMED --add-opens=java.base/java.time=ALL-UNNAMED -XX:MaxMetaspaceSize=384m -Xmx700m -Dfile.encoding=UTF-8 -Duser.country -Duser.language=en -Duser.variant -javaagent:/root/.gradle/wrapper/dists/gradle-9.3.1-bin/23ovyewtku6u96viwx3xl3oks/gradle-9.3.1/lib/agents/gradle-instrumentation-agent-9.3.1.jar org.gradle.launcher.daemon.bootstrap.GradleDaemon 9.3.1

Host: Intel(R) Xeon(R) Processor @ 2.90GHz, 2 cores, 2G, Debian GNU/Linux 12 (bookworm)
Time: Sat Sep 26 12:50:21 2026 UTC elapsed time: 37.059601 seconds (0d 0h 0m 37s)

---------------  T H R E A D  ---------------

Current thread (0x00007f4340099fd0):  VMThread "VM Thread" [stack: 0x00007f4324f20000,0x00007f4325020000] [id=4100]

Stack: [0x00007f4324f20000,0x00007f4325020000],  sp=0x00007f432501e020,  free space=1016k
Native frames: (J=compiled Java code, j=interpreted, Vv=VM code, C=native code)
V  [libjvm.so+0xf21211]  VMError::report_and_die(int, char const*, char const*, __va_list_tag*, Thread*, unsigned char*, void*, void*, char const*, int, unsigned long)+0x171
V  [libjvm.so+0xf21d7d]  VMError::report_and_die(Thread*, char const*, int, unsigned long, VMErrorType, char const*, __va_list_tag*)+0x2d
V  [libjvm.so+0x60378c]  report_vm_out_of_memory(char const*, int, unsigned long, VMErrorType, char const*, ...)+0xdc
V  [libjvm.so+0xc2a14b]  os::pd_commit_memory_or_exit(char*, unsigned long, unsigned long, bool, char const*)+0xeb
V  [libjvm.so+0xc23ffb]  os::commit_memory_or_exit(char*, unsigned long, unsigned long, bool, char const*)+0x1b
V  [libjvm.so+0x733436]  G1PageBasedVirtualSpace::commit(unsigned long, unsigned long)+0x66
V  [libjvm.so+0x7473e0]  G1RegionsLargerThanCommitSizeMapper::commit_regions(unsigned int, unsigned long, WorkGang*)+0x110
V  [libjvm.so+0x7dadc8]  HeapRegionManager::commit_regions(unsigned int, unsigned long, WorkGang*)+0x88
V  [libjvm.so+0x7dcc0b]  HeapRegionManager::expand(unsigned int, unsigned int, WorkGang*)+0x2b
V  [libjvm.so+0x7dce27]  HeapRegionManager::expand_by(unsigned int, WorkGang*)+0x77
V  [libjvm.so+0x6ebed8]  G1CollectedHeap::expand(unsigned long, WorkGang*, double*)+0xe8
V  [libjvm.so+0x6eea5d]  G1CollectedHeap::resize_heap_if_necessary()+0x3d
V  [libjvm.so+0x6fbd64]  G1ConcurrentMark::remark()+0x3d4
V  [libjvm.so+0x76b861]  VM_G1PauseConcurrent::doit()+0x181
V  [libjvm.so+0xf26715]  VM_Operation::evaluate()+0xe5
V  [libjvm.so+0xf28005]  VMThread::evaluate_operation(VM_Operation*)+0x105
V  [libjvm.so+0xf2857f]  VMThread::inner_execute(VM_Operation*)+0x28f
V  [libjvm.so+0xf2878f]  VMThread::run()+0xbf
V  [libjvm.so+0xea40a5]  Thread::call_run()+0xa5
V  [libjvm.so+0xc2c8f3]  thread_native_entry(Thread*)+0xe3

VM_Operation (0x00007f4327812bf0): G1PauseRemark, mode: safepoint, requested by thread 0x00007f4340054c00


---------------  P R O C E S S  ---------------

Threads class SMR info:
_java_thread_list=0x00007f42d00b4d20, length=58, elements={
0x00007f434001af50, 0x00007f434009e0d0, 0x00007f434009f4b0, 0x00007f43400a5d80,
0x00007f43400a7130, 0x00007f43400a8540, 0x00007f43400a9ef0, 0x00007f43400ab420,
0x00007f43400ac890, 0x00007f43400d0990, 0x00007f434019c250, 0x00007f43412fb180,
0x00007f4341381b30, 0x00007f43413b2c90, 0x00007f42e0017e90, 0x00007f42e8005ec0,
0x00007f42e800b130, 0x00007f42e8011570, 0x00007f43100051a0, 0x00007f431000c7b0,
0x00007f4310016ed0, 0x00007f43101b29c0, 0x00007f43101b58e0, 0x00007f43101ec580,
0x00007f4310c21b80, 0x00007f4310c264d0, 0x00007f4310ccb780, 0x00007f4310daf700,
0x00007f4310e40550, 0x00007f4310e5e120, 0x00007f4311086a90, 0x00007f43110b45d0,
0x00007f43110a3c70, 0x00007f43103b6e10, 0x00007f43104576f0, 0x00007f4310457110,
0x00007f4311a22d00, 0x00007f4311b637c0, 0x00007f431244bbb0, 0x00005610207c9870,
0x00007f42d401af80, 0x00007f42d40815f0, 0x00007f42d408bf40, 0x00007f42d408df40,
0x000056102084cef0, 0x000056102084c430, 0x0000561020820580, 0x00005610208221a0,
0x0000561020823420, 0x00007f42d4090050, 0x00007f42d4098600, 0x00007f42d40a8ab0,
0x00007f42d409ae60, 0x0000561020821140, 0x00007f42d40a43f0, 0x0000561020921ec0,
0x00007f42d4481540, 0x00007f42d025d330
}

Java Threads: ( => current thread )
  0x00007f434001af50 JavaThread "main" [_thread_blocked, id=4094, stack(0x00007f434428b000,0x00007f434438b000)]
  0x00007f434009e0d0 JavaThread "Reference Handler" daemon [_thread_blocked, id=4101, stack(0x00007f4324e1f000,0x00007f4324f1f000)]
  0x00007f434009f4b0 JavaThread "Finalizer" daemon [_thread_blocked, id=4102, stack(0x00007f4324d1e000,0x00007f4324e1e000)]
  0x00007f43400a5d80 JavaThread "Signal Dispatcher" daemon [_thread_blocked, id=4103, stack(0x00007f4324bc6000,0x00007f4324cc6000)]
  0x00007f43400a7130 JavaThread "Service Thread" daemon [_thread_blocked, id=4104, stack(0x00007f4324ac5000,0x00007f4324bc5000)]
  0x00007f43400a8540 JavaThread "Monitor Deflation Thread" daemon [_thread_blocked, id=4105, stack(0x00007f43249c4000,0x00007f4324ac4000)]
  0x00007f43400a9ef0 JavaThread "C2 CompilerThread0" daemon [_thread_blocked, id=4106, stack(0x00007f43248c3000,0x00007f43249c3000)]
  0x00007f43400ab420 JavaThread "C1 CompilerThread0" daemon [_thread_blocked, id=4107, stack(0x00007f43247c2000,0x00007f43248c2000)]
  0x00007f43400ac890 JavaThread "Sweeper thread" daemon [_thread_blocked, id=4108, stack(0x00007f43246c1000,0x00007f43247c1000)]
  0x00007f43400d0990 JavaThread "Common-Cleaner" daemon [_thread_blocked, id=4109, stack(0x00007f43245c0000,0x00007f43246c0000)]
  0x00007f434019c250 JavaThread "Notification Thread" daemon [_thread_blocked, id=4110, stack(0x00007f43244bf000,0x00007f43245bf000)]
  0x00007f43412fb180 JavaThread "Daemon health stats" [_thread_blocked, id=4117, stack(0x00007f42f6f00000,0x00007f42f7000000)]
  0x00007f4341381b30 JavaThread "Incoming local TCP Connector on port 36153" [_thread_in_native, id=4119, stack(0x00007f42f6b00000,0x00007f42f6c00000)]
  0x00007f43413b2c90 JavaThread "Daemon periodic checks" [_thread_blocked, id=4120, stack(0x00007f42f69ff000,0x00007f42f6aff000)]
  0x00007f42e0017e90 JavaThread "Daemon" [_thread_blocked, id=4121, stack(0x00007f42f68fe000,0x00007f42f69fe000)]
  0x00007f42e8005ec0 JavaThread "Handler for socket connection from /127.0.0.1:36153 to /127.0.0.1:37506" [_thread_in_native, id=4122, stack(0x00007f42f67fd000,0x00007f42f68fd000)]
  0x00007f42e800b130 JavaThread "Cancel handler" [_thread_blocked, id=4123, stack(0x00007f42f66fc000,0x00007f42f67fc000)]
  0x00007f42e8011570 JavaThread "Daemon worker" [_thread_blocked, id=4124, stack(0x00007f42f65fb000,0x00007f42f66fb000)]
  0x00007f43100051a0 JavaThread "Asynchronous log dispatcher for DefaultDaemonConnection: socket connection from /127.0.0.1:36153 to /127.0.0.1:37506" [_thread_blocked, id=4125, stack(0x00007f42f64fa000,0x00007f42f65fa000)]
  0x00007f431000c7b0 JavaThread "Stdin handler" [_thread_blocked, id=4126, stack(0x00007f42f63f9000,0x00007f42f64f9000)]
  0x00007f4310016ed0 JavaThread "Daemon client event forwarder" [_thread_blocked, id=4127, stack(0x00007f42f62f8000,0x00007f42f63f8000)]
  0x00007f43101b29c0 JavaThread "Cache worker for journal cache (/root/.gradle/caches/journal-1)" [_thread_blocked, id=4129, stack(0x00007f42f61f7000,0x00007f42f62f7000)]
  0x00007f43101b58e0 JavaThread "File lock request listener" [_thread_in_native, id=4130, stack(0x00007f42f60f6000,0x00007f42f61f6000)]
  0x00007f43101ec580 JavaThread "Cache worker for file hash cache (/root/.gradle/caches/9.3.1/fileHashes)" [_thread_blocked, id=4131, stack(0x00007f42f5ff5000,0x00007f42f60f5000)]
  0x00007f4310c21b80 JavaThread "Cache worker for file hash cache (/workspace/.gradle/9.3.1/fileHashes)" [_thread_blocked, id=4134, stack(0x00007f42f5ef4000,0x00007f42f5ff4000)]
  0x00007f4310c264d0 JavaThread "Cache worker for Build Output Cleanup Cache (/workspace/.gradle/buildOutputCleanup)" [_thread_blocked, id=4135, stack(0x00007f42f5df3000,0x00007f42f5ef3000)]
  0x00007f4310ccb780 JavaThread "Cache worker for checksums cache (/workspace/.gradle/9.3.1/checksums)" [_thread_blocked, id=4138, stack(0x00007f42f5cf2000,0x00007f42f5df2000)]
  0x00007f4310daf700 JavaThread "Cache worker for file content cache (/root/.gradle/caches/9.3.1/fileContent)" [_thread_blocked, id=4139, stack(0x00007f42f5bf1000,0x00007f42f5cf1000)]
  0x00007f4310e40550 JavaThread "Cache worker for cache directory md-supplier (/root/.gradle/caches/9.3.1/md-supplier)" [_thread_blocked, id=4140, stack(0x00007f42f5af0000,0x00007f42f5bf0000)]
  0x00007f4310e5e120 JavaThread "Cache worker for cache directory md-rule (/root/.gradle/caches/9.3.1/md-rule)" [_thread_blocked, id=4141, stack(0x00007f42f59ef000,0x00007f42f5aef000)]
  0x00007f4311086a90 JavaThread "Unconstrained build operations" [_thread_blocked, id=4147, stack(0x00007f42f58ee000,0x00007f42f59ee000)]
  0x00007f43110b45d0 JavaThread "Unconstrained build operations Thread 2" [_thread_blocked, id=4148, stack(0x00007f42f57ed000,0x00007f42f58ed000)]
  0x00007f43110a3c70 JavaThread "Unconstrained build operations Thread 3" [_thread_blocked, id=4149, stack(0x00007f42f56ec000,0x00007f42f57ec000)]
  0x00007f43103b6e10 JavaThread "Unconstrained build operations Thread 4" [_thread_blocked, id=4155, stack(0x00007f42f55eb000,0x00007f42f56eb000)]
  0x00007f43104576f0 JavaThread "Unconstrained build operations Thread 5" [_thread_blocked, id=4156, stack(0x00007f42f54ea000,0x00007f42f55ea000)]
  0x00007f4310457110 JavaThread "Unconstrained build operations Thread 6" [_thread_blocked, id=4159, stack(0x00007f42f53e9000,0x00007f42f54e9000)]
  0x00007f4311a22d00 JavaThread "Memory manager" [_thread_blocked, id=4167, stack(0x00007f42f52e8000,0x00007f42f53e8000)]
  0x00007f4311b637c0 JavaThread "build event listener" [_thread_blocked, id=4170, stack(0x00007f42f51e7000,0x00007f42f52e7000)]
  0x00007f431244bbb0 JavaThread "included builds" [_thread_blocked, id=4188, stack(0x00007f42f50e6000,0x00007f42f51e6000)]
  0x00005610207c9870 JavaThread "Execution worker" [_thread_blocked, id=4189, stack(0x00007f42f4fe5000,0x00007f42f50e5000)]
  0x00007f42d401af80 JavaThread "Cache worker for execution history cache (/workspace/.gradle/9.3.1/executionHistory)" [_thread_blocked, id=4190, stack(0x00007f42f4ee4000,0x00007f42f4fe4000)]
  0x00007f42d40815f0 JavaThread "Unconstrained build operations Thread 7" [_thread_blocked, id=4193, stack(0x00007f42f4de3000,0x00007f42f4ee3000)]
  0x00007f42d408bf40 JavaThread "Unconstrained build operations Thread 8" [_thread_blocked, id=4195, stack(0x00007f42f4ce2000,0x00007f42f4de2000)]
  0x00007f42d408df40 JavaThread "Unconstrained build operations Thread 9" [_thread_blocked, id=4197, stack(0x00007f42f4be1000,0x00007f42f4ce1000)]
  0x000056102084cef0 JavaThread "Unconstrained build operations Thread 10" [_thread_blocked, id=4198, stack(0x00007f42f4ae0000,0x00007f42f4be0000)]
  0x000056102084c430 JavaThread "Unconstrained build operations Thread 11" [_thread_blocked, id=4199, stack(0x00007f42f49df000,0x00007f42f4adf000)]
  0x0000561020820580 JavaThread "Unconstrained build operations Thread 12" [_thread_blocked, id=4201, stack(0x00007f42f48de000,0x00007f42f49de000)]
  0x00005610208221a0 JavaThread "Unconstrained build operations Thread 13" [_thread_blocked, id=4202, stack(0x00007f42f47dd000,0x00007f42f48dd000)]
  0x0000561020823420 JavaThread "Unconstrained build operations Thread 14" [_thread_blocked, id=4203, stack(0x00007f42f46dc000,0x00007f42f47dc000)]
  0x00007f42d4090050 JavaThread "Unconstrained build operations Thread 15" [_thread_blocked, id=4204, stack(0x00007f42f45db000,0x00007f42f46db000)]
  0x00007f42d4098600 JavaThread "Unconstrained build operations Thread 16" [_thread_blocked, id=4205, stack(0x00007f42f44da000,0x00007f42f45da000)]
  0x00007f42d40a8ab0 JavaThread "Unconstrained build operations Thread 17" [_thread_blocked, id=4207, stack(0x00007f42f43d9000,0x00007f42f44d9000)]
  0x00007f42d409ae60 JavaThread "Unconstrained build operations Thread 18" [_thread_blocked, id=4208, stack(0x00007f42f42d8000,0x00007f42f43d8000)]
  0x0000561020821140 JavaThread "Unconstrained build operations Thread 19" [_thread_blocked, id=4209, stack(0x00007f42f41d7000,0x00007f42f42d7000)]
  0x00007f42d40a43f0 JavaThread "Unconstrained build operations Thread 20" [_thread_blocked, id=4210, stack(0x00007f42f40d6000,0x00007f42f41d6000)]
  0x0000561020921ec0 JavaThread "WorkerExecutor Queue" [_thread_blocked, id=4215, stack(0x00007f42cbf00000,0x00007f42cc000000)]
  0x00007f42d4481540 JavaThread "ForkJoinPool-1-worker-1" daemon [_thread_blocked, id=4220, stack(0x00007f42cbdff000,0x00007f42cbeff000)]
  0x00007f42d025d330 JavaThread "ForkJoinPool-1-worker-2" daemon [_thread_blocked, id=4221, stack(0x00007f42cbcfe000,0x00007f42cbdfe000)]

Other Threads:
=>0x00007f4340099fd0 VMThread "VM Thread" [stack: 0x00007f4324f20000,0x00007f4325020000] [id=4100]
  0x00007f434001d2c0 WatcherThread [stack: 0x00007f43243be000,0x00007f43244be000] [id=4111]
  0x00007f434004dea0 GCTaskThread "GC Thread#0" [stack: 0x00007f4327815000,0x00007f4327915000] [id=4095]
  0x00007f42f0004990 GCTaskThread "GC Thread#1" [stack: 0x00007f43242bd000,0x00007f43243bd000] [id=4112]
  0x00007f4340054c00 ConcurrentGCThread "G1 Main Marker" [stack: 0x00007f4327714000,0x00007f4327814000] [id=4096]
  0x00007f4340055b70 ConcurrentGCThread "G1 Conc#0" [stack: 0x00007f4327613000,0x00007f4327713000] [id=4097]
  0x00007f43400747a0 ConcurrentGCThread "G1 Refine#0" [stack: 0x00007f4325310000,0x00007f4325410000] [id=4098]
  0x00007f4310000ea0 ConcurrentGCThread "G1 Refine#1" [stack: 0x00007f43240bf000,0x00007f43241bf000] [id=4114]
  0x00007f43400756a0 ConcurrentGCThread "G1 Service" [stack: 0x00007f432520f000,0x00007f432530f000] [id=4099]

Threads with active compile tasks:
C2 CompilerThread0  37066 14738       4       com.android.tools.r8.graph.h9::a (69 bytes)

VM state: at safepoint (normal execution)

VM Mutex/Monitor currently owned by a thread:  ([mutex/lock_event])
[0x00007f4340017d40] Threads_lock - owner thread: 0x00007f4340099fd0
[0x00007f43400184f0] Heap_lock - owner thread: 0x00007f4340054c00

Heap address: 0x00000000d4400000, size: 700 MB, Compressed Oops mode: 32-bit

CDS archive(s) mapped at: [0x00007f42fb000000-0x00007f42fbbca000-0x00007f42fbbca000), size 12361728, SharedBaseAddress: 0x00007f42fb000000, ArchiveRelocationMode: 1.
Compressed class space mapped at: 0x00007f42fc000000-0x00007f4310000000, reserved size: 335544320
Narrow klass base: 0x00007f42fb000000, Narrow klass shift: 0, Narrow klass range: 0x100000000

GC Precious Log:
 CPUs: 2 total, 2 available
 Memory: 2048M
 Large Page Support: Disabled
 NUMA Support: Disabled
 Compressed Oops: Enabled (32-bit)
 Heap Region Size: 1M
 Heap Min Capacity: 8M
 Heap Initial Capacity: 32M
 Heap Max Capacity: 700M
 Pre-touch: Disabled
 Parallel Workers: 2
 Concurrent Workers: 1
 Concurrent Refinement Workers: 2
 Periodic GC: Disabled

Heap:
 garbage-first heap   total 448512K, used 356276K [0x00000000d4400000, 0x0000000100000000)
  region size 1024K, 15 young (15360K), 6 survivors (6144K)
 Metaspace       used 106351K, committed 107264K, reserved 458752K
  class space    used 14773K, committed 15232K, reserved 327680K

Heap Regions: E=young(eden), S=young(survivor), O=old, HS=humongous(starts), HC=humongous(continues), CS=collection set, F=free, OA=open archive, CA=closed archive, TAMS=top-at-mark-start (previous, next)
|   0|0x00000000d4400000, 0x00000000d4500000, 0x00000000d4500000|100%|HS|  |TAMS 0x00000000d4500000, 0x00000000d4400000| Complete 
|   1|0x00000000d4500000, 0x00000000d4600000, 0x00000000d4600000|100%|HC|  |TAMS 0x00000000d4600000, 0x00000000d4500000| Complete 
|   2|0x00000000d4600000, 0x00000000d4700000, 0x00000000d4700000|100%|HC|  |TAMS 0x00000000d4700000, 0x00000000d4600000| Complete 
|   3|0x00000000d4700000, 0x00000000d4800000, 0x00000000d4800000|100%|HC|  |TAMS 0x00000000d4800000, 0x00000000d4700000| Complete 
|   4|0x00000000d4800000, 0x00000000d4900000, 0x00000000d4900000|100%| O|  |TAMS 0x00000000d4900000, 0x00000000d4800000| Untracked 
|   5|0x00000000d4900000, 0x00000000d4a00000, 0x00000000d4a00000|100%| O|  |TAMS 0x00000000d4a00000, 0x00000000d4900000| Untracked 
|   6|0x00000000d4a00000, 0x00000000d4b00000, 0x00000000d4b00000|100%| O|  |TAMS 0x00000000d4b00000, 0x00000000d4a00000| Untracked 
|   7|0x00000000d4b00000, 0x00000000d4c00000, 0x00000000d4c00000|100%| O|  |TAMS 0x00000000d4c00000, 0x00000000d4b00000| Updating 
|   8|0x00000000d4c00000, 0x00000000d4d00000, 0x00000000d4d00000|100%| O|  |TAMS 0x00000000d4d00000, 0x00000000d4c00000| Untracked 
|   9|0x00000000d4d00000, 0x00000000d4e00000, 0x00000000d4e00000|100%| O|  |TAMS 0x00000000d4e00000, 0x00000000d4d00000| Untracked 
|  10|0x00000000d4e00000, 0x00000000d4f00000, 0x00000000d4f00000|100%|HS|  |TAMS 0x00000000d4f00000, 0x00000000d4e00000| Complete 
|  11|0x00000000d4f00000, 0x00000000d5000000, 0x00000000d5000000|100%| O|  |TAMS 0x00000000d5000000, 0x00000000d4f00000| Untracked 
|  12|0x00000000d5000000, 0x00000000d5100000, 0x00000000d5100000|100%| O|  |TAMS 0x00000000d5100000, 0x00000000d5000000| Untracked 
|  13|0x00000000d5100000, 0x00000000d5200000, 0x00000000d5200000|100%| O|  |TAMS 0x00000000d5200000, 0x00000000d5100000| Untracked 
|  14|0x00000000d5200000, 0x00000000d5300000, 0x00000000d5300000|100%| O|  |TAMS 0x00000000d5300000, 0x00000000d5200000| Untracked 
|  15|0x00000000d5300000, 0x00000000d5400000, 0x00000000d5400000|100%| O|  |TAMS 0x00000000d5400000, 0x00000000d5300000| Updating 
|  16|0x00000000d5400000, 0x00000000d5500000, 0x00000000d5500000|100%| O|  |TAMS 0x00000000d5500000, 0x00000000d5400000| Untracked 
|  17|0x00000000d5500000, 0x00000000d5600000, 0x00000000d5600000|100%| O|  |TAMS 0x00000000d5600000, 0x00000000d5500000| Untracked 
|  18|0x00000000d5600000, 0x00000000d5700000, 0x00000000d5700000|100%| O|  |TAMS 0x00000000d5700000, 0x00000000d5600000| Untracked 
|  19|0x00000000d5700000, 0x00000000d5800000, 0x00000000d5800000|100%| O|  |TAMS 0x00000000d5800000, 0x00000000d5700000| Untracked 
|  20|0x00000000d5800000, 0x00000000d5900000, 0x00000000d5900000|100%| O|  |TAMS 0x00000000d5900000, 0x00000000d5800000| Untracked 
|  21|0x00000000d5900000, 0x00000000d5a00000, 0x00000000d5a00000|100%| O|  |TAMS 0x00000000d5a00000, 0x00000000d5900000| Updating 
|  22|0x00000000d5a00000, 0x00000000d5b00000, 0x00000000d5b00000|100%| O|  |TAMS 0x00000000d5b00000, 0x00000000d5a00000| Untracked 
|  23|0x00000000d5b00000, 0x00000000d5c00000, 0x00000000d5c00000|100%| O|  |TAMS 0x00000000d5c00000, 0x00000000d5b00000| Untracked 
|  24|0x00000000d5c00000, 0x00000000d5d00000, 0x00000000d5d00000|100%| O|  |TAMS 0x00000000d5d00000, 0x00000000d5c00000| Untracked 
|  25|0x00000000d5d00000, 0x00000000d5e00000, 0x00000000d5e00000|100%| O|  |TAMS 0x00000000d5e00000, 0x00000000d5d00000| Untracked 
|  26|0x00000000d5e00000, 0x00000000d5f00000, 0x00000000d5f00000|100%| O|  |TAMS 0x00000000d5f00000, 0x00000000d5e00000| Untracked 
|  27|0x00000000d5f00000, 0x00000000d6000000, 0x00000000d6000000|100%| O|  |TAMS 0x00000000d6000000, 0x00000000d5f00000| Untracked 
|  28|0x00000000d6000000, 0x00000000d6100000, 0x00000000d6100000|100%| O|  |TAMS 0x00000000d6100000, 0x00000000d6000000| Updating 
|  29|0x00000000d6100000, 0x00000000d6200000, 0x00000000d6200000|100%| O|  |TAMS 0x00000000d6200000, 0x00000000d6100000| Untracked 
|  30|0x00000000d6200000, 0x00000000d6300000, 0x00000000d6300000|100%| O|  |TAMS 0x00000000d6300000, 0x00000000d6200000| Untracked 
|  31|0x00000000d6300000, 0x00000000d6400000, 0x00000000d6400000|100%| O|  |TAMS 0x00000000d6400000, 0x00000000d6300000| Updating 
|  32|0x00000000d6400000, 0x00000000d6500000, 0x00000000d6500000|100%| O|  |TAMS 0x00000000d6500000, 0x00000000d6400000| Untracked 
|  33|0x00000000d6500000, 0x00000000d6600000, 0x00000000d6600000|100%| O|  |TAMS 0x00000000d6600000, 0x00000000d6500000| Untracked 
|  34|0x00000000d6600000, 0x00000000d6700000, 0x00000000d6700000|100%| O|  |TAMS 0x00000000d6700000, 0x00000000d6600000| Untracked 
|  35|0x00000000d6700000, 0x00000000d6800000, 0x00000000d6800000|100%| O|  |TAMS 0x00000000d6800000, 0x00000000d6700000| Untracked 
|  36|0x00000000d6800000, 0x00000000d6900000, 0x00000000d6900000|100%| O|  |TAMS 0x00000000d6900000, 0x00000000d6800000| Untracked 
|  37|0x00000000d6900000, 0x00000000d6a00000, 0x00000000d6a00000|100%| O|  |TAMS 0x00000000d6a00000, 0x00000000d6900000| Updating 
|  38|0x00000000d6a00000, 0x00000000d6b00000, 0x00000000d6b00000|100%| O|  |TAMS 0x00000000d6b00000, 0x00000000d6a00000| Untracked 
|  39|0x00000000d6b00000, 0x00000000d6c00000, 0x00000000d6c00000|100%|HS|  |TAMS 0x00000000d6c00000, 0x00000000d6b00000| Complete 
|  40|0x00000000d6c00000, 0x00000000d6d00000, 0x00000000d6d00000|100%|HS|  |TAMS 0x00000000d6d00000, 0x00000000d6c00000| Complete 
|  41|0x00000000d6d00000, 0x00000000d6e00000, 0x00000000d6e00000|100%|HS|  |TAMS 0x00000000d6e00000, 0x00000000d6d00000| Complete 
|  42|0x00000000d6e00000, 0x00000000d6f00000, 0x00000000d6f00000|100%|HC|  |TAMS 0x00000000d6f00000, 0x00000000d6e00000| Complete 
|  43|0x00000000d6f00000, 0x00000000d7000000, 0x00000000d7000000|100%| O|  |TAMS 0x00000000d7000000, 0x00000000d6f00000| Untracked 
|  44|0x00000000d7000000, 0x00000000d7100000, 0x00000000d7100000|100%| O|  |TAMS 0x00000000d7100000, 0x00000000d7000000| Updating 
|  45|0x00000000d7100000, 0x00000000d7200000, 0x00000000d7200000|100%|HS|  |TAMS 0x00000000d7200000, 0x00000000d7100000| Complete 
|  46|0x00000000d7200000, 0x00000000d7300000, 0x00000000d7300000|100%|HS|  |TAMS 0x00000000d7300000, 0x00000000d7200000| Complete 
|  47|0x00000000d7300000, 0x00000000d7400000, 0x00000000d7400000|100%|HS|  |TAMS 0x00000000d7400000, 0x00000000d7300000| Complete 
|  48|0x00000000d7400000, 0x00000000d7500000, 0x00000000d7500000|100%| O|  |TAMS 0x00000000d7500000, 0x00000000d7400000| Untracked 
|  49|0x00000000d7500000, 0x00000000d7600000, 0x00000000d7600000|100%| O|  |TAMS 0x00000000d7600000, 0x00000000d7500000| Untracked 
|  50|0x00000000d7600000, 0x00000000d7700000, 0x00000000d7700000|100%| O|  |TAMS 0x00000000d7700000, 0x00000000d7600000| Untracked 
|  51|0x00000000d7700000, 0x00000000d7800000, 0x00000000d7800000|100%| O|  |TAMS 0x00000000d7800000, 0x00000000d7700000| Untracked 
|  52|0x00000000d7800000, 0x00000000d7900000, 0x00000000d7900000|100%| O|  |TAMS 0x00000000d7900000, 0x00000000d7800000| Untracked 
|  53|0x00000000d7900000, 0x00000000d7a00000, 0x00000000d7a00000|100%| O|  |TAMS 0x00000000d7a00000, 0x00000000d7900000| Untracked 
|  54|0x00000000d7a00000, 0x00000000d7b00000, 0x00000000d7b00000|100%|HS|  |TAMS 0x00000000d7b00000, 0x00000000d7a00000| Complete 
|  55|0x00000000d7b00000, 0x00000000d7c00000, 0x00000000d7c00000|100%| O|  |TAMS 0x00000000d7c00000, 0x00000000d7b00000| Updating 
|  56|0x00000000d7c00000, 0x00000000d7d00000, 0x00000000d7d00000|100%| O|  |TAMS 0x00000000d7d00000, 0x00000000d7c00000| Untracked 
|  57|0x00000000d7d00000, 0x00000000d7e00000, 0x00000000d7e00000|100%|HS|  |TAMS 0x00000000d7e00000, 0x00000000d7d00000| Complete 
|  58|0x00000000d7e00000, 0x00000000d7f00000, 0x00000000d7f00000|100%|HC|  |TAMS 0x00000000d7f00000, 0x00000000d7e00000| Complete 
|  59|0x00000000d7f00000, 0x00000000d8000000, 0x00000000d8000000|100%| O|  |TAMS 0x00000000d8000000, 0x00000000d7f00000| Untracked 
|  60|0x00000000d8000000, 0x00000000d8100000, 0x00000000d8100000|100%| O|  |TAMS 0x00000000d8100000, 0x00000000d8000000| Untracked 
|  61|0x00000000d8100000, 0x00000000d8200000, 0x00000000d8200000|100%| O|  |TAMS 0x00000000d8200000, 0x00000000d8100000| Updating 
|  62|0x00000000d8200000, 0x00000000d8300000, 0x00000000d8300000|100%| O|  |TAMS 0x00000000d8300000, 0x00000000d8200000| Untracked 
|  63|0x00000000d8300000, 0x00000000d8400000, 0x00000000d8400000|100%| O|  |TAMS 0x00000000d8400000, 0x00000000d8300000| Untracked 
|  64|0x00000000d8400000, 0x00000000d8500000, 0x00000000d8500000|100%| O|  |TAMS 0x00000000d8500000, 0x00000000d8400000| Untracked 
|  65|0x00000000d8500000, 0x00000000d8600000, 0x00000000d8600000|100%| O|  |TAMS 0x00000000d8600000, 0x00000000d8500000| Untracked 
|  66|0x00000000d8600000, 0x00000000d8700000, 0x00000000d8700000|100%| O|  |TAMS 0x00000000d8700000, 0x00000000d8600000| Untracked 
|  67|0x00000000d8700000, 0x00000000d8800000, 0x00000000d8800000|100%|HS|  |TAMS 0x00000000d8800000, 0x00000000d8700000| Complete 
|  68|0x00000000d8800000, 0x00000000d8900000, 0x00000000d8900000|100%| O|  |TAMS 0x00000000d8900000, 0x00000000d8800000| Untracked 
|  69|0x00000000d8900000, 0x00000000d8a00000, 0x00000000d8a00000|100%| O|  |TAMS 0x00000000d8a00000, 0x00000000d8900000| Untracked 
|  70|0x00000000d8a00000, 0x00000000d8b00000, 0x00000000d8b00000|100%| O|  |TAMS 0x00000000d8b00000, 0x00000000d8a00000| Untracked 
|  71|0x00000000d8b00000, 0x00000000d8c00000, 0x00000000d8c00000|100%| O|  |TAMS 0x00000000d8c00000, 0x00000000d8b00000| Untracked 
|  72|0x00000000d8c00000, 0x00000000d8d00000, 0x00000000d8d00000|100%| O|  |TAMS 0x00000000d8d00000, 0x00000000d8c00000| Untracked 
|  73|0x00000000d8d00000, 0x00000000d8e00000, 0x00000000d8e00000|100%| O|  |TAMS 0x00000000d8e00000, 0x00000000d8d00000| Updating 
|  74|0x00000000d8e00000, 0x00000000d8f00000, 0x00000000d8f00000|100%| O|  |TAMS 0x00000000d8f00000, 0x00000000d8e00000| Untracked 
|  75|0x00000000d8f00000, 0x00000000d9000000, 0x00000000d9000000|100%| O|  |TAMS 0x00000000d9000000, 0x00000000d8f00000| Untracked 
|  76|0x00000000d9000000, 0x00000000d9100000, 0x00000000d9100000|100%| O|  |TAMS 0x00000000d9100000, 0x00000000d9000000| Untracked 
|  77|0x00000000d9100000, 0x00000000d9200000, 0x00000000d9200000|100%| O|  |TAMS 0x00000000d9200000, 0x00000000d9100000| Untracked 
|  78|0x00000000d9200000, 0x00000000d9300000, 0x00000000d9300000|100%| O|  |TAMS 0x00000000d9300000, 0x00000000d9200000| Updating 
|  79|0x00000000d9300000, 0x00000000d9400000, 0x00000000d9400000|100%| O|  |TAMS 0x00000000d9400000, 0x00000000d9300000| Untracked 
|  80|0x00000000d9400000, 0x00000000d9500000, 0x00000000d9500000|100%| O|  |TAMS 0x00000000d9500000, 0x00000000d9400000| Untracked 
|  81|0x00000000d9500000, 0x00000000d9600000, 0x00000000d9600000|100%| O|  |TAMS 0x00000000d9600000, 0x00000000d9500000| Untracked 
|  82|0x00000000d9600000, 0x00000000d9700000, 0x00000000d9700000|100%| O|  |TAMS 0x00000000d9700000, 0x00000000d9600000| Untracked 
|  83|0x00000000d9700000, 0x00000000d9800000, 0x00000000d9800000|100%| O|  |TAMS 0x00000000d9800000, 0x00000000d9700000| Untracked 
|  84|0x00000000d9800000, 0x00000000d9900000, 0x00000000d9900000|100%| O|  |TAMS 0x00000000d9900000, 0x00000000d9800000| Untracked 
|  85|0x00000000d9900000, 0x00000000d9a00000, 0x00000000d9a00000|100%| O|  |TAMS 0x00000000d9a00000, 0x00000000d9900000| Untracked 
|  86|0x00000000d9a00000, 0x00000000d9b00000, 0x00000000d9b00000|100%| O|  |TAMS 0x00000000d9b00000, 0x00000000d9a00000| Untracked 
|  87|0x00000000d9b00000, 0x00000000d9c00000, 0x00000000d9c00000|100%| O|  |TAMS 0x00000000d9c00000, 0x00000000d9b00000| Untracked 
|  88|0x00000000d9c00000, 0x00000000d9d00000, 0x00000000d9d00000|100%| O|  |TAMS 0x00000000d9d00000, 0x00000000d9c00000| Untracked 
|  89|0x00000000d9d00000, 0x00000000d9e00000, 0x00000000d9e00000|100%| O|  |TAMS 0x00000000d9e00000, 0x00000000d9d00000| Untracked 
|  90|0x00000000d9e00000, 0x00000000d9f00000, 0x00000000d9f00000|100%| O|  |TAMS 0x00000000d9f00000, 0x00000000d9e00000| Untracked 
|  91|0x00000000d9f00000, 0x00000000da000000, 0x00000000da000000|100%| O|  |TAMS 0x00000000da000000, 0x00000000d9f00000| Untracked 
|  92|0x00000000da000000, 0x00000000da100000, 0x00000000da100000|100%|HS|  |TAMS 0x00000000da100000, 0x00000000da000000| Complete 
|  93|0x00000000da100000, 0x00000000da200000, 0x00000000da200000|100%|HC|  |TAMS 0x00000000da200000, 0x00000000da100000| Complete 
|  94|0x00000000da200000, 0x00000000da300000, 0x00000000da300000|100%| O|  |TAMS 0x00000000da300000, 0x00000000da200000| Untracked 
|  95|0x00000000da300000, 0x00000000da400000, 0x00000000da400000|100%| O|  |TAMS 0x00000000da400000, 0x00000000da300000| Untracked 
|  96|0x00000000da400000, 0x00000000da500000, 0x00000000da500000|100%| O|  |TAMS 0x00000000da500000, 0x00000000da400000| Untracked 
|  97|0x00000000da500000, 0x00000000da600000, 0x00000000da600000|100%| O|  |TAMS 0x00000000da600000, 0x00000000da500000| Untracked 
|  98|0x00000000da600000, 0x00000000da700000, 0x00000000da700000|100%| O|  |TAMS 0x00000000da700000, 0x00000000da600000| Untracked 
|  99|0x00000000da700000, 0x00000000da800000, 0x00000000da800000|100%| O|  |TAMS 0x00000000da800000, 0x00000000da700000| Untracked 
| 100|0x00000000da800000, 0x00000000da900000, 0x00000000da900000|100%| O|  |TAMS 0x00000000da900000, 0x00000000da800000| Untracked 
| 101|0x00000000da900000, 0x00000000daa00000, 0x00000000daa00000|100%| O|  |TAMS 0x00000000daa00000, 0x00000000da900000| Untracked 
| 102|0x00000000daa00000, 0x00000000dab00000, 0x00000000dab00000|100%| O|  |TAMS 0x00000000dab00000, 0x00000000daa00000| Untracked 
| 103|0x00000000dab00000, 0x00000000dac00000, 0x00000000dac00000|100%| O|  |TAMS 0x00000000dac00000, 0x00000000dab00000| Untracked 
| 104|0x00000000dac00000, 0x00000000dad00000, 0x00000000dad00000|100%| O|  |TAMS 0x00000000dad00000, 0x00000000dac00000| Updating 
| 105|0x00000000dad00000, 0x00000000dae00000, 0x00000000dae00000|100%| O|  |TAMS 0x00000000dae00000, 0x00000000dad00000| Updating 
| 106|0x00000000dae00000, 0x00000000daf00000, 0x00000000daf00000|100%| O|  |TAMS 0x00000000daf00000, 0x00000000dae00000| Untracked 
| 107|0x00000000daf00000, 0x00000000db000000, 0x00000000db000000|100%| O|  |TAMS 0x00000000db000000, 0x00000000daf00000| Updating 
| 108|0x00000000db000000, 0x00000000db100000, 0x00000000db100000|100%| O|  |TAMS 0x00000000db100000, 0x00000000db000000| Updating 
| 109|0x00000000db100000, 0x00000000db200000, 0x00000000db200000|100%| O|  |TAMS 0x00000000db200000, 0x00000000db100000| Updating 
| 110|0x00000000db200000, 0x00000000db300000, 0x00000000db300000|100%| O|  |TAMS 0x00000000db300000, 0x00000000db200000| Updating 
| 111|0x00000000db300000, 0x00000000db400000, 0x00000000db400000|100%| O|  |TAMS 0x00000000db400000, 0x00000000db300000| Untracked 
| 112|0x00000000db400000, 0x00000000db500000, 0x00000000db500000|100%| O|  |TAMS 0x00000000db500000, 0x00000000db400000| Untracked 
| 113|0x00000000db500000, 0x00000000db600000, 0x00000000db600000|100%| O|  |TAMS 0x00000000db600000, 0x00000000db500000| Untracked 
| 114|0x00000000db600000, 0x00000000db700000, 0x00000000db700000|100%| O|  |TAMS 0x00000000db700000, 0x00000000db600000| Untracked 
| 115|0x00000000db700000, 0x00000000db800000, 0x00000000db800000|100%| O|  |TAMS 0x00000000db800000, 0x00000000db700000| Untracked 
| 116|0x00000000db800000, 0x00000000db900000, 0x00000000db900000|100%| O|  |TAMS 0x00000000db900000, 0x00000000db800000| Untracked 
| 117|0x00000000db900000, 0x00000000dba00000, 0x00000000dba00000|100%| O|  |TAMS 0x00000000dba00000, 0x00000000db900000| Untracked 
| 118|0x00000000dba00000, 0x00000000dbb00000, 0x00000000dbb00000|100%| O|  |TAMS 0x00000000dbb00000, 0x00000000dba00000| Untracked 
| 119|0x00000000dbb00000, 0x00000000dbc00000, 0x00000000dbc00000|100%| O|  |TAMS 0x00000000dbc00000, 0x00000000dbb00000| Updating 
| 120|0x00000000dbc00000, 0x00000000dbd00000, 0x00000000dbd00000|100%| O|  |TAMS 0x00000000dbd00000, 0x00000000dbc00000| Updating 
| 121|0x00000000dbd00000, 0x00000000dbe00000, 0x00000000dbe00000|100%| O|  |TAMS 0x00000000dbe00000, 0x00000000dbd00000| Untracked 
| 122|0x00000000dbe00000, 0x00000000dbf00000, 0x00000000dbf00000|100%| O|  |TAMS 0x00000000dbf00000, 0x00000000dbe00000| Untracked 
| 123|0x00000000dbf00000, 0x00000000dc000000, 0x00000000dc000000|100%| O|  |TAMS 0x00000000dc000000, 0x00000000dbf00000| Untracked 
| 124|0x00000000dc000000, 0x00000000dc100000, 0x00000000dc100000|100%| O|  |TAMS 0x00000000dc100000, 0x00000000dc000000| Untracked 
| 125|0x00000000dc100000, 0x00000000dc200000, 0x00000000dc200000|100%| O|  |TAMS 0x00000000dc200000, 0x00000000dc100000| Untracked 
| 126|0x00000000dc200000, 0x00000000dc300000, 0x00000000dc300000|100%| O|  |TAMS 0x00000000dc300000, 0x00000000dc200000| Untracked 
| 127|0x00000000dc300000, 0x00000000dc400000, 0x00000000dc400000|100%| O|  |TAMS 0x00000000dc400000, 0x00000000dc300000| Untracked 
| 128|0x00000000dc400000, 0x00000000dc500000, 0x00000000dc500000|100%| O|  |TAMS 0x00000000dc500000, 0x00000000dc400000| Untracked 
| 129|0x00000000dc500000, 0x00000000dc600000, 0x00000000dc600000|100%| O|  |TAMS 0x00000000dc600000, 0x00000000dc500000| Untracked 
| 130|0x00000000dc600000, 0x00000000dc700000, 0x00000000dc700000|100%| O|  |TAMS 0x00000000dc700000, 0x00000000dc600000| Untracked 
| 131|0x00000000dc700000, 0x00000000dc800000, 0x00000000dc800000|100%| O|  |TAMS 0x00000000dc800000, 0x00000000dc700000| Untracked 
| 132|0x00000000dc800000, 0x00000000dc900000, 0x00000000dc900000|100%| O|  |TAMS 0x00000000dc900000, 0x00000000dc800000| Untracked 
| 133|0x00000000dc900000, 0x00000000dca00000, 0x00000000dca00000|100%| O|  |TAMS 0x00000000dca00000, 0x00000000dc900000| Untracked 
| 134|0x00000000dca00000, 0x00000000dcb00000, 0x00000000dcb00000|100%| O|  |TAMS 0x00000000dcb00000, 0x00000000dca00000| Untracked 
| 135|0x00000000dcb00000, 0x00000000dcc00000, 0x00000000dcc00000|100%| O|  |TAMS 0x00000000dcc00000, 0x00000000dcb00000| Untracked 
| 136|0x00000000dcc00000, 0x00000000dcd00000, 0x00000000dcd00000|100%| O|  |TAMS 0x00000000dcd00000, 0x00000000dcc00000| Untracked 
| 137|0x00000000dcd00000, 0x00000000dce00000, 0x00000000dce00000|100%| O|  |TAMS 0x00000000dce00000, 0x00000000dcd00000| Untracked 
| 138|0x00000000dce00000, 0x00000000dcf00000, 0x00000000dcf00000|100%| O|  |TAMS 0x00000000dcf00000, 0x00000000dce00000| Untracked 
| 139|0x00000000dcf00000, 0x00000000dd000000, 0x00000000dd000000|100%| O|  |TAMS 0x00000000dd000000, 0x00000000dcf00000| Untracked 
| 140|0x00000000dd000000, 0x00000000dd100000, 0x00000000dd100000|100%| O|  |TAMS 0x00000000dd100000, 0x00000000dd000000| Untracked 
| 141|0x00000000dd100000, 0x00000000dd200000, 0x00000000dd200000|100%| O|  |TAMS 0x00000000dd200000, 0x00000000dd100000| Untracked 
| 142|0x00000000dd200000, 0x00000000dd300000, 0x00000000dd300000|100%| O|  |TAMS 0x00000000dd300000, 0x00000000dd200000| Untracked 
| 143|0x00000000dd300000, 0x00000000dd400000, 0x00000000dd400000|100%| O|  |TAMS 0x00000000dd400000, 0x00000000dd300000| Untracked 
| 144|0x00000000dd400000, 0x00000000dd500000, 0x00000000dd500000|100%| O|  |TAMS 0x00000000dd500000, 0x00000000dd400000| Untracked 
| 145|0x00000000dd500000, 0x00000000dd600000, 0x00000000dd600000|100%| O|  |TAMS 0x00000000dd600000, 0x00000000dd500000| Untracked 
| 146|0x00000000dd600000, 0x00000000dd700000, 0x00000000dd700000|100%| O|  |TAMS 0x00000000dd700000, 0x00000000dd600000| Untracked 
| 147|0x00000000dd700000, 0x00000000dd800000, 0x00000000dd800000|100%| O|  |TAMS 0x00000000dd800000, 0x00000000dd700000| Untracked 
| 148|0x00000000dd800000, 0x00000000dd900000, 0x00000000dd900000|100%| O|  |TAMS 0x00000000dd900000, 0x00000000dd800000| Untracked 
| 149|0x00000000dd900000, 0x00000000dda00000, 0x00000000dda00000|100%| O|  |TAMS 0x00000000dda00000, 0x00000000dd900000| Untracked 
| 150|0x00000000dda00000, 0x00000000ddb00000, 0x00000000ddb00000|100%| O|  |TAMS 0x00000000ddb00000, 0x00000000dda00000| Untracked 
| 151|0x00000000ddb00000, 0x00000000ddc00000, 0x00000000ddc00000|100%| O|  |TAMS 0x00000000ddc00000, 0x00000000ddb00000| Untracked 
| 152|0x00000000ddc00000, 0x00000000ddd00000, 0x00000000ddd00000|100%| O|  |TAMS 0x00000000ddd00000, 0x00000000ddc00000| Untracked 
| 153|0x00000000ddd00000, 0x00000000dde00000, 0x00000000dde00000|100%| O|  |TAMS 0x00000000dde00000, 0x00000000ddd00000| Untracked 
| 154|0x00000000dde00000, 0x00000000ddf00000, 0x00000000ddf00000|100%| O|  |TAMS 0x00000000ddf00000, 0x00000000dde00000| Updating 
| 155|0x00000000ddf00000, 0x00000000de000000, 0x00000000de000000|100%| O|  |TAMS 0x00000000de000000, 0x00000000ddf00000| Updating 
| 156|0x00000000de000000, 0x00000000de100000, 0x00000000de100000|100%| O|  |TAMS 0x00000000de100000, 0x00000000de000000| Updating 
| 157|0x00000000de100000, 0x00000000de200000, 0x00000000de200000|100%| O|  |TAMS 0x00000000de100000, 0x00000000de100000| Untracked 
| 158|0x00000000de200000, 0x00000000de300000, 0x00000000de300000|100%| O|  |TAMS 0x00000000de200000, 0x00000000de200000| Untracked 
| 159|0x00000000de300000, 0x00000000de400000, 0x00000000de400000|100%| O|  |TAMS 0x00000000de400000, 0x00000000de300000| Untracked 
| 160|0x00000000de400000, 0x00000000de500000, 0x00000000de500000|100%| O|  |TAMS 0x00000000de500000, 0x00000000de400000| Untracked 
| 161|0x00000000de500000, 0x00000000de600000, 0x00000000de600000|100%| O|  |TAMS 0x00000000de600000, 0x00000000de500000| Untracked 
| 162|0x00000000de600000, 0x00000000de700000, 0x00000000de700000|100%| O|  |TAMS 0x00000000de700000, 0x00000000de600000| Untracked 
| 163|0x00000000de700000, 0x00000000de800000, 0x00000000de800000|100%| O|  |TAMS 0x00000000de800000, 0x00000000de700000| Untracked 
| 164|0x00000000de800000, 0x00000000de900000, 0x00000000de900000|100%| O|  |TAMS 0x00000000de900000, 0x00000000de800000| Untracked 
| 165|0x00000000de900000, 0x00000000dea00000, 0x00000000dea00000|100%| O|  |TAMS 0x00000000dea00000, 0x00000000de900000| Untracked 
| 166|0x00000000dea00000, 0x00000000deb00000, 0x00000000deb00000|100%| O|  |TAMS 0x00000000deb00000, 0x00000000dea00000| Untracked 
| 167|0x00000000deb00000, 0x00000000dec00000, 0x00000000dec00000|100%| O|  |TAMS 0x00000000dec00000, 0x00000000deb00000| Untracked 
| 168|0x00000000dec00000, 0x00000000ded00000, 0x00000000ded00000|100%| O|  |TAMS 0x00000000ded00000, 0x00000000dec00000| Updating 
| 169|0x00000000ded00000, 0x00000000dee00000, 0x00000000dee00000|100%| O|  |TAMS 0x00000000dee00000, 0x00000000ded00000| Untracked 
| 170|0x00000000dee00000, 0x00000000def00000, 0x00000000def00000|100%| O|  |TAMS 0x00000000def00000, 0x00000000dee00000| Untracked 
| 171|0x00000000def00000, 0x00000000df000000, 0x00000000df000000|100%| O|  |TAMS 0x00000000df000000, 0x00000000def00000| Untracked 
| 172|0x00000000df000000, 0x00000000df100000, 0x00000000df100000|100%| O|  |TAMS 0x00000000df100000, 0x00000000df000000| Untracked 
| 173|0x00000000df100000, 0x00000000df200000, 0x00000000df200000|100%| O|  |TAMS 0x00000000df200000, 0x00000000df100000| Untracked 
| 174|0x00000000df200000, 0x00000000df300000, 0x00000000df300000|100%| O|  |TAMS 0x00000000df300000, 0x00000000df200000| Untracked 
| 175|0x00000000df300000, 0x00000000df400000, 0x00000000df400000|100%| O|  |TAMS 0x00000000df400000, 0x00000000df300000| Untracked 
| 176|0x00000000df400000, 0x00000000df500000, 0x00000000df500000|100%| O|  |TAMS 0x00000000df500000, 0x00000000df400000| Untracked 
| 177|0x00000000df500000, 0x00000000df600000, 0x00000000df600000|100%| O|  |TAMS 0x00000000df600000, 0x00000000df500000| Updating 
| 178|0x00000000df600000, 0x00000000df700000, 0x00000000df700000|100%| O|  |TAMS 0x00000000df700000, 0x00000000df600000| Untracked 
| 179|0x00000000df700000, 0x00000000df800000, 0x00000000df800000|100%| O|  |TAMS 0x00000000df800000, 0x00000000df700000| Untracked 
| 180|0x00000000df800000, 0x00000000df900000, 0x00000000df900000|100%| O|  |TAMS 0x00000000df900000, 0x00000000df800000| Untracked 
| 181|0x00000000df900000, 0x00000000dfa00000, 0x00000000dfa00000|100%| O|  |TAMS 0x00000000dfa00000, 0x00000000df900000| Untracked 
| 182|0x00000000dfa00000, 0x00000000dfb00000, 0x00000000dfb00000|100%| O|  |TAMS 0x00000000dfb00000, 0x00000000dfa00000| Untracked 
| 183|0x00000000dfb00000, 0x00000000dfc00000, 0x00000000dfc00000|100%| O|  |TAMS 0x00000000dfc00000, 0x00000000dfb00000| Untracked 
| 184|0x00000000dfc00000, 0x00000000dfd00000, 0x00000000dfd00000|100%| O|  |TAMS 0x00000000dfd00000, 0x00000000dfc00000| Untracked 
| 185|0x00000000dfd00000, 0x00000000dfe00000, 0x00000000dfe00000|100%| O|  |TAMS 0x00000000dfe00000, 0x00000000dfd00000| Updating 
| 186|0x00000000dfe00000, 0x00000000dff00000, 0x00000000dff00000|100%| O|  |TAMS 0x00000000dff00000, 0x00000000dfe00000| Untracked 
| 187|0x00000000dff00000, 0x00000000e0000000, 0x00000000e0000000|100%| O|  |TAMS 0x00000000e0000000, 0x00000000dff00000| Untracked 
| 188|0x00000000e0000000, 0x00000000e0100000, 0x00000000e0100000|100%| O|  |TAMS 0x00000000e0100000, 0x00000000e0000000| Untracked 
| 189|0x00000000e0100000, 0x00000000e0200000, 0x00000000e0200000|100%| O|  |TAMS 0x00000000e0200000, 0x00000000e0100000| Untracked 
| 190|0x00000000e0200000, 0x00000000e0300000, 0x00000000e0300000|100%| O|  |TAMS 0x00000000e0300000, 0x00000000e0200000| Untracked 
| 191|0x00000000e0300000, 0x00000000e0400000, 0x00000000e0400000|100%| O|  |TAMS 0x00000000e0400000, 0x00000000e0300000| Untracked 
| 192|0x00000000e0400000, 0x00000000e0500000, 0x00000000e0500000|100%| O|  |TAMS 0x00000000e0500000, 0x00000000e0400000| Untracked 
| 193|0x00000000e0500000, 0x00000000e0600000, 0x00000000e0600000|100%| O|  |TAMS 0x00000000e0600000, 0x00000000e0500000| Untracked 
| 194|0x00000000e0600000, 0x00000000e0700000, 0x00000000e0700000|100%| O|  |TAMS 0x00000000e0700000, 0x00000000e0600000| Untracked 
| 195|0x00000000e0700000, 0x00000000e0800000, 0x00000000e0800000|100%| O|  |TAMS 0x00000000e0800000, 0x00000000e0700000| Untracked 
| 196|0x00000000e0800000, 0x00000000e0900000, 0x00000000e0900000|100%| O|  |TAMS 0x00000000e0900000, 0x00000000e0800000| Untracked 
| 197|0x00000000e0900000, 0x00000000e0a00000, 0x00000000e0a00000|100%| O|  |TAMS 0x00000000e0a00000, 0x00000000e0900000| Untracked 
| 198|0x00000000e0a00000, 0x00000000e0b00000, 0x00000000e0b00000|100%| O|  |TAMS 0x00000000e0b00000, 0x00000000e0a00000| Untracked 
| 199|0x00000000e0b00000, 0x00000000e0c00000, 0x00000000e0c00000|100%| O|  |TAMS 0x00000000e0c00000, 0x00000000e0b00000| Untracked 
| 200|0x00000000e0c00000, 0x00000000e0d00000, 0x00000000e0d00000|100%| O|  |TAMS 0x00000000e0d00000, 0x00000000e0c00000| Untracked 
| 201|0x00000000e0d00000, 0x00000000e0e00000, 0x00000000e0e00000|100%| O|  |TAMS 0x00000000e0e00000, 0x00000000e0d00000| Untracked 
| 202|0x00000000e0e00000, 0x00000000e0f00000, 0x00000000e0f00000|100%| O|  |TAMS 0x00000000e0f00000, 0x00000000e0e00000| Untracked 
| 203|0x00000000e0f00000, 0x00000000e1000000, 0x00000000e1000000|100%| O|  |TAMS 0x00000000e1000000, 0x00000000e0f00000| Untracked 
| 204|0x00000000e1000000, 0x00000000e1100000, 0x00000000e1100000|100%| O|  |TAMS 0x00000000e1100000, 0x00000000e1000000| Untracked 
| 205|0x00000000e1100000, 0x00000000e1200000, 0x00000000e1200000|100%| O|  |TAMS 0x00000000e1200000, 0x00000000e1100000| Untracked 
| 206|0x00000000e1200000, 0x00000000e1300000, 0x00000000e1300000|100%| O|  |TAMS 0x00000000e1300000, 0x00000000e1200000| Untracked 
| 207|0x00000000e1300000, 0x00000000e1400000, 0x00000000e1400000|100%| O|  |TAMS 0x00000000e1400000, 0x00000000e1300000| Untracked 
| 208|0x00000000e1400000, 0x00000000e1500000, 0x00000000e1500000|100%| O|  |TAMS 0x00000000e1500000, 0x00000000e1400000| Updating 
| 209|0x00000000e1500000, 0x00000000e1600000, 0x00000000e1600000|100%|HS|  |TAMS 0x00000000e1600000, 0x00000000e1500000| Complete 
| 210|0x00000000e1600000, 0x00000000e1700000, 0x00000000e1700000|100%| O|  |TAMS 0x00000000e1700000, 0x00000000e1600000| Untracked 
| 211|0x00000000e1700000, 0x00000000e1800000, 0x00000000e1800000|100%| O|  |TAMS 0x00000000e1800000, 0x00000000e1700000| Untracked 
| 212|0x00000000e1800000, 0x00000000e1900000, 0x00000000e1900000|100%| O|  |TAMS 0x00000000e1900000, 0x00000000e1800000| Untracked 
| 213|0x00000000e1900000, 0x00000000e1a00000, 0x00000000e1a00000|100%| O|  |TAMS 0x00000000e1a00000, 0x00000000e1900000| Untracked 
| 214|0x00000000e1a00000, 0x00000000e1b00000, 0x00000000e1b00000|100%| O|  |TAMS 0x00000000e1b00000, 0x00000000e1a00000| Untracked 
| 215|0x00000000e1b00000, 0x00000000e1c00000, 0x00000000e1c00000|100%| O|  |TAMS 0x00000000e1c00000, 0x00000000e1b00000| Untracked 
| 216|0x00000000e1c00000, 0x00000000e1d00000, 0x00000000e1d00000|100%| O|  |TAMS 0x00000000e1d00000, 0x00000000e1c00000| Untracked 
| 217|0x00000000e1d00000, 0x00000000e1e00000, 0x00000000e1e00000|100%| O|  |TAMS 0x00000000e1e00000, 0x00000000e1d00000| Untracked 
| 218|0x00000000e1e00000, 0x00000000e1f00000, 0x00000000e1f00000|100%| O|  |TAMS 0x00000000e1f00000, 0x00000000e1e00000| Untracked 
| 219|0x00000000e1f00000, 0x00000000e2000000, 0x00000000e2000000|100%| O|  |TAMS 0x00000000e2000000, 0x00000000e1f00000| Untracked 
| 220|0x00000000e2000000, 0x00000000e2100000, 0x00000000e2100000|100%| O|  |TAMS 0x00000000e2100000, 0x00000000e2000000| Untracked 
| 221|0x00000000e2100000, 0x00000000e2200000, 0x00000000e2200000|100%| O|  |TAMS 0x00000000e2200000, 0x00000000e2100000| Untracked 
| 222|0x00000000e2200000, 0x00000000e2300000, 0x00000000e2300000|100%| O|  |TAMS 0x00000000e2300000, 0x00000000e2200000| Untracked 
| 223|0x00000000e2300000, 0x00000000e2400000, 0x00000000e2400000|100%| O|  |TAMS 0x00000000e2400000, 0x00000000e2300000| Untracked 
| 224|0x00000000e2400000, 0x00000000e2500000, 0x00000000e2500000|100%| O|  |TAMS 0x00000000e2500000, 0x00000000e2400000| Untracked 
| 225|0x00000000e2500000, 0x00000000e2600000, 0x00000000e2600000|100%| O|  |TAMS 0x00000000e2600000, 0x00000000e2500000| Untracked 
| 226|0x00000000e2600000, 0x00000000e2700000, 0x00000000e2700000|100%| O|  |TAMS 0x00000000e2700000, 0x00000000e2600000| Untracked 
| 227|0x00000000e2700000, 0x00000000e2800000, 0x00000000e2800000|100%| O|  |TAMS 0x00000000e2800000, 0x00000000e2700000| Untracked 
| 228|0x00000000e2800000, 0x00000000e2900000, 0x00000000e2900000|100%| O|  |TAMS 0x00000000e2900000, 0x00000000e2800000| Updating 
| 229|0x00000000e2900000, 0x00000000e2a00000, 0x00000000e2a00000|100%| O|  |TAMS 0x00000000e2a00000, 0x00000000e2900000| Untracked 
| 230|0x00000000e2a00000, 0x00000000e2b00000, 0x00000000e2b00000|100%| O|  |TAMS 0x00000000e2b00000, 0x00000000e2a00000| Untracked 
| 231|0x00000000e2b00000, 0x00000000e2c00000, 0x00000000e2c00000|100%| O|  |TAMS 0x00000000e2c00000, 0x00000000e2b00000| Untracked 
| 232|0x00000000e2c00000, 0x00000000e2d00000, 0x00000000e2d00000|100%| O|  |TAMS 0x00000000e2d00000, 0x00000000e2c00000| Untracked 
| 233|0x00000000e2d00000, 0x00000000e2e00000, 0x00000000e2e00000|100%| O|  |TAMS 0x00000000e2e00000, 0x00000000e2d00000| Untracked 
| 234|0x00000000e2e00000, 0x00000000e2f00000, 0x00000000e2f00000|100%| O|  |TAMS 0x00000000e2f00000, 0x00000000e2e00000| Untracked 
| 235|0x00000000e2f00000, 0x00000000e3000000, 0x00000000e3000000|100%| O|  |TAMS 0x00000000e3000000, 0x00000000e2f00000| Updating 
| 236|0x00000000e3000000, 0x00000000e3100000, 0x00000000e3100000|100%|HS|  |TAMS 0x00000000e3100000, 0x00000000e3000000| Complete 
| 237|0x00000000e3100000, 0x00000000e3200000, 0x00000000e3200000|100%|HS|  |TAMS 0x00000000e3200000, 0x00000000e3100000| Complete 
| 238|0x00000000e3200000, 0x00000000e3300000, 0x00000000e3300000|100%| O|  |TAMS 0x00000000e3300000, 0x00000000e3200000| Untracked 
| 239|0x00000000e3300000, 0x00000000e3400000, 0x00000000e3400000|100%| O|  |TAMS 0x00000000e3400000, 0x00000000e3300000| Untracked 
| 240|0x00000000e3400000, 0x00000000e3500000, 0x00000000e3500000|100%| O|  |TAMS 0x00000000e3500000, 0x00000000e3400000| Untracked 
| 241|0x00000000e3500000, 0x00000000e3600000, 0x00000000e3600000|100%| O|  |TAMS 0x00000000e3600000, 0x00000000e3500000| Untracked 
| 242|0x00000000e3600000, 0x00000000e3700000, 0x00000000e3700000|100%| O|  |TAMS 0x00000000e3700000, 0x00000000e3600000| Untracked 
| 243|0x00000000e3700000, 0x00000000e3800000, 0x00000000e3800000|100%| O|  |TAMS 0x00000000e3800000, 0x00000000e3700000| Untracked 
| 244|0x00000000e3800000, 0x00000000e3900000, 0x00000000e3900000|100%| O|  |TAMS 0x00000000e3900000, 0x00000000e3800000| Untracked 
| 245|0x00000000e3900000, 0x00000000e3a00000, 0x00000000e3a00000|100%| O|  |TAMS 0x00000000e3a00000, 0x00000000e3900000| Untracked 
| 246|0x00000000e3a00000, 0x00000000e3b00000, 0x00000000e3b00000|100%| O|  |TAMS 0x00000000e3b00000, 0x00000000e3a00000| Untracked 
| 247|0x00000000e3b00000, 0x00000000e3c00000, 0x00000000e3c00000|100%| O|  |TAMS 0x00000000e3c00000, 0x00000000e3b00000| Untracked 
| 248|0x00000000e3c00000, 0x00000000e3d00000, 0x00000000e3d00000|100%| O|  |TAMS 0x00000000e3d00000, 0x00000000e3c00000| Untracked 
| 249|0x00000000e3d00000, 0x00000000e3e00000, 0x00000000e3e00000|100%| O|  |TAMS 0x00000000e3e00000, 0x00000000e3d00000| Untracked 
| 250|0x00000000e3e00000, 0x00000000e3f00000, 0x00000000e3f00000|100%| O|  |TAMS 0x00000000e3f00000, 0x00000000e3e00000| Untracked 
| 251|0x00000000e3f00000, 0x00000000e4000000, 0x00000000e4000000|100%| O|  |TAMS 0x00000000e4000000, 0x00000000e3f00000| Untracked 
| 252|0x00000000e4000000, 0x00000000e4100000, 0x00000000e4100000|100%| O|  |TAMS 0x00000000e4100000, 0x00000000e4000000| Updating 
| 253|0x00000000e4100000, 0x00000000e4200000, 0x00000000e4200000|100%| O|  |TAMS 0x00000000e4100000, 0x00000000e4100000| Untracked 
| 254|0x00000000e4200000, 0x00000000e4300000, 0x00000000e4300000|100%| O|  |TAMS 0x00000000e4200000, 0x00000000e4200000| Untracked 
| 255|0x00000000e4300000, 0x00000000e4400000, 0x00000000e4400000|100%| O|  |TAMS 0x00000000e4300000, 0x00000000e4300000| Untracked 
| 256|0x00000000e4400000, 0x00000000e4500000, 0x00000000e4500000|100%| O|  |TAMS 0x00000000e4400000, 0x00000000e4400000| Untracked 
| 257|0x00000000e4500000, 0x00000000e4600000, 0x00000000e4600000|100%| O|  |TAMS 0x00000000e4500000, 0x00000000e4500000| Untracked 
| 258|0x00000000e4600000, 0x00000000e4700000, 0x00000000e4700000|100%| O|  |TAMS 0x00000000e4600000, 0x00000000e4600000| Untracked 
| 259|0x00000000e4700000, 0x00000000e4800000, 0x00000000e4800000|100%| O|  |TAMS 0x00000000e4700000, 0x00000000e4700000| Untracked 
| 260|0x00000000e4800000, 0x00000000e4900000, 0x00000000e4900000|100%| O|  |TAMS 0x00000000e4800000, 0x00000000e4800000| Untracked 
| 261|0x00000000e4900000, 0x00000000e4a00000, 0x00000000e4a00000|100%| O|  |TAMS 0x00000000e4900000, 0x00000000e4900000| Untracked 
| 262|0x00000000e4a00000, 0x00000000e4b00000, 0x00000000e4b00000|100%| O|  |TAMS 0x00000000e4a00000, 0x00000000e4a00000| Untracked 
| 263|0x00000000e4b00000, 0x00000000e4c00000, 0x00000000e4c00000|100%| O|  |TAMS 0x00000000e4b00000, 0x00000000e4b00000| Untracked 
| 264|0x00000000e4c00000, 0x00000000e4d00000, 0x00000000e4d00000|100%| O|  |TAMS 0x00000000e4c00000, 0x00000000e4c00000| Untracked 
| 265|0x00000000e4d00000, 0x00000000e4e00000, 0x00000000e4e00000|100%| O|  |TAMS 0x00000000e4d00000, 0x00000000e4d00000| Untracked 
| 266|0x00000000e4e00000, 0x00000000e4f00000, 0x00000000e4f00000|100%| O|  |TAMS 0x00000000e4e00000, 0x00000000e4e00000| Untracked 
| 267|0x00000000e4f00000, 0x00000000e5000000, 0x00000000e5000000|100%| O|  |TAMS 0x00000000e4f00000, 0x00000000e4f00000| Untracked 
| 268|0x00000000e5000000, 0x00000000e5100000, 0x00000000e5100000|100%| O|  |TAMS 0x00000000e5000000, 0x00000000e5000000| Untracked 
| 269|0x00000000e5100000, 0x00000000e5200000, 0x00000000e5200000|100%| O|  |TAMS 0x00000000e5100000, 0x00000000e5100000| Untracked 
| 270|0x00000000e5200000, 0x00000000e5300000, 0x00000000e5300000|100%| O|  |TAMS 0x00000000e5200000, 0x00000000e5200000| Untracked 
| 271|0x00000000e5300000, 0x00000000e5400000, 0x00000000e5400000|100%| O|  |TAMS 0x00000000e5300000, 0x00000000e5300000| Untracked 
| 272|0x00000000e5400000, 0x00000000e5500000, 0x00000000e5500000|100%| O|  |TAMS 0x00000000e5400000, 0x00000000e5400000| Untracked 
| 273|0x00000000e5500000, 0x00000000e5600000, 0x00000000e5600000|100%| O|  |TAMS 0x00000000e5500000, 0x00000000e5500000| Untracked 
| 274|0x00000000e5600000, 0x00000000e5700000, 0x00000000e5700000|100%| O|  |TAMS 0x00000000e5600000, 0x00000000e5600000| Untracked 
| 275|0x00000000e5700000, 0x00000000e5800000, 0x00000000e5800000|100%| O|  |TAMS 0x00000000e5700000, 0x00000000e5700000| Untracked 
| 276|0x00000000e5800000, 0x00000000e5900000, 0x00000000e5900000|100%| O|  |TAMS 0x00000000e5800000, 0x00000000e5800000| Untracked 
| 277|0x00000000e5900000, 0x00000000e5a00000, 0x00000000e5a00000|100%| O|  |TAMS 0x00000000e5900000, 0x00000000e5900000| Untracked 
| 278|0x00000000e5a00000, 0x00000000e5b00000, 0x00000000e5b00000|100%| O|  |TAMS 0x00000000e5a00000, 0x00000000e5a00000| Untracked 
| 279|0x00000000e5b00000, 0x00000000e5c00000, 0x00000000e5c00000|100%| O|  |TAMS 0x00000000e5b00000, 0x00000000e5b00000| Untracked 
| 280|0x00000000e5c00000, 0x00000000e5d00000, 0x00000000e5d00000|100%| O|  |TAMS 0x00000000e5c00000, 0x00000000e5c00000| Untracked 
| 281|0x00000000e5d00000, 0x00000000e5e00000, 0x00000000e5e00000|100%| O|  |TAMS 0x00000000e5d00000, 0x00000000e5d00000| Untracked 
| 282|0x00000000e5e00000, 0x00000000e5f00000, 0x00000000e5f00000|100%| O|  |TAMS 0x00000000e5e00000, 0x00000000e5e00000| Untracked 
| 283|0x00000000e5f00000, 0x00000000e6000000, 0x00000000e6000000|100%| O|  |TAMS 0x00000000e5f00000, 0x00000000e5f00000| Untracked 
| 284|0x00000000e6000000, 0x00000000e6100000, 0x00000000e6100000|100%| O|  |TAMS 0x00000000e6000000, 0x00000000e6000000| Untracked 
| 285|0x00000000e6100000, 0x00000000e6200000, 0x00000000e6200000|100%| O|  |TAMS 0x00000000e6100000, 0x00000000e6100000| Untracked 
| 286|0x00000000e6200000, 0x00000000e6300000, 0x00000000e6300000|100%| O|  |TAMS 0x00000000e6200000, 0x00000000e6200000| Untracked 
| 287|0x00000000e6300000, 0x00000000e6400000, 0x00000000e6400000|100%| O|  |TAMS 0x00000000e6300000, 0x00000000e6300000| Untracked 
| 288|0x00000000e6400000, 0x00000000e6500000, 0x00000000e6500000|100%| O|  |TAMS 0x00000000e6400000, 0x00000000e6400000| Untracked 
| 289|0x00000000e6500000, 0x00000000e6600000, 0x00000000e6600000|100%| O|  |TAMS 0x00000000e6500000, 0x00000000e6500000| Untracked 
| 290|0x00000000e6600000, 0x00000000e6700000, 0x00000000e6700000|100%| O|  |TAMS 0x00000000e6600000, 0x00000000e6600000| Untracked 
| 291|0x00000000e6700000, 0x00000000e6800000, 0x00000000e6800000|100%| O|  |TAMS 0x00000000e6700000, 0x00000000e6700000| Untracked 
| 292|0x00000000e6800000, 0x00000000e6900000, 0x00000000e6900000|100%| O|  |TAMS 0x00000000e6800000, 0x00000000e6800000| Untracked 
| 293|0x00000000e6900000, 0x00000000e6a00000, 0x00000000e6a00000|100%| O|  |TAMS 0x00000000e6900000, 0x00000000e6900000| Untracked 
| 294|0x00000000e6a00000, 0x00000000e6b00000, 0x00000000e6b00000|100%| O|  |TAMS 0x00000000e6a00000, 0x00000000e6a00000| Untracked 
| 295|0x00000000e6b00000, 0x00000000e6c00000, 0x00000000e6c00000|100%| O|  |TAMS 0x00000000e6b00000, 0x00000000e6b00000| Untracked 
| 296|0x00000000e6c00000, 0x00000000e6d00000, 0x00000000e6d00000|100%| O|  |TAMS 0x00000000e6c00000, 0x00000000e6c00000| Untracked 
| 297|0x00000000e6d00000, 0x00000000e6e00000, 0x00000000e6e00000|100%| O|  |TAMS 0x00000000e6d00000, 0x00000000e6d00000| Untracked 
| 298|0x00000000e6e00000, 0x00000000e6f00000, 0x00000000e6f00000|100%| O|  |TAMS 0x00000000e6e00000, 0x00000000e6e00000| Untracked 
| 299|0x00000000e6f00000, 0x00000000e7000000, 0x00000000e7000000|100%| O|  |TAMS 0x00000000e6f00000, 0x00000000e6f00000| Untracked 
| 300|0x00000000e7000000, 0x00000000e7100000, 0x00000000e7100000|100%| O|  |TAMS 0x00000000e7000000, 0x00000000e7000000| Untracked 
| 301|0x00000000e7100000, 0x00000000e7200000, 0x00000000e7200000|100%| O|  |TAMS 0x00000000e7100000, 0x00000000e7100000| Untracked 
| 302|0x00000000e7200000, 0x00000000e7300000, 0x00000000e7300000|100%| O|  |TAMS 0x00000000e7200000, 0x00000000e7200000| Untracked 
| 303|0x00000000e7300000, 0x00000000e7400000, 0x00000000e7400000|100%| O|  |TAMS 0x00000000e7300000, 0x00000000e7300000| Untracked 
| 304|0x00000000e7400000, 0x00000000e7500000, 0x00000000e7500000|100%| O|  |TAMS 0x00000000e7400000, 0x00000000e7400000| Untracked 
| 305|0x00000000e7500000, 0x00000000e7600000, 0x00000000e7600000|100%| O|  |TAMS 0x00000000e7500000, 0x00000000e7500000| Untracked 
| 306|0x00000000e7600000, 0x00000000e7700000, 0x00000000e7700000|100%| O|  |TAMS 0x00000000e7600000, 0x00000000e7600000| Untracked 
| 307|0x00000000e7700000, 0x00000000e7800000, 0x00000000e7800000|100%| O|  |TAMS 0x00000000e7700000, 0x00000000e7700000| Untracked 
| 308|0x00000000e7800000, 0x00000000e7900000, 0x00000000e7900000|100%| O|  |TAMS 0x00000000e7800000, 0x00000000e7800000| Untracked 
| 309|0x00000000e7900000, 0x00000000e7a00000, 0x00000000e7a00000|100%| O|  |TAMS 0x00000000e7900000, 0x00000000e7900000| Untracked 
| 310|0x00000000e7a00000, 0x00000000e7b00000, 0x00000000e7b00000|100%| O|  |TAMS 0x00000000e7a00000, 0x00000000e7a00000| Untracked 
| 311|0x00000000e7b00000, 0x00000000e7c00000, 0x00000000e7c00000|100%| O|  |TAMS 0x00000000e7b00000, 0x00000000e7b00000| Untracked 
| 312|0x00000000e7c00000, 0x00000000e7d00000, 0x00000000e7d00000|100%| O|  |TAMS 0x00000000e7c00000, 0x00000000e7c00000| Untracked 
| 313|0x00000000e7d00000, 0x00000000e7e00000, 0x00000000e7e00000|100%| O|  |TAMS 0x00000000e7d00000, 0x00000000e7d00000| Untracked 
| 314|0x00000000e7e00000, 0x00000000e7f00000, 0x00000000e7f00000|100%| O|  |TAMS 0x00000000e7e00000, 0x00000000e7e00000| Untracked 
| 315|0x00000000e7f00000, 0x00000000e8000000, 0x00000000e8000000|100%| O|  |TAMS 0x00000000e7f00000, 0x00000000e7f00000| Untracked 
| 316|0x00000000e8000000, 0x00000000e8100000, 0x00000000e8100000|100%| O|  |TAMS 0x00000000e8000000, 0x00000000e8000000| Untracked 
| 317|0x00000000e8100000, 0x00000000e8200000, 0x00000000e8200000|100%| O|  |TAMS 0x00000000e8100000, 0x00000000e8100000| Untracked 
| 318|0x00000000e8200000, 0x00000000e8300000, 0x00000000e8300000|100%| O|  |TAMS 0x00000000e8200000, 0x00000000e8200000| Untracked 
| 319|0x00000000e8300000, 0x00000000e8400000, 0x00000000e8400000|100%| O|  |TAMS 0x00000000e8300000, 0x00000000e8300000| Untracked 
| 320|0x00000000e8400000, 0x00000000e8500000, 0x00000000e8500000|100%| O|  |TAMS 0x00000000e8400000, 0x00000000e8400000| Untracked 
| 321|0x00000000e8500000, 0x00000000e8600000, 0x00000000e8600000|100%| O|  |TAMS 0x00000000e8500000, 0x00000000e8500000| Untracked 
| 322|0x00000000e8600000, 0x00000000e8700000, 0x00000000e8700000|100%| O|  |TAMS 0x00000000e8600000, 0x00000000e8600000| Untracked 
| 323|0x00000000e8700000, 0x00000000e8700000, 0x00000000e8800000|  0%| F|  |TAMS 0x00000000e8700000, 0x00000000e8700000| Untracked 
| 324|0x00000000e8800000, 0x00000000e8900000, 0x00000000e8900000|100%|HS|  |TAMS 0x00000000e8800000, 0x00000000e8800000| Complete 
| 325|0x00000000e8900000, 0x00000000e8a00000, 0x00000000e8a00000|100%| O|  |TAMS 0x00000000e8900000, 0x00000000e8900000| Untracked 
| 326|0x00000000e8a00000, 0x00000000e8b00000, 0x00000000e8b00000|100%| O|  |TAMS 0x00000000e8a00000, 0x00000000e8a00000| Untracked 
| 327|0x00000000e8b00000, 0x00000000e8c00000, 0x00000000e8c00000|100%| O|  |TAMS 0x00000000e8b00000, 0x00000000e8b00000| Untracked 
| 328|0x00000000e8c00000, 0x00000000e8d00000, 0x00000000e8d00000|100%| O|  |TAMS 0x00000000e8c00000, 0x00000000e8c00000| Untracked 
| 329|0x00000000e8d00000, 0x00000000e8e00000, 0x00000000e8e00000|100%| O|  |TAMS 0x00000000e8d00000, 0x00000000e8d00000| Untracked 
| 330|0x00000000e8e00000, 0x00000000e8f00000, 0x00000000e8f00000|100%| O|  |TAMS 0x00000000e8e00000, 0x00000000e8e00000| Untracked 
| 331|0x00000000e8f00000, 0x00000000e9000000, 0x00000000e9000000|100%| O|  |TAMS 0x00000000e8f00000, 0x00000000e8f00000| Untracked 
| 332|0x00000000e9000000, 0x00000000e9100000, 0x00000000e9100000|100%| O|  |TAMS 0x00000000e9000000, 0x00000000e9000000| Untracked 
| 333|0x00000000e9100000, 0x00000000e9200000, 0x00000000e9200000|100%| O|  |TAMS 0x00000000e9100000, 0x00000000e9100000| Untracked 
| 334|0x00000000e9200000, 0x00000000e9200000, 0x00000000e9300000|  0%| F|  |TAMS 0x00000000e9200000, 0x00000000e9200000| Untracked 
| 335|0x00000000e9300000, 0x00000000e9300000, 0x00000000e9400000|  0%| F|  |TAMS 0x00000000e9300000, 0x00000000e9300000| Untracked 
| 336|0x00000000e9400000, 0x00000000e9400000, 0x00000000e9500000|  0%| F|  |TAMS 0x00000000e9400000, 0x00000000e9400000| Untracked 
| 337|0x00000000e9500000, 0x00000000e9500000, 0x00000000e9600000|  0%| F|  |TAMS 0x00000000e9500000, 0x00000000e9500000| Untracked 
| 338|0x00000000e9600000, 0x00000000e9600000, 0x00000000e9700000|  0%| F|  |TAMS 0x00000000e9600000, 0x00000000e9600000| Untracked 
| 339|0x00000000e9700000, 0x00000000e9700000, 0x00000000e9800000|  0%| F|  |TAMS 0x00000000e9700000, 0x00000000e9700000| Untracked 
| 340|0x00000000e9800000, 0x00000000e9800000, 0x00000000e9900000|  0%| F|  |TAMS 0x00000000e9800000, 0x00000000e9800000| Untracked 
| 341|0x00000000e9900000, 0x00000000e9900000, 0x00000000e9a00000|  0%| F|  |TAMS 0x00000000e9900000, 0x00000000e9900000| Untracked 
| 342|0x00000000e9a00000, 0x00000000e9a00000, 0x00000000e9b00000|  0%| F|  |TAMS 0x00000000e9a00000, 0x00000000e9a00000| Untracked 
| 343|0x00000000e9b00000, 0x00000000e9b00000, 0x00000000e9c00000|  0%| F|  |TAMS 0x00000000e9b00000, 0x00000000e9b00000| Untracked 
| 344|0x00000000e9c00000, 0x00000000e9c00000, 0x00000000e9d00000|  0%| F|  |TAMS 0x00000000e9c00000, 0x00000000e9c00000| Untracked 
| 345|0x00000000e9d00000, 0x00000000e9d00000, 0x00000000e9e00000|  0%| F|  |TAMS 0x00000000e9d00000, 0x00000000e9d00000| Untracked 
| 346|0x00000000e9e00000, 0x00000000e9e00000, 0x00000000e9f00000|  0%| F|  |TAMS 0x00000000e9e00000, 0x00000000e9e00000| Untracked 
| 347|0x00000000e9f00000, 0x00000000e9f00000, 0x00000000ea000000|  0%| F|  |TAMS 0x00000000e9f00000, 0x00000000e9f00000| Untracked 
| 348|0x00000000ea000000, 0x00000000ea000000, 0x00000000ea100000|  0%| F|  |TAMS 0x00000000ea000000, 0x00000000ea000000| Untracked 
| 349|0x00000000ea100000, 0x00000000ea100000, 0x00000000ea200000|  0%| F|  |TAMS 0x00000000ea100000, 0x00000000ea100000| Untracked 
| 350|0x00000000ea200000, 0x00000000ea200000, 0x00000000ea300000|  0%| F|  |TAMS 0x00000000ea200000, 0x00000000ea200000| Untracked 
| 351|0x00000000ea300000, 0x00000000ea300000, 0x00000000ea400000|  0%| F|  |TAMS 0x00000000ea300000, 0x00000000ea300000| Untracked 
| 352|0x00000000ea400000, 0x00000000ea400000, 0x00000000ea500000|  0%| F|  |TAMS 0x00000000ea400000, 0x00000000ea400000| Untracked 
| 353|0x00000000ea500000, 0x00000000ea500000, 0x00000000ea600000|  0%| F|  |TAMS 0x00000000ea500000, 0x00000000ea500000| Untracked 
| 354|0x00000000ea600000, 0x00000000ea600000, 0x00000000ea700000|  0%| F|  |TAMS 0x00000000ea600000, 0x00000000ea600000| Untracked 
| 355|0x00000000ea700000, 0x00000000ea700000, 0x00000000ea800000|  0%| F|  |TAMS 0x00000000ea700000, 0x00000000ea700000| Untracked 
| 356|0x00000000ea800000, 0x00000000ea800000, 0x00000000ea900000|  0%| F|  |TAMS 0x00000000ea800000, 0x00000000ea800000| Untracked 
| 357|0x00000000ea900000, 0x00000000ea900000, 0x00000000eaa00000|  0%| F|  |TAMS 0x00000000ea900000, 0x00000000ea900000| Untracked 
| 358|0x00000000eaa00000, 0x00000000eaa00000, 0x00000000eab00000|  0%| F|  |TAMS 0x00000000eaa00000, 0x00000000eaa00000| Untracked 
| 359|0x00000000eab00000, 0x00000000eab00000, 0x00000000eac00000|  0%| F|  |TAMS 0x00000000eab00000, 0x00000000eab00000| Untracked 
| 360|0x00000000eac00000, 0x00000000eac00000, 0x00000000ead00000|  0%| F|  |TAMS 0x00000000eac00000, 0x00000000eac00000| Untracked 
| 361|0x00000000ead00000, 0x00000000ead00000, 0x00000000eae00000|  0%| F|  |TAMS 0x00000000ead00000, 0x00000000ead00000| Untracked 
| 362|0x00000000eae00000, 0x00000000eae00000, 0x00000000eaf00000|  0%| F|  |TAMS 0x00000000eae00000, 0x00000000eae00000| Untracked 
| 363|0x00000000eaf00000, 0x00000000eaf00000, 0x00000000eb000000|  0%| F|  |TAMS 0x00000000eaf00000, 0x00000000eaf00000| Untracked 
| 364|0x00000000eb000000, 0x00000000eb000000, 0x00000000eb100000|  0%| F|  |TAMS 0x00000000eb000000, 0x00000000eb000000| Untracked 
| 365|0x00000000eb100000, 0x00000000eb100000, 0x00000000eb200000|  0%| F|  |TAMS 0x00000000eb100000, 0x00000000eb100000| Untracked 
| 366|0x00000000eb200000, 0x00000000eb200000, 0x00000000eb300000|  0%| F|  |TAMS 0x00000000eb200000, 0x00000000eb200000| Untracked 
| 367|0x00000000eb300000, 0x00000000eb300000, 0x00000000eb400000|  0%| F|  |TAMS 0x00000000eb300000, 0x00000000eb300000| Untracked 
| 368|0x00000000eb400000, 0x00000000eb400000, 0x00000000eb500000|  0%| F|  |TAMS 0x00000000eb400000, 0x00000000eb400000| Untracked 
| 369|0x00000000eb500000, 0x00000000eb500000, 0x00000000eb600000|  0%| F|  |TAMS 0x00000000eb500000, 0x00000000eb500000| Untracked 
| 370|0x00000000eb600000, 0x00000000eb600000, 0x00000000eb700000|  0%| F|  |TAMS 0x00000000eb600000, 0x00000000eb600000| Untracked 
| 371|0x00000000eb700000, 0x00000000eb700000, 0x00000000eb800000|  0%| F|  |TAMS 0x00000000eb700000, 0x00000000eb700000| Untracked 
| 372|0x00000000eb800000, 0x00000000eb800000, 0x00000000eb900000|  0%| F|  |TAMS 0x00000000eb800000, 0x00000000eb800000| Untracked 
| 373|0x00000000eb900000, 0x00000000eb900000, 0x00000000eba00000|  0%| F|  |TAMS 0x00000000eb900000, 0x00000000eb900000| Untracked 
| 374|0x00000000eba00000, 0x00000000eba00000, 0x00000000ebb00000|  0%| F|  |TAMS 0x00000000eba00000, 0x00000000eba00000| Untracked 
| 375|0x00000000ebb00000, 0x00000000ebb00000, 0x00000000ebc00000|  0%| F|  |TAMS 0x00000000ebb00000, 0x00000000ebb00000| Untracked 
| 376|0x00000000ebc00000, 0x00000000ebc00000, 0x00000000ebd00000|  0%| F|  |TAMS 0x00000000ebc00000, 0x00000000ebc00000| Untracked 
| 377|0x00000000ebd00000, 0x00000000ebd00000, 0x00000000ebe00000|  0%| F|  |TAMS 0x00000000ebd00000, 0x00000000ebd00000| Untracked 
| 378|0x00000000ebe00000, 0x00000000ebe00000, 0x00000000ebf00000|  0%| F|  |TAMS 0x00000000ebe00000, 0x00000000ebe00000| Untracked 
| 379|0x00000000ebf00000, 0x00000000ebf00000, 0x00000000ec000000|  0%| F|  |TAMS 0x00000000ebf00000, 0x00000000ebf00000| Untracked 
| 380|0x00000000ec000000, 0x00000000ec000000, 0x00000000ec100000|  0%| F|  |TAMS 0x00000000ec000000, 0x00000000ec000000| Untracked 
| 381|0x00000000ec100000, 0x00000000ec100000, 0x00000000ec200000|  0%| F|  |TAMS 0x00000000ec100000, 0x00000000ec100000| Untracked 
| 382|0x00000000ec200000, 0x00000000ec200000, 0x00000000ec300000|  0%| F|  |TAMS 0x00000000ec200000, 0x00000000ec200000| Untracked 
| 383|0x00000000ec300000, 0x00000000ec300000, 0x00000000ec400000|  0%| F|  |TAMS 0x00000000ec300000, 0x00000000ec300000| Untracked 
| 384|0x00000000ec400000, 0x00000000ec400000, 0x00000000ec500000|  0%| F|  |TAMS 0x00000000ec400000, 0x00000000ec400000| Untracked 
| 385|0x00000000ec500000, 0x00000000ec500000, 0x00000000ec600000|  0%| F|  |TAMS 0x00000000ec500000, 0x00000000ec500000| Untracked 
| 386|0x00000000ec600000, 0x00000000ec600000, 0x00000000ec700000|  0%| F|  |TAMS 0x00000000ec600000, 0x00000000ec600000| Untracked 
| 387|0x00000000ec700000, 0x00000000ec700000, 0x00000000ec800000|  0%| F|  |TAMS 0x00000000ec700000, 0x00000000ec700000| Untracked 
| 388|0x00000000ec800000, 0x00000000ec800000, 0x00000000ec900000|  0%| F|  |TAMS 0x00000000ec800000, 0x00000000ec800000| Untracked 
| 389|0x00000000ec900000, 0x00000000ec900000, 0x00000000eca00000|  0%| F|  |TAMS 0x00000000ec900000, 0x00000000ec900000| Untracked 
| 390|0x00000000eca00000, 0x00000000eca00000, 0x00000000ecb00000|  0%| F|  |TAMS 0x00000000eca00000, 0x00000000eca00000| Untracked 
| 391|0x00000000ecb00000, 0x00000000ecb00000, 0x00000000ecc00000|  0%| F|  |TAMS 0x00000000ecb00000, 0x00000000ecb00000| Untracked 
| 392|0x00000000ecc00000, 0x00000000ecc00000, 0x00000000ecd00000|  0%| F|  |TAMS 0x00000000ecc00000, 0x00000000ecc00000| Untracked 
| 393|0x00000000ecd00000, 0x00000000ece00000, 0x00000000ece00000|100%| S|CS|TAMS 0x00000000ecd00000, 0x00000000ecd00000| Complete 
| 394|0x00000000ece00000, 0x00000000ecf00000, 0x00000000ecf00000|100%| S|CS|TAMS 0x00000000ece00000, 0x00000000ece00000| Complete 
| 395|0x00000000ecf00000, 0x00000000ed000000, 0x00000000ed000000|100%| S|CS|TAMS 0x00000000ecf00000, 0x00000000ecf00000| Complete 
| 396|0x00000000ed000000, 0x00000000ed100000, 0x00000000ed100000|100%| S|CS|TAMS 0x00000000ed000000, 0x00000000ed000000| Complete 
| 397|0x00000000ed100000, 0x00000000ed200000, 0x00000000ed200000|100%| S|CS|TAMS 0x00000000ed100000, 0x00000000ed100000| Complete 
| 398|0x00000000ed200000, 0x00000000ed300000, 0x00000000ed300000|100%| S|CS|TAMS 0x00000000ed200000, 0x00000000ed200000| Complete 
| 399|0x00000000ed300000, 0x00000000ed300000, 0x00000000ed400000|  0%| F|  |TAMS 0x00000000ed300000, 0x00000000ed300000| Untracked 
| 400|0x00000000ed400000, 0x00000000ed400000, 0x00000000ed500000|  0%| F|  |TAMS 0x00000000ed400000, 0x00000000ed400000| Untracked 
| 401|0x00000000ed500000, 0x00000000ed500000, 0x00000000ed600000|  0%| F|  |TAMS 0x00000000ed500000, 0x00000000ed500000| Untracked 
| 402|0x00000000ed600000, 0x00000000ed600000, 0x00000000ed700000|  0%| F|  |TAMS 0x00000000ed600000, 0x00000000ed600000| Untracked 
| 403|0x00000000ed700000, 0x00000000ed700000, 0x00000000ed800000|  0%| F|  |TAMS 0x00000000ed700000, 0x00000000ed700000| Untracked 
| 404|0x00000000ed800000, 0x00000000ed800000, 0x00000000ed900000|  0%| F|  |TAMS 0x00000000ed800000, 0x00000000ed800000| Untracked 
| 405|0x00000000ed900000, 0x00000000ed900000, 0x00000000eda00000|  0%| F|  |TAMS 0x00000000ed900000, 0x00000000ed900000| Untracked 
| 406|0x00000000eda00000, 0x00000000eda00000, 0x00000000edb00000|  0%| F|  |TAMS 0x00000000eda00000, 0x00000000eda00000| Untracked 
| 407|0x00000000edb00000, 0x00000000edb00000, 0x00000000edc00000|  0%| F|  |TAMS 0x00000000edb00000, 0x00000000edb00000| Untracked 
| 408|0x00000000edc00000, 0x00000000edc00000, 0x00000000edd00000|  0%| F|  |TAMS 0x00000000edc00000, 0x00000000edc00000| Untracked 
| 409|0x00000000edd00000, 0x00000000edd00000, 0x00000000ede00000|  0%| F|  |TAMS 0x00000000edd00000, 0x00000000edd00000| Untracked 
| 410|0x00000000ede00000, 0x00000000ede00000, 0x00000000edf00000|  0%| F|  |TAMS 0x00000000ede00000, 0x00000000ede00000| Untracked 
| 411|0x00000000edf00000, 0x00000000edf00000, 0x00000000ee000000|  0%| F|  |TAMS 0x00000000edf00000, 0x00000000edf00000| Untracked 
| 412|0x00000000ee000000, 0x00000000ee000000, 0x00000000ee100000|  0%| F|  |TAMS 0x00000000ee000000, 0x00000000ee000000| Untracked 
| 413|0x00000000ee100000, 0x00000000ee100000, 0x00000000ee200000|  0%| F|  |TAMS 0x00000000ee100000, 0x00000000ee100000| Untracked 
| 414|0x00000000ee200000, 0x00000000ee200000, 0x00000000ee300000|  0%| F|  |TAMS 0x00000000ee200000, 0x00000000ee200000| Untracked 
| 415|0x00000000ee300000, 0x00000000ee300000, 0x00000000ee400000|  0%| F|  |TAMS 0x00000000ee300000, 0x00000000ee300000| Untracked 
| 416|0x00000000ee400000, 0x00000000ee400000, 0x00000000ee500000|  0%| F|  |TAMS 0x00000000ee400000, 0x00000000ee400000| Untracked 
| 417|0x00000000ee500000, 0x00000000ee500000, 0x00000000ee600000|  0%| F|  |TAMS 0x00000000ee500000, 0x00000000ee500000| Untracked 
| 418|0x00000000ee600000, 0x00000000ee600000, 0x00000000ee700000|  0%| F|  |TAMS 0x00000000ee600000, 0x00000000ee600000| Untracked 
| 419|0x00000000ee700000, 0x00000000ee700000, 0x00000000ee800000|  0%| F|  |TAMS 0x00000000ee700000, 0x00000000ee700000| Untracked 
| 420|0x00000000ee800000, 0x00000000ee800000, 0x00000000ee900000|  0%| F|  |TAMS 0x00000000ee800000, 0x00000000ee800000| Untracked 
| 421|0x00000000ee900000, 0x00000000ee900000, 0x00000000eea00000|  0%| F|  |TAMS 0x00000000ee900000, 0x00000000ee900000| Untracked 
| 422|0x00000000eea00000, 0x00000000eea00000, 0x00000000eeb00000|  0%| F|  |TAMS 0x00000000eea00000, 0x00000000eea00000| Untracked 
| 423|0x00000000eeb00000, 0x00000000eeb00000, 0x00000000eec00000|  0%| F|  |TAMS 0x00000000eeb00000, 0x00000000eeb00000| Untracked 
| 424|0x00000000eec00000, 0x00000000eec00000, 0x00000000eed00000|  0%| F|  |TAMS 0x00000000eec00000, 0x00000000eec00000| Untracked 
| 425|0x00000000eed00000, 0x00000000eed00000, 0x00000000eee00000|  0%| F|  |TAMS 0x00000000eed00000, 0x00000000eed00000| Untracked 
| 426|0x00000000eee00000, 0x00000000eee00000, 0x00000000eef00000|  0%| F|  |TAMS 0x00000000eee00000, 0x00000000eee00000| Untracked 
| 427|0x00000000eef00000, 0x00000000eef6fda0, 0x00000000ef000000| 43%| E|  |TAMS 0x00000000eef00000, 0x00000000eef00000| Complete 
| 428|0x00000000ef000000, 0x00000000ef100000, 0x00000000ef100000|100%| E|CS|TAMS 0x00000000ef000000, 0x00000000ef000000| Complete 
| 429|0x00000000ef100000, 0x00000000ef200000, 0x00000000ef200000|100%| E|CS|TAMS 0x00000000ef100000, 0x00000000ef100000| Complete 
| 430|0x00000000ef200000, 0x00000000ef300000, 0x00000000ef300000|100%| E|CS|TAMS 0x00000000ef200000, 0x00000000ef200000| Complete 
| 431|0x00000000ef300000, 0x00000000ef400000, 0x00000000ef400000|100%| E|CS|TAMS 0x00000000ef300000, 0x00000000ef300000| Complete 
| 432|0x00000000ef400000, 0x00000000ef500000, 0x00000000ef500000|100%| E|CS|TAMS 0x00000000ef400000, 0x00000000ef400000| Complete 
| 433|0x00000000ef500000, 0x00000000ef600000, 0x00000000ef600000|100%| E|CS|TAMS 0x00000000ef500000, 0x00000000ef500000| Complete 
| 434|0x00000000ef600000, 0x00000000ef700000, 0x00000000ef700000|100%| E|CS|TAMS 0x00000000ef600000, 0x00000000ef600000| Complete 
| 435|0x00000000ef700000, 0x00000000ef800000, 0x00000000ef800000|100%| E|CS|TAMS 0x00000000ef700000, 0x00000000ef700000| Complete 
| 698|0x00000000ffe00000, 0x00000000ffe75000, 0x00000000fff00000| 45%|OA|  |TAMS 0x00000000ffe75000, 0x00000000ffe00000| Untracked 
| 699|0x00000000fff00000, 0x00000000fff78000, 0x0000000100000000| 46%|CA|  |TAMS 0x00000000fff78000, 0x00000000fff00000| Untracked 

Card table byte_map: [0x00007f4329053000,0x00007f43291b1000] _byte_map_base: 0x00007f43289b1000

Marking Bits (Prev, Next): (CMBitMap*) 0x00007f434004e930, (CMBitMap*) 0x00007f434004e970
 Prev Bits: [0x00007f4328405000, 0x00007f4328ef5000)
 Next Bits: [0x00007f4327915000, 0x00007f4328405000)

Polling page: 0x00007f4345c28000

Metaspace:

Usage:
  Non-class:     89.43 MB used.
      Class:     14.43 MB used.
       Both:    103.86 MB used.

Virtual space:
  Non-class space:      128.00 MB reserved,      89.88 MB ( 70%) committed,  2 nodes.
      Class space:      320.00 MB reserved,      14.88 MB (  5%) committed,  1 nodes.
             Both:      448.00 MB reserved,     104.75 MB ( 23%) committed. 

Chunk freelists:
   Non-Class:  6.03 MB
       Class:  1.08 MB
        Both:  7.11 MB

MaxMetaspaceSize: 384.00 MB
CompressedClassSpaceSize: 320.00 MB
Initial GC threshold: 21.00 MB
Current GC threshold: 158.88 MB
CDS: on
MetaspaceReclaimPolicy: balanced
 - commit_granule_bytes: 65536.
 - commit_granule_words: 8192.
 - virtual_space_node_default_size: 8388608.
 - enlarge_chunks_in_place: 1.
 - new_chunks_are_fully_committed: 0.
 - uncommit_free_chunks: 1.
 - use_allocation_guard: 0.
 - handle_deallocations: 1.


Internal statistics:

num_allocs_failed_limit: 3.
num_arena_births: 1336.
num_arena_deaths: 0.
num_vsnodes_births: 3.
num_vsnodes_deaths: 0.
num_space_committed: 1675.
num_space_uncommitted: 0.
num_chunks_returned_to_freelist: 3.
num_chunks_taken_from_freelist: 5928.
num_chunk_merges: 0.
num_chunk_splits: 3801.
num_chunks_enlarged: 2456.
num_inconsistent_stats: 0.

CodeHeap 'non-profiled nmethods': size=120036Kb used=5555Kb max_used=5962Kb free=114480Kb
 bounds [0x00007f4330fd8000, 0x00007f43315b8000, 0x00007f4338511000]
CodeHeap 'profiled nmethods': size=120032Kb used=21823Kb max_used=22858Kb free=98208Kb
 bounds [0x00007f4329511000, 0x00007f432ab81000, 0x00007f4330a49000]
CodeHeap 'non-nmethods': size=5692Kb used=1802Kb max_used=1834Kb free=3889Kb
 bounds [0x00007f4330a49000, 0x00007f4330cb9000, 0x00007f4330fd8000]
 total_blobs=12967 nmethods=12065 adapters=815
 compilation: enabled
              stopped_count=0, restarted_count=0
 full_count=0

Compilation events (20 events):
Event: 36.880 Thread 0x00007f43400ab420 14786       2       java.util.concurrent.ForkJoinPool::externalQueue (38 bytes)
Event: 36.880 Thread 0x00007f43400ab420 nmethod 14786 0x00007f43297b8010 code [0x00007f43297b81c0, 0x00007f43297b8350]
Event: 36.880 Thread 0x00007f43400ab420 14787       2       com.android.tools.r8.internal.fg4$$Lambda$2187/0x00007f42fcec8228::accept (5 bytes)
Event: 36.880 Thread 0x00007f43400ab420 nmethod 14787 0x00007f4329547b90 code [0x00007f4329547d20, 0x00007f4329547e10]
Event: 36.880 Thread 0x00007f43400ab420 14788   !   2       java.util.concurrent.ForkJoinTask::awaitDone (656 bytes)
Event: 36.881 Thread 0x00007f43400ab420 nmethod 14788 0x00007f43295e4e90 code [0x00007f43295e5200, 0x00007f43295e6590]
Event: 36.882 Thread 0x00007f43400ab420 14789       3       java.util.concurrent.ForkJoinTask::get (27 bytes)
Event: 36.882 Thread 0x00007f43400ab420 nmethod 14789 0x00007f4329837d10 code [0x00007f4329837ec0, 0x00007f43298380b0]
Event: 36.882 Thread 0x00007f43400ab420 14790       3       java.util.concurrent.ForkJoinPool::externalQueue (38 bytes)
Event: 36.882 Thread 0x00007f43400ab420 nmethod 14790 0x00007f4329544990 code [0x00007f4329544b40, 0x00007f4329544dd0]
Event: 36.882 Thread 0x00007f43400ab420 14791       3       com.android.tools.r8.internal.fg4$$Lambda$2187/0x00007f42fcec8228::accept (5 bytes)
Event: 36.882 Thread 0x00007f43400ab420 nmethod 14791 0x00007f432987db90 code [0x00007f432987dd40, 0x00007f432987de90]
Event: 36.882 Thread 0x00007f43400ab420 14792   !   3       java.util.concurrent.ForkJoinTask::awaitDone (656 bytes)
Event: 36.884 Thread 0x00007f43400ab420 nmethod 14792 0x00007f432a06f190 code [0x00007f432a06f640, 0x00007f432a072150]
Event: 36.962 Thread 0x00007f43400ab420 14793 %     3       javax.management.ObjectName::construct @ 822 (1135 bytes)
Event: 36.971 Thread 0x00007f43400ab420 nmethod 14793% 0x00007f432ab73090 code [0x00007f432ab73720, 0x00007f432ab77400]
Event: 36.974 Thread 0x00007f43400ab420 14794       3       com.android.tools.r8.graph.e8::a (63 bytes)
Event: 36.975 Thread 0x00007f43400ab420 nmethod 14794 0x00007f4329673c10 code [0x00007f4329673ea0, 0x00007f4329674ac0]
Event: 36.975 Thread 0x00007f43400ab420 14795       3       com.android.tools.r8.graph.d8::<init> (35 bytes)
Event: 36.975 Thread 0x00007f43400ab420 nmethod 14795 0x00007f4329633110 code [0x00007f4329633320, 0x00007f4329633a10]

GC Heap History (20 events):
Event: 34.779 GC heap before
{Heap before GC invocations=98 (full 0):
 garbage-first heap   total 345088K, used 273332K [0x00000000d4400000, 0x0000000100000000)
  region size 1024K, 56 young (57344K), 9 survivors (9216K)
 Metaspace       used 106290K, committed 107200K, reserved 458752K
  class space    used 14765K, committed 15232K, reserved 327680K
}
Event: 34.798 GC heap after
{Heap after GC invocations=99 (full 0):
 garbage-first heap   total 345088K, used 242100K [0x00000000d4400000, 0x0000000100000000)
  region size 1024K, 7 young (7168K), 7 survivors (7168K)
 Metaspace       used 106290K, committed 107200K, reserved 458752K
  class space    used 14765K, committed 15232K, reserved 327680K
}
Event: 34.869 GC heap before
{Heap before GC invocations=99 (full 0):
 garbage-first heap   total 345088K, used 250292K [0x00000000d4400000, 0x0000000100000000)
  region size 1024K, 16 young (16384K), 7 survivors (7168K)
 Metaspace       used 106290K, committed 107200K, reserved 458752K
  class space    used 14765K, committed 15232K, reserved 327680K
}
Event: 34.882 GC heap after
{Heap after GC invocations=100 (full 0):
 garbage-first heap   total 380928K, used 245684K [0x00000000d4400000, 0x0000000100000000)
  region size 1024K, 3 young (3072K), 3 survivors (3072K)
 Metaspace       used 106290K, committed 107200K, reserved 458752K
  class space    used 14765K, committed 15232K, reserved 327680K
}
Event: 35.085 GC heap before
{Heap before GC invocations=100 (full 0):
 garbage-first heap   total 380928K, used 300980K [0x00000000d4400000, 0x0000000100000000)
  region size 1024K, 55 young (56320K), 3 survivors (3072K)
 Metaspace       used 106291K, committed 107200K, reserved 458752K
  class space    used 14765K, committed 15232K, reserved 327680K
}
Event: 35.153 GC heap after
{Heap after GC invocations=101 (full 0):
 garbage-first heap   total 380928K, used 267188K [0x00000000d4400000, 0x0000000100000000)
  region size 1024K, 7 young (7168K), 7 survivors (7168K)
 Metaspace       used 106291K, committed 107200K, reserved 458752K
  class space    used 14765K, committed 15232K, reserved 327680K
}
Event: 35.273 GC heap before
{Heap before GC invocations=101 (full 0):
 garbage-first heap   total 380928K, used 307124K [0x00000000d4400000, 0x0000000100000000)
  region size 1024K, 46 young (47104K), 7 survivors (7168K)
 Metaspace       used 106297K, committed 107264K, reserved 458752K
  class space    used 14765K, committed 15232K, reserved 327680K
}
Event: 35.294 GC heap after
{Heap after GC invocations=102 (full 0):
 garbage-first heap   total 380928K, used 281012K [0x00000000d4400000, 0x0000000100000000)
  region size 1024K, 6 young (6144K), 6 survivors (6144K)
 Metaspace       used 106297K, committed 107264K, reserved 458752K
  class space    used 14765K, committed 15232K, reserved 327680K
}
Event: 35.458 GC heap before
{Heap before GC invocations=102 (full 0):
 garbage-first heap   total 380928K, used 312756K [0x00000000d4400000, 0x0000000100000000)
  region size 1024K, 37 young (37888K), 6 survivors (6144K)
 Metaspace       used 106297K, committed 107264K, reserved 458752K
  class space    used 14765K, committed 15232K, reserved 327680K
}
Event: 35.475 GC heap after
{Heap after GC invocations=103 (full 0):
 garbage-first heap   total 380928K, used 292276K [0x00000000d4400000, 0x0000000100000000)
  region size 1024K, 5 young (5120K), 5 survivors (5120K)
 Metaspace       used 106297K, committed 107264K, reserved 458752K
  class space    used 14765K, committed 15232K, reserved 327680K
}
Event: 35.577 GC heap before
{Heap before GC invocations=103 (full 0):
 garbage-first heap   total 380928K, used 317876K [0x00000000d4400000, 0x0000000100000000)
  region size 1024K, 30 young (30720K), 5 survivors (5120K)
 Metaspace       used 106304K, committed 107264K, reserved 458752K
  class space    used 14766K, committed 15232K, reserved 327680K
}
Event: 35.595 GC heap after
{Heap after GC invocations=104 (full 0):
 garbage-first heap   total 448512K, used 302516K [0x00000000d4400000, 0x0000000100000000)
  region size 1024K, 4 young (4096K), 4 survivors (4096K)
 Metaspace       used 106304K, committed 107264K, reserved 458752K
  class space    used 14766K, committed 15232K, reserved 327680K
}
Event: 35.893 GC heap before
{Heap before GC invocations=104 (full 0):
 garbage-first heap   total 448512K, used 355764K [0x00000000d4400000, 0x0000000100000000)
  region size 1024K, 57 young (58368K), 4 survivors (4096K)
 Metaspace       used 106326K, committed 107264K, reserved 458752K
  class space    used 14772K, committed 15232K, reserved 327680K
}
Event: 35.966 GC heap after
{Heap after GC invocations=105 (full 0):
 garbage-first heap   total 448512K, used 316340K [0x00000000d4400000, 0x0000000100000000)
  region size 1024K, 8 young (8192K), 8 survivors (8192K)
 Metaspace       used 106326K, committed 107264K, reserved 458752K
  class space    used 14772K, committed 15232K, reserved 327680K
}
Event: 36.273 GC heap before
{Heap before GC invocations=105 (full 0):
 garbage-first heap   total 448512K, used 364468K [0x00000000d4400000, 0x0000000100000000)
  region size 1024K, 55 young (56320K), 8 survivors (8192K)
 Metaspace       used 106326K, committed 107264K, reserved 458752K
  class space    used 14772K, committed 15232K, reserved 327680K
}
Event: 36.294 GC heap after
{Heap after GC invocations=106 (full 0):
 garbage-first heap   total 448512K, used 328116K [0x00000000d4400000, 0x0000000100000000)
  region size 1024K, 7 young (7168K), 7 survivors (7168K)
 Metaspace       used 106326K, committed 107264K, reserved 458752K
  class space    used 14772K, committed 15232K, reserved 327680K
}
Event: 36.580 GC heap before
{Heap before GC invocations=106 (full 0):
 garbage-first heap   total 448512K, used 371124K [0x00000000d4400000, 0x0000000100000000)
  region size 1024K, 50 young (51200K), 7 survivors (7168K)
 Metaspace       used 106327K, committed 107264K, reserved 458752K
  class space    used 14772K, committed 15232K, reserved 327680K
}
Event: 36.653 GC heap after
{Heap after GC invocations=107 (full 0):
 garbage-first heap   total 448512K, used 337844K [0x00000000d4400000, 0x0000000100000000)
  region size 1024K, 6 young (6144K), 6 survivors (6144K)
 Metaspace       used 106327K, committed 107264K, reserved 458752K
  class space    used 14772K, committed 15232K, reserved 327680K
}
Event: 36.885 GC heap before
{Heap before GC invocations=107 (full 0):
 garbage-first heap   total 448512K, used 376756K [0x00000000d4400000, 0x0000000100000000)
  region size 1024K, 43 young (44032K), 6 survivors (6144K)
 Metaspace       used 106351K, committed 107264K, reserved 458752K
  class space    used 14773K, committed 15232K, reserved 327680K
}
Event: 36.958 GC heap after
{Heap after GC invocations=108 (full 0):
 garbage-first heap   total 448512K, used 348084K [0x00000000d4400000, 0x0000000100000000)
  region size 1024K, 6 young (6144K), 6 survivors (6144K)
 Metaspace       used 106351K, committed 107264K, reserved 458752K
  class space    used 14773K, committed 15232K, reserved 327680K
}

Dll operation events (14 events):
Event: 0.002 Loaded shared library /usr/lib/jvm/java-17-openjdk-amd64/lib/libjava.so
Event: 0.067 Loaded shared library /usr/lib/jvm/java-17-openjdk-amd64/lib/libjsvml.so
Event: 0.101 Loaded shared library /usr/lib/jvm/java-17-openjdk-amd64/lib/libzip.so
Event: 0.102 Loaded shared library /usr/lib/jvm/java-17-openjdk-amd64/lib/libinstrument.so
Event: 0.103 Loaded shared library /usr/lib/jvm/java-17-openjdk-amd64/lib/libnio.so
Event: 0.105 Loaded shared library /usr/lib/jvm/java-17-openjdk-amd64/lib/libzip.so
Event: 0.299 Loaded shared library /usr/lib/jvm/java-17-openjdk-amd64/lib/libjimage.so
Event: 0.492 Loaded shared library /usr/lib/jvm/java-17-openjdk-amd64/lib/libverify.so
Event: 0.573 Loaded shared library /usr/lib/jvm/java-17-openjdk-amd64/lib/libnet.so
Event: 0.574 Loaded shared library /root/.gradle/native/660c5614fbf4a5f2a75b1949f50a0caf5cd603558e7d8a26e50b933a0cfb79d1/linux-amd64/libnative-platform.so
Event: 0.590 Loaded shared library /root/.gradle/native/0.2.8/x86_64-linux-gnu/libgradle-fileevents.so
Event: 1.892 Loaded shared library /usr/lib/jvm/java-17-openjdk-amd64/lib/libmanagement.so
Event: 1.893 Loaded shared library /usr/lib/jvm/java-17-openjdk-amd64/lib/libmanagement_ext.so
Event: 1.978 Loaded shared library /usr/lib/jvm/java-17-openjdk-amd64/lib/libextnet.so

Deoptimization events (20 events):
Event: 35.854 Thread 0x00007f42d4481540 DEOPT PACKING pc=0x00007f432ab462f0 sp=0x00007f42cbefc530
Event: 35.854 Thread 0x00007f42d4481540 DEOPT UNPACKING pc=0x00007f4330aa364f sp=0x00007f42cbefba78 mode 0
Event: 35.857 Thread 0x00007f42d4481540 DEOPT PACKING pc=0x00007f432ab462f0 sp=0x00007f42cbefc570
Event: 35.857 Thread 0x00007f42d4481540 DEOPT UNPACKING pc=0x00007f4330aa364f sp=0x00007f42cbefbab8 mode 0
Event: 35.857 Thread 0x00007f42d4481540 Uncommon trap: trap_request=0xffffff45 fr.pc=0x00007f4331594ba4 relative=0x00000000000005e4
Event: 35.857 Thread 0x00007f42d4481540 Uncommon trap: reason=unstable_if action=reinterpret pc=0x00007f4331594ba4 method=com.android.tools.r8.graph.h6.a(C[BI)I @ 1 c2
Event: 35.857 Thread 0x00007f42d4481540 DEOPT PACKING pc=0x00007f4331594ba4 sp=0x00007f42cbefc600
Event: 35.857 Thread 0x00007f42d4481540 DEOPT UNPACKING pc=0x00007f4330aa2b19 sp=0x00007f42cbefc548 mode 2
Event: 35.861 Thread 0x00007f42d4481540 Uncommon trap: trap_request=0xffffff45 fr.pc=0x00007f43315749a8 relative=0x0000000000000308
Event: 35.861 Thread 0x00007f42d4481540 Uncommon trap: reason=unstable_if action=reinterpret pc=0x00007f43315749a8 method=com.android.tools.r8.internal.s91.a(I)Z @ 45 c2
Event: 35.861 Thread 0x00007f42d4481540 DEOPT PACKING pc=0x00007f43315749a8 sp=0x00007f42cbefca10
Event: 35.861 Thread 0x00007f42d4481540 DEOPT UNPACKING pc=0x00007f4330aa2b19 sp=0x00007f42cbefc958 mode 2
Event: 36.372 Thread 0x00007f42d4481540 Uncommon trap: trap_request=0xffffff45 fr.pc=0x00007f433156a000 relative=0x0000000000001320
Event: 36.372 Thread 0x00007f42d4481540 Uncommon trap: reason=unstable_if action=reinterpret pc=0x00007f433156a000 method=java.util.concurrent.ConcurrentHashMap.computeIfAbsent(Ljava/lang/Object;Ljava/util/function/Function;)Ljava/lang/Object; @ 104 c2
Event: 36.372 Thread 0x00007f42d4481540 DEOPT PACKING pc=0x00007f433156a000 sp=0x00007f42cbefcad0
Event: 36.372 Thread 0x00007f42d4481540 DEOPT UNPACKING pc=0x00007f4330aa2b19 sp=0x00007f42cbefca58 mode 2
Event: 36.792 Thread 0x00007f42d025d330 Uncommon trap: trap_request=0xffffff45 fr.pc=0x00007f43312936b8 relative=0x0000000000000398
Event: 36.792 Thread 0x00007f42d025d330 Uncommon trap: reason=unstable_if action=reinterpret pc=0x00007f43312936b8 method=java.util.concurrent.ConcurrentLinkedQueue.offer(Ljava/lang/Object;)Z @ 42 c2
Event: 36.792 Thread 0x00007f42d025d330 DEOPT PACKING pc=0x00007f43312936b8 sp=0x00007f42cbdfb9c0
Event: 36.792 Thread 0x00007f42d025d330 DEOPT UNPACKING pc=0x00007f4330aa2b19 sp=0x00007f42cbdfb960 mode 2

Classes loaded (20 events):
Event: 33.073 Loading class com/sun/crypto/provider/GaloisCounterMode$GCTRGHASH
Event: 33.073 Loading class com/sun/crypto/provider/GaloisCounterMode$GCTRGHASH done
Event: 33.074 Loading class javax/net/ssl/SSLEngineResult$HandshakeStatus
Event: 33.075 Loading class javax/net/ssl/SSLEngineResult$HandshakeStatus done
Event: 33.075 Loading class jdk/internal/event/TLSHandshakeEvent
Event: 33.075 Loading class jdk/internal/event/TLSHandshakeEvent done
Event: 33.164 Loading class sun/security/ssl/PostHandshakeContext
Event: 33.164 Loading class sun/security/ssl/PostHandshakeContext done
Event: 33.164 Loading class sun/security/ssl/NewSessionTicket$T13NewSessionTicketMessage
Event: 33.165 Loading class sun/security/ssl/NewSessionTicket$NewSessionTicketMessage
Event: 33.165 Loading class sun/security/ssl/NewSessionTicket$NewSessionTicketMessage done
Event: 33.165 Loading class sun/security/ssl/NewSessionTicket$T13NewSessionTicketMessage done
Event: 33.257 Loading class java/text/ParsePosition
Event: 33.257 Loading class java/text/ParsePosition done
Event: 33.257 Loading class java/text/CalendarBuilder
Event: 33.260 Loading class java/text/CalendarBuilder done
Event: 33.379 Loading class java/util/zip/GZIPInputStream$1
Event: 33.397 Loading class java/util/zip/GZIPInputStream$1 done
Event: 33.398 Loading class java/nio/charset/UnsupportedCharsetException
Event: 33.451 Loading class java/nio/charset/UnsupportedCharsetException done

Classes unloaded (0 events):
No events

Classes redefined (0 events):
No events

Internal exceptions (20 events):
Event: 30.092 Thread 0x0000561020921ec0 Exception <a 'java/lang/NoSuchMethodError'{0x00000000dcfe07a0}: 'void java.lang.invoke.DirectMethodHandle$Holder.invokeSpecial(java.lang.Object, java.lang.Object, int)'> (0x00000000dcfe07a0) 
thrown [./src/hotspot/share/interpreter/linkResolver.cpp, line 758]
Event: 30.098 Thread 0x0000561020921ec0 Exception <a 'sun/nio/fs/UnixException'{0x00000000dce5d810}> (0x00000000dce5d810) 
thrown [./src/hotspot/share/prims/jni.cpp, line 516]
Event: 30.098 Thread 0x0000561020921ec0 Exception <a 'sun/nio/fs/UnixException'{0x00000000dce5d8c8}> (0x00000000dce5d8c8) 
thrown [./src/hotspot/share/prims/jni.cpp, line 516]
Event: 30.098 Thread 0x0000561020921ec0 Exception <a 'sun/nio/fs/UnixException'{0x00000000dce5d980}> (0x00000000dce5d980) 
thrown [./src/hotspot/share/prims/jni.cpp, line 516]
Event: 30.098 Thread 0x0000561020921ec0 Exception <a 'sun/nio/fs/UnixException'{0x00000000dce5da38}> (0x00000000dce5da38) 
thrown [./src/hotspot/share/prims/jni.cpp, line 516]
Event: 30.098 Thread 0x0000561020921ec0 Exception <a 'sun/nio/fs/UnixException'{0x00000000dce5daf0}> (0x00000000dce5daf0) 
thrown [./src/hotspot/share/prims/jni.cpp, line 516]
Event: 30.099 Thread 0x0000561020921ec0 Exception <a 'sun/nio/fs/UnixException'{0x00000000dce5dba8}> (0x00000000dce5dba8) 
thrown [./src/hotspot/share/prims/jni.cpp, line 516]
Event: 30.099 Thread 0x0000561020921ec0 Exception <a 'sun/nio/fs/UnixException'{0x00000000dce5def0}> (0x00000000dce5def0) 
thrown [./src/hotspot/share/prims/jni.cpp, line 516]
Event: 30.493 Thread 0x00005610207c9870 Exception <a 'sun/nio/fs/UnixException'{0x00000000de2a2338}> (0x00000000de2a2338) 
thrown [./src/hotspot/share/prims/jni.cpp, line 516]
Event: 30.493 Thread 0x00005610207c9870 Exception <a 'sun/nio/fs/UnixException'{0x00000000de2a5740}> (0x00000000de2a5740) 
thrown [./src/hotspot/share/prims/jni.cpp, line 516]
Event: 31.389 Thread 0x0000561020921ec0 Exception <a 'java/lang/IncompatibleClassChangeError'{0x00000000dffa0510}: Found class java.lang.Object, but interface was expected> (0x00000000dffa0510) 
thrown [./src/hotspot/share/interpreter/linkResolver.cpp, line 826]
Event: 31.956 Thread 0x0000561020921ec0 Exception <a 'java/lang/NoSuchMethodError'{0x00000000e87b20d0}: 'java.lang.Object java.lang.invoke.DirectMethodHandle$Holder.invokeStaticInit(java.lang.Object, java.lang.Object, java.lang.Object, java.lang.Object, java.lang.Object, java.lang.Object, java.lang.Object, java.lang.Object, java.lang.Object, java.lang.Object, java.lang.Object, java.lang.Object, java.lang.Object, java.lang.Object, java.lang.Object, java.lang.Object, java.lang.Object, java.lang.Object, java.lang.Object, java.lang.Object, int, java
Event: 31.957 Thread 0x0000561020921ec0 Exception <a 'java/lang/IncompatibleClassChangeError'{0x00000000e87cb078}: Found class java.lang.Object, but interface was expected> (0x00000000e87cb078) 
thrown [./src/hotspot/share/interpreter/linkResolver.cpp, line 826]
Event: 31.958 Thread 0x0000561020921ec0 Exception <a 'java/lang/IncompatibleClassChangeError'{0x00000000e87d6278}: Found class java.lang.Object, but interface was expected> (0x00000000e87d6278) 
thrown [./src/hotspot/share/interpreter/linkResolver.cpp, line 826]
Event: 31.997 Thread 0x00007f42d4481540 Implicit null exception at 0x00007f433153a182 to 0x00007f433153b5f0
Event: 32.063 Thread 0x00007f42d025d330 Implicit null exception at 0x00007f43312254b7 to 0x00007f4331225680
Event: 32.075 Thread 0x00007f42d4481540 Exception <a 'java/lang/IncompatibleClassChangeError'{0x00000000e82d8f08}: Found class java.lang.Object, but interface was expected> (0x00000000e82d8f08) 
thrown [./src/hotspot/share/interpreter/linkResolver.cpp, line 826]
Event: 32.284 Thread 0x00007f42d025d330 Exception <a 'java/lang/NoSuchMethodError'{0x00000000e7920fa0}: 'long java.lang.invoke.DirectMethodHandle$Holder.invokeStaticInit(java.lang.Object, java.lang.Object)'> (0x00000000e7920fa0) 
thrown [./src/hotspot/share/interpreter/linkResolver.cpp, line 758]
Event: 33.261 Thread 0x00005610207c9870 Exception <a 'java/lang/NoSuchMethodError'{0x00000000e24a3060}: 'void java.lang.invoke.DirectMethodHandle$Holder.invokeVirtual(java.lang.Object, java.lang.Object, long)'> (0x00000000e24a3060) 
thrown [./src/hotspot/share/interpreter/linkResolver.cpp, line 758]
Event: 33.399 Thread 0x0000561020921ec0 Exception <a 'java/lang/NoSuchMethodError'{0x00000000e0f3c818}: 'java.lang.Object java.lang.invoke.DirectMethodHandle$Holder.invokeStaticInit(java.lang.Object, java.lang.Object, java.lang.Object, java.lang.Object, java.lang.Object)'> (0x00000000e0f3c818) 
thrown [./src/hotspot/share/interpreter/linkResolver.cpp, line 758]

VM Operations (20 events):
Event: 35.294 Executing VM operation: G1CollectForAllocation done
Event: 35.458 Executing VM operation: G1CollectForAllocation
Event: 35.476 Executing VM operation: G1CollectForAllocation done
Event: 35.576 Executing VM operation: G1CollectForAllocation
Event: 35.595 Executing VM operation: G1CollectForAllocation done
Event: 35.891 Executing VM operation: G1CollectForAllocation
Event: 35.966 Executing VM operation: G1CollectForAllocation done
Event: 35.975 Executing VM operation: HandshakeAllThreads
Event: 35.979 Executing VM operation: HandshakeAllThreads done
Event: 36.180 Executing VM operation: HandshakeAllThreads
Event: 36.180 Executing VM operation: HandshakeAllThreads done
Event: 36.266 Executing VM operation: G1CollectForAllocation
Event: 36.295 Executing VM operation: G1CollectForAllocation done
Event: 36.575 Executing VM operation: G1CollectForAllocation
Event: 36.576 Executing VM operation: G1CollectForAllocation done
Event: 36.580 Executing VM operation: G1CollectForAllocation
Event: 36.653 Executing VM operation: G1CollectForAllocation done
Event: 36.885 Executing VM operation: G1CollectForAllocation
Event: 36.958 Executing VM operation: G1CollectForAllocation done
Event: 36.995 Executing VM operation: G1PauseRemark

Memory protections (20 events):
Event: 24.667 Protecting memory [0x00007f42f50e6000,0x00007f42f50ea000] with protection modes 0
Event: 24.684 Protecting memory [0x00007f42f4fe5000,0x00007f42f4fe9000] with protection modes 0
Event: 24.753 Protecting memory [0x00007f42f4ee4000,0x00007f42f4ee8000] with protection modes 0
Event: 25.582 Protecting memory [0x00007f42f4de3000,0x00007f42f4de7000] with protection modes 0
Event: 26.290 Protecting memory [0x00007f42f4ce2000,0x00007f42f4ce6000] with protection modes 0
Event: 26.694 Protecting memory [0x00007f42f4be1000,0x00007f42f4be5000] with protection modes 0
Event: 26.804 Protecting memory [0x00007f42f4ae0000,0x00007f42f4ae4000] with protection modes 0
Event: 26.962 Protecting memory [0x00007f42f49df000,0x00007f42f49e3000] with protection modes 0
Event: 27.053 Protecting memory [0x00007f42f48de000,0x00007f42f48e2000] with protection modes 0
Event: 27.102 Protecting memory [0x00007f42f47dd000,0x00007f42f47e1000] with protection modes 0
Event: 27.193 Protecting memory [0x00007f42f46dc000,0x00007f42f46e0000] with protection modes 0
Event: 27.479 Protecting memory [0x00007f42f45db000,0x00007f42f45df000] with protection modes 0
Event: 27.498 Protecting memory [0x00007f42f44da000,0x00007f42f44de000] with protection modes 0
Event: 27.680 Protecting memory [0x00007f42f43d9000,0x00007f42f43dd000] with protection modes 0
Event: 27.781 Protecting memory [0x00007f42f42d8000,0x00007f42f42dc000] with protection modes 0
Event: 27.854 Protecting memory [0x00007f42f41d7000,0x00007f42f41db000] with protection modes 0
Event: 27.968 Protecting memory [0x00007f42f40d6000,0x00007f42f40da000] with protection modes 0
Event: 29.787 Protecting memory [0x00007f42cbf00000,0x00007f42cbf04000] with protection modes 0
Event: 31.991 Protecting memory [0x00007f42cbdff000,0x00007f42cbe03000] with protection modes 0
Event: 31.997 Protecting memory [0x00007f42cbcfe000,0x00007f42cbd02000] with protection modes 0

Nmethod flushes (20 events):
Event: 36.271 Thread 0x00007f43400ac890 flushing  nmethod 0x00007f432a6f0210
Event: 36.272 Thread 0x00007f43400ac890 flushing  nmethod 0x00007f432a731510
Event: 36.272 Thread 0x00007f43400ac890 flushing  nmethod 0x00007f432a775510
Event: 36.272 Thread 0x00007f43400ac890 flushing  nmethod 0x00007f432a775b10
Event: 36.272 Thread 0x00007f43400ac890 flushing  nmethod 0x00007f432a775e90
Event: 36.272 Thread 0x00007f43400ac890 flushing  nmethod 0x00007f432a784490
Event: 36.272 Thread 0x00007f43400ac890 flushing  nmethod 0x00007f432a79e690
Event: 36.272 Thread 0x00007f43400ac890 flushing  nmethod 0x00007f432a79f610
Event: 36.272 Thread 0x00007f43400ac890 flushing  nmethod 0x00007f432a7c0690
Event: 36.272 Thread 0x00007f43400ac890 flushing  nmethod 0x00007f432a7c1d90
Event: 36.272 Thread 0x00007f43400ac890 flushing  nmethod 0x00007f432a7d5d90
Event: 36.272 Thread 0x00007f43400ac890 flushing  nmethod 0x00007f432a7dbf90
Event: 36.272 Thread 0x00007f43400ac890 flushing  nmethod 0x00007f432a7dca10
Event: 36.272 Thread 0x00007f43400ac890 flushing  nmethod 0x00007f432a7dd790
Event: 36.272 Thread 0x00007f43400ac890 flushing  nmethod 0x00007f432a7dde10
Event: 36.272 Thread 0x00007f43400ac890 flushing  nmethod 0x00007f432a7de790
Event: 36.272 Thread 0x00007f43400ac890 flushing  nmethod 0x00007f432a7deb90
Event: 36.272 Thread 0x00007f43400ac890 flushing  nmethod 0x00007f432a7f9e10
Event: 36.272 Thread 0x00007f43400ac890 flushing  nmethod 0x00007f432a7fa290
Event: 36.272 Thread 0x00007f43400ac890 flushing  nmethod 0x00007f432a809190

Events (20 events):
Event: 24.667 Thread 0x00007f42e8011570 Thread added: 0x00007f431244bbb0
Event: 24.675 Thread 0x00007f431244bbb0 Thread added: 0x00005610207c9870
Event: 24.696 Thread 0x00005610207c9870 Thread added: 0x00007f42d401af80
Event: 25.582 Thread 0x00005610207c9870 Thread added: 0x00007f42d40815f0
Event: 26.290 Thread 0x00005610207c9870 Thread added: 0x00007f42d408bf40
Event: 26.690 Thread 0x00005610207c9870 Thread added: 0x00007f42d408df40
Event: 26.804 Thread 0x00007f431244bbb0 Thread added: 0x000056102084cef0
Event: 26.961 Thread 0x00007f431244bbb0 Thread added: 0x000056102084c430
Event: 27.053 Thread 0x00007f431244bbb0 Thread added: 0x0000561020820580
Event: 27.100 Thread 0x00007f431244bbb0 Thread added: 0x00005610208221a0
Event: 27.189 Thread 0x00007f431244bbb0 Thread added: 0x0000561020823420
Event: 27.479 Thread 0x00005610207c9870 Thread added: 0x00007f42d4090050
Event: 27.498 Thread 0x00005610207c9870 Thread added: 0x00007f42d4098600
Event: 27.680 Thread 0x00005610207c9870 Thread added: 0x00007f42d40a8ab0
Event: 27.781 Thread 0x00005610207c9870 Thread added: 0x00007f42d409ae60
Event: 27.851 Thread 0x00007f431244bbb0 Thread added: 0x0000561020821140
Event: 27.968 Thread 0x00005610207c9870 Thread added: 0x00007f42d40a43f0
Event: 29.786 Thread 0x00007f431244bbb0 Thread added: 0x0000561020921ec0
Event: 31.990 Thread 0x0000561020921ec0 Thread added: 0x00007f42d4481540
Event: 31.997 Thread 0x00007f42d4481540 Thread added: 0x00007f42d025d330


Dynamic libraries:
d4400000-ef800000 rw-p 00000000 00:00 0 
f8a00000-ffe00000 ---p 00000000 00:00 0 
ffe00000-ffe75000 rw-p 00c7a000 00:25 13853                              /usr/lib/jvm/java-17-openjdk-amd64/lib/server/classes.jsa
ffe75000-fff00000 rw-p 00000000 00:00 0 
fff00000-fff78000 rw-p 00c02000 00:25 13853                              /usr/lib/jvm/java-17-openjdk-amd64/lib/server/classes.jsa
fff78000-100000000 rw-p 00000000 00:00 0 
56101edab000-56101edac000 r--p 00000000 00:25 13495                      /usr/lib/jvm/java-17-openjdk-amd64/bin/java
56101edac000-56101edad000 r-xp 00001000 00:25 13495                      /usr/lib/jvm/java-17-openjdk-amd64/bin/java
56101edad000-56101edae000 r--p 00002000 00:25 13495                      /usr/lib/jvm/java-17-openjdk-amd64/bin/java
56101edae000-56101edaf000 r--p 00002000 00:25 13495                      /usr/lib/jvm/java-17-openjdk-amd64/bin/java
56101edaf000-56101edb0000 rw-p 00003000 00:25 13495                      /usr/lib/jvm/java-17-openjdk-amd64/bin/java
561020791000-561020c1a000 rw-p 00000000 00:00 0                          [heap]
7f42cbcfd000-7f42cbcfe000 ---p 00000000 00:00 0 
7f42cbcfe000-7f42cbd02000 ---p 00000000 00:00 0 
7f42cbd02000-7f42cbdfe000 rw-p 00000000 00:00 0 
7f42cbdfe000-7f42cbdff000 ---p 00000000 00:00 0 
7f42cbdff000-7f42cbe03000 ---p 00000000 00:00 0 
7f42cbe03000-7f42cbeff000 rw-p 00000000 00:00 0 
7f42cbeff000-7f42cbf00000 ---p 00000000 00:00 0 
7f42cbf00000-7f42cbf04000 ---p 00000000 00:00 0 
7f42cbf04000-7f42cc900000 rw-p 00000000 00:00 0 
7f42cc900000-7f42cca00000 rw-p 00000000 00:00 0 
7f42cca00000-7f42cce60000 rw-p 00000000 00:00 0 
7f42cce60000-7f42cd300000 rw-p 00000000 00:00 0 
7f42cd300000-7f42cd500000 rw-p 00000000 00:00 0 
7f42cd500000-7f42cd600000 rw-p 00000000 00:00 0 
7f42cd600000-7f42cd7c0000 rw-p 00000000 00:00 0 
7f42cd7c0000-7f42cd800000 rw-p 00000000 00:00 0 
7f42cd800000-7f42cd8c0000 rw-p 00000000 00:00 0 
7f42cd8c0000-7f42cd8e0000 rw-p 00000000 00:00 0 
7f42cd8e0000-7f42cd900000 ---p 00000000 00:00 0 
7f42cd900000-7f42cda00000 rw-p 00000000 00:00 0 
7f42cda00000-7f42d0000000 ---p 00000000 00:00 0 
7f42d0000000-7f42d0a92000 rw-p 00000000 00:00 0 
7f42d0a92000-7f42d4000000 ---p 00000000 00:00 0 
7f42d4000000-7f42d4536000 rw-p 00000000 00:00 0 
7f42d4536000-7f42d8000000 ---p 00000000 00:00 0 
7f42d8000000-7f42d803e000 rw-p 00000000 00:00 0 
7f42d803e000-7f42dc000000 ---p 00000000 00:00 0 
7f42dc000000-7f42de5dc000 rw-p 00000000 00:00 0 
7f42de5dc000-7f42e0000000 ---p 00000000 00:00 0 
7f42e0000000-7f42e0056000 rw-p 00000000 00:00 0 
7f42e0056000-7f42e4000000 ---p 00000000 00:00 0 
7f42e4000000-7f42e4039000 rw-p 00000000 00:00 0 
7f42e4039000-7f42e8000000 ---p 00000000 00:00 0 
7f42e8000000-7f42e8029000 rw-p 00000000 00:00 0 
7f42e8029000-7f42ec000000 ---p 00000000 00:00 0 
7f42ec000000-7f42ec021000 rw-p 00000000 00:00 0 
7f42ec021000-7f42f0000000 ---p 00000000 00:00 0 
7f42f0000000-7f42f0521000 rw-p 00000000 00:00 0 
7f42f0521000-7f42f4000000 ---p 00000000 00:00 0 
7f42f40d5000-7f42f40d6000 ---p 00000000 00:00 0 
7f42f40d6000-7f42f40da000 ---p 00000000 00:00 0 
7f42f40da000-7f42f41d6000 rw-p 00000000 00:00 0 
7f42f41d6000-7f42f41d7000 ---p 00000000 00:00 0 
7f42f41d7000-7f42f41db000 ---p 00000000 00:00 0 
7f42f41db000-7f42f42d7000 rw-p 00000000 00:00 0 
7f42f42d7000-7f42f42d8000 ---p 00000000 00:00 0 
7f42f42d8000-7f42f42dc000 ---p 00000000 00:00 0 
7f42f42dc000-7f42f43d8000 rw-p 00000000 00:00 0 
7f42f43d8000-7f42f43d9000 ---p 00000000 00:00 0 
7f42f43d9000-7f42f43dd000 ---p 00000000 00:00 0 
7f42f43dd000-7f42f44d9000 rw-p 00000000 00:00 0 
7f42f44d9000-7f42f44da000 ---p 00000000 00:00 0 
7f42f44da000-7f42f44de000 ---p 00000000 00:00 0 
7f42f44de000-7f42f45da000 rw-p 00000000 00:00 0 
7f42f45da000-7f42f45db000 ---p 00000000 00:00 0 
7f42f45db000-7f42f45df000 ---p 00000000 00:00 0 
7f42f45df000-7f42f46db000 rw-p 00000000 00:00 0 
7f42f46db000-7f42f46dc000 ---p 00000000 00:00 0 
7f42f46dc000-7f42f46e0000 ---p 00000000 00:00 0 
7f42f46e0000-7f42f47dc000 rw-p 00000000 00:00 0 
7f42f47dc000-7f42f47dd000 ---p 00000000 00:00 0 
7f42f47dd000-7f42f47e1000 ---p 00000000 00:00 0 
7f42f47e1000-7f42f48dd000 rw-p 00000000 00:00 0 
7f42f48dd000-7f42f48de000 ---p 00000000 00:00 0 
7f42f48de000-7f42f48e2000 ---p 00000000 00:00 0 
7f42f48e2000-7f42f49de000 rw-p 00000000 00:00 0 
7f42f49de000-7f42f49df000 ---p 00000000 00:00 0 
7f42f49df000-7f42f49e3000 ---p 00000000 00:00 0 
7f42f49e3000-7f42f4adf000 rw-p 00000000 00:00 0 
7f42f4adf000-7f42f4ae0000 ---p 00000000 00:00 0 
7f42f4ae0000-7f42f4ae4000 ---p 00000000 00:00 0 
7f42f4ae4000-7f42f4be0000 rw-p 00000000 00:00 0 
7f42f4be0000-7f42f4be1000 ---p 00000000 00:00 0 
7f42f4be1000-7f42f4be5000 ---p 00000000 00:00 0 
7f42f4be5000-7f42f4ce1000 rw-p 00000000 00:00 0 
7f42f4ce1000-7f42f4ce2000 ---p 00000000 00:00 0 
7f42f4ce2000-7f42f4ce6000 ---p 00000000 00:00 0 
7f42f4ce6000-7f42f4de2000 rw-p 00000000 00:00 0 
7f42f4de2000-7f42f4de3000 ---p 00000000 00:00 0 
7f42f4de3000-7f42f4de7000 ---p 00000000 00:00 0 
7f42f4de7000-7f42f4ee3000 rw-p 00000000 00:00 0 
7f42f4ee3000-7f42f4ee4000 ---p 00000000 00:00 0 
7f42f4ee4000-7f42f4ee8000 ---p 00000000 00:00 0 
7f42f4ee8000-7f42f4fe4000 rw-p 00000000 00:00 0 
7f42f4fe4000-7f42f4fe5000 ---p 00000000 00:00 0 
7f42f4fe5000-7f42f4fe9000 ---p 00000000 00:00 0 
7f42f4fe9000-7f42f50e5000 rw-p 00000000 00:00 0 
7f42f50e5000-7f42f50e6000 ---p 00000000 00:00 0 
7f42f50e6000-7f42f50ea000 ---p 00000000 00:00 0 
7f42f50ea000-7f42f51e6000 rw-p 00000000 00:00 0 
7f42f51e6000-7f42f51e7000 ---p 00000000 00:00 0 
7f42f51e7000-7f42f51eb000 ---p 00000000 00:00 0 
7f42f51eb000-7f42f52e7000 rw-p 00000000 00:00 0 
7f42f52e7000-7f42f52e8000 ---p 00000000 00:00 0 
7f42f52e8000-7f42f52ec000 ---p 00000000 00:00 0 
7f42f52ec000-7f42f53e8000 rw-p 00000000 00:00 0 
7f42f53e8000-7f42f53e9000 ---p 00000000 00:00 0 
7f42f53e9000-7f42f53ed000 ---p 00000000 00:00 0 
7f42f53ed000-7f42f54e9000 rw-p 00000000 00:00 0 
7f42f54e9000-7f42f54ea000 ---p 00000000 00:00 0 
7f42f54ea000-7f42f54ee000 ---p 00000000 00:00 0 
7f42f54ee000-7f42f55ea000 rw-p 00000000 00:00 0 
7f42f55ea000-7f42f55eb000 ---p 00000000 00:00 0 
7f42f55eb000-7f42f55ef000 ---p 00000000 00:00 0 
7f42f55ef000-7f42f56eb000 rw-p 00000000 00:00 0 
7f42f56eb000-7f42f56ec000 ---p 00000000 00:00 0 
7f42f56ec000-7f42f56f0000 ---p 00000000 00:00 0 
7f42f56f0000-7f42f57ec000 rw-p 00000000 00:00 0 
7f42f57ec000-7f42f57ed000 ---p 00000000 00:00 0 
7f42f57ed000-7f42f57f1000 ---p 00000000 00:00 0 
7f42f57f1000-7f42f58ed000 rw-p 00000000 00:00 0 
7f42f58ed000-7f42f58ee000 ---p 00000000 00:00 0 
7f42f58ee000-7f42f58f2000 ---p 00000000 00:00 0 
7f42f58f2000-7f42f59ee000 rw-p 00000000 00:00 0 
7f42f59ee000-7f42f59ef000 ---p 00000000 00:00 0 
7f42f59ef000-7f42f59f3000 ---p 00000000 00:00 0 
7f42f59f3000-7f42f5aef000 rw-p 00000000 00:00 0 
7f42f5aef000-7f42f5af0000 ---p 00000000 00:00 0 
7f42f5af0000-7f42f5af4000 ---p 00000000 00:00 0 
7f42f5af4000-7f42f5bf0000 rw-p 00000000 00:00 0 
7f42f5bf0000-7f42f5bf1000 ---p 00000000 00:00 0 
7f42f5bf1000-7f42f5bf5000 ---p 00000000 00:00 0 
7f42f5bf5000-7f42f5cf1000 rw-p 00000000 00:00 0 
7f42f5cf1000-7f42f5cf2000 ---p 00000000 00:00 0 
7f42f5cf2000-7f42f5cf6000 ---p 00000000 00:00 0 
7f42f5cf6000-7f42f5df2000 rw-p 00000000 00:00 0 
7f42f5df2000-7f42f5df3000 ---p 00000000 00:00 0 
7f42f5df3000-7f42f5df7000 ---p 00000000 00:00 0 
7f42f5df7000-7f42f5ef3000 rw-p 00000000 00:00 0 
7f42f5ef3000-7f42f5ef4000 ---p 00000000 00:00 0 
7f42f5ef4000-7f42f5ef8000 ---p 00000000 00:00 0 
7f42f5ef8000-7f42f5ff4000 rw-p 00000000 00:00 0 
7f42f5ff4000-7f42f5ff5000 ---p 00000000 00:00 0 
7f42f5ff5000-7f42f5ff9000 ---p 00000000 00:00 0 
7f42f5ff9000-7f42f60f5000 rw-p 00000000 00:00 0 
7f42f60f5000-7f42f60f6000 ---p 00000000 00:00 0 
7f42f60f6000-7f42f60fa000 ---p 00000000 00:00 0 
7f42f60fa000-7f42f61f6000 rw-p 00000000 00:00 0 
7f42f61f6000-7f42f61f7000 ---p 00000000 00:00 0 
7f42f61f7000-7f42f61fb000 ---p 00000000 00:00 0 
7f42f61fb000-7f42f62f7000 rw-p 00000000 00:00 0 
7f42f62f7000-7f42f62f8000 ---p 00000000 00:00 0 
7f42f62f8000-7f42f62fc000 ---p 00000000 00:00 0 
7f42f62fc000-7f42f63f8000 rw-p 00000000 00:00 0 
7f42f63f8000-7f42f63f9000 ---p 00000000 00:00 0 
7f42f63f9000-7f42f63fd000 ---p 00000000 00:00 0 
7f42f63fd000-7f42f64f9000 rw-p 00000000 00:00 0 
7f42f64f9000-7f42f64fa000 ---p 00000000 00:00 0 
7f42f64fa000-7f42f64fe000 ---p 00000000 00:00 0 
7f42f64fe000-7f42f65fa000 rw-p 00000000 00:00 0 
7f42f65fa000-7f42f65fb000 ---p 00000000 00:00 0 
7f42f65fb000-7f42f65ff000 ---p 00000000 00:00 0 
7f42f65ff000-7f42f66fb000 rw-p 00000000 00:00 0 
7f42f66fb000-7f42f66fc000 ---p 00000000 00:00 0 
7f42f66fc000-7f42f6700000 ---p 00000000 00:00 0 
7f42f6700000-7f42f67fc000 rw-p 00000000 00:00 0 
7f42f67fc000-7f42f67fd000 ---p 00000000 00:00 0 
7f42f67fd000-7f42f6801000 ---p 00000000 00:00 0 
7f42f6801000-7f42f68fd000 rw-p 00000000 00:00 0 
7f42f68fd000-7f42f68fe000 ---p 00000000 00:00 0 
7f42f68fe000-7f42f6902000 ---p 00000000 00:00 0 
7f42f6902000-7f42f69fe000 rw-p 00000000 00:00 0 
7f42f69fe000-7f42f69ff000 ---p 00000000 00:00 0 
7f42f69ff000-7f42f6a03000 ---p 00000000 00:00 0 
7f42f6a03000-7f42f6aff000 rw-p 00000000 00:00 0 
7f42f6aff000-7f42f6b00000 ---p 00000000 00:00 0 
7f42f6b00000-7f42f6b04000 ---p 00000000 00:00 0 
7f42f6b04000-7f42f6c00000 rw-p 00000000 00:00 0 
7f42f6c00000-7f42f6c05000 r-xp 00000000 fe:00 403454                     /root/.gradle/native/660c5614fbf4a5f2a75b1949f50a0caf5cd603558e7d8a26e50b933a0cfb79d1/linux-amd64/libnative-platform.so
7f42f6c05000-7f42f6e05000 ---p 00005000 fe:00 403454                     /root/.gradle/native/660c5614fbf4a5f2a75b1949f50a0caf5cd603558e7d8a26e50b933a0cfb79d1/linux-amd64/libnative-platform.so
7f42f6e05000-7f42f6e06000 r--p 00005000 fe:00 403454                     /root/.gradle/native/660c5614fbf4a5f2a75b1949f50a0caf5cd603558e7d8a26e50b933a0cfb79d1/linux-amd64/libnative-platform.so
7f42f6e06000-7f42f6e07000 rw-p 00006000 fe:00 403454                     /root/.gradle/native/660c5614fbf4a5f2a75b1949f50a0caf5cd603558e7d8a26e50b933a0cfb79d1/linux-amd64/libnative-platform.so
7f42f6eff000-7f42f6f00000 ---p 00000000 00:00 0 
7f42f6f00000-7f42f6f04000 ---p 00000000 00:00 0 
7f42f6f04000-7f42f7400000 rw-p 00000000 00:00 0 
7f42f7400000-7f42f7900000 rw-p 00000000 00:00 0 
7f42f7900000-7f42f7a00000 rw-p 00000000 00:00 0 
7f42f7a00000-7f42f8400000 rw-p 00000000 00:00 0 
7f42f8400000-7f42f8780000 rw-p 00000000 00:00 0 
7f42f8780000-7f42f8800000 rw-p 00000000 00:00 0 
7f42f8800000-7f42f8b00000 rw-p 00000000 00:00 0 
7f42f8b00000-7f42f8c00000 rw-p 00000000 00:00 0 
7f42f8c00000-7f42f9980000 rw-p 00000000 00:00 0 
7f42f9980000-7f42f9a00000 rw-p 00000000 00:00 0 
7f42f9a00000-7f42f9f00000 rw-p 00000000 00:00 0 
7f42f9f00000-7f42fa000000 rw-p 00000000 00:00 0 
7f42fa000000-7f42fa300000 rw-p 00000000 00:00 0 
7f42fa300000-7f42fa400000 rw-p 00000000 00:00 0 
7f42fa400000-7f42fa580000 rw-p 00000000 00:00 0 
7f42fa580000-7f42fa600000 rw-p 00000000 00:00 0 
7f42fa600000-7f42fac00000 rw-p 00000000 00:00 0 
7f42fac00000-7f42fb000000 rw-p 00000000 00:00 0 
7f42fb000000-7f42fb455000 rw-p 00001000 00:25 13853                      /usr/lib/jvm/java-17-openjdk-amd64/lib/server/classes.jsa
7f42fb455000-7f42fbbca000 rw-p 00456000 00:25 13853                      /usr/lib/jvm/java-17-openjdk-amd64/lib/server/classes.jsa
7f42fbbca000-7f42fc000000 ---p 00000000 00:00 0 
7f42fc000000-7f42fc040000 rw-p 00000000 00:00 0 
7f42fc040000-7f42fc080000 rw-p 00000000 00:00 0 
7f42fc080000-7f42fc140000 rw-p 00000000 00:00 0 
7f42fc140000-7f42fc180000 rw-p 00000000 00:00 0 
7f42fc180000-7f42fc460000 rw-p 00000000 00:00 0 
7f42fc460000-7f42fc480000 rw-p 00000000 00:00 0 
7f42fc480000-7f42fc740000 rw-p 00000000 00:00 0 
7f42fc740000-7f42fc780000 rw-p 00000000 00:00 0 
7f42fc780000-7f42fc8e0000 rw-p 00000000 00:00 0 
7f42fc8e0000-7f42fcc80000 rw-p 00000000 00:00 0 
7f42fcc80000-7f42fce40000 rw-p 00000000 00:00 0 
7f42fce40000-7f42fce80000 rw-p 00000000 00:00 0 
7f42fce80000-7f42fced0000 rw-p 00000000 00:00 0 
7f42fced0000-7f42fcee0000 ---p 00000000 00:00 0 
7f42fcee0000-7f42fcef0000 rw-p 00000000 00:00 0 
7f42fcef0000-7f4310000000 ---p 00000000 00:00 0 
7f4310000000-7f4312454000 rw-p 00000000 00:00 0 
7f4312454000-7f4314000000 ---p 00000000 00:00 0 
7f4314000000-7f4314021000 rw-p 00000000 00:00 0 
7f4314021000-7f4318000000 ---p 00000000 00:00 0 
7f4318000000-7f4318025000 rw-p 00000000 00:00 0 
7f4318025000-7f431c000000 ---p 00000000 00:00 0 
7f431c000000-7f431c059000 rw-p 00000000 00:00 0 
7f431c059000-7f4320000000 ---p 00000000 00:00 0 
7f4320000000-7f432006a000 rw-p 00000000 00:00 0 
7f432006a000-7f4324000000 ---p 00000000 00:00 0 
7f43240be000-7f43240bf000 ---p 00000000 00:00 0 
7f43240bf000-7f43241bf000 rw-p 00000000 00:00 0 
7f43241bf000-7f43241fb000 r--p 00000000 fe:00 403481                     /root/.gradle/native/0.2.8/x86_64-linux-gnu/libgradle-fileevents.so
7f43241fb000-7f4324243000 r-xp 0003b000 fe:00 403481                     /root/.gradle/native/0.2.8/x86_64-linux-gnu/libgradle-fileevents.so
7f4324243000-7f432424c000 r--p 00082000 fe:00 403481                     /root/.gradle/native/0.2.8/x86_64-linux-gnu/libgradle-fileevents.so
7f432424c000-7f432424d000 rw-p 0008a000 fe:00 403481                     /root/.gradle/native/0.2.8/x86_64-linux-gnu/libgradle-fileevents.so
7f432424d000-7f432424f000 rw-p 00000000 00:00 0 
7f4324295000-7f4324296000 r--p 00000000 00:25 13813                      /usr/lib/jvm/java-17-openjdk-amd64/lib/libextnet.so
7f4324296000-7f4324297000 r-xp 00001000 00:25 13813                      /usr/lib/jvm/java-17-openjdk-amd64/lib/libextnet.so
7f4324297000-7f4324298000 r--p 00002000 00:25 13813                      /usr/lib/jvm/java-17-openjdk-amd64/lib/libextnet.so
7f4324298000-7f4324299000 r--p 00002000 00:25 13813                      /usr/lib/jvm/java-17-openjdk-amd64/lib/libextnet.so
7f4324299000-7f432429a000 rw-p 00003000 00:25 13813                      /usr/lib/jvm/java-17-openjdk-amd64/lib/libextnet.so
7f432429a000-7f432429c000 r--p 00000000 00:25 13832                      /usr/lib/jvm/java-17-openjdk-amd64/lib/libmanagement_ext.so
7f432429c000-7f432429f000 r-xp 00002000 00:25 13832                      /usr/lib/jvm/java-17-openjdk-amd64/lib/libmanagement_ext.so
7f432429f000-7f43242a0000 r--p 00005000 00:25 13832                      /usr/lib/jvm/java-17-openjdk-amd64/lib/libmanagement_ext.so
7f43242a0000-7f43242a1000 r--p 00006000 00:25 13832                      /usr/lib/jvm/java-17-openjdk-amd64/lib/libmanagement_ext.so
7f43242a1000-7f43242a2000 rw-p 00007000 00:25 13832                      /usr/lib/jvm/java-17-openjdk-amd64/lib/libmanagement_ext.so
7f43242a2000-7f43242a3000 r--p 00000000 00:25 17909                      /usr/lib/x86_64-linux-gnu/libdl.so.2
7f43242a3000-7f43242a4000 r-xp 00001000 00:25 17909                      /usr/lib/x86_64-linux-gnu/libdl.so.2
7f43242a4000-7f43242a5000 r--p 00002000 00:25 17909                      /usr/lib/x86_64-linux-gnu/libdl.so.2
7f43242a5000-7f43242a6000 r--p 00002000 00:25 17909                      /usr/lib/x86_64-linux-gnu/libdl.so.2
7f43242a6000-7f43242a7000 rw-p 00003000 00:25 17909                      /usr/lib/x86_64-linux-gnu/libdl.so.2
7f43242a7000-7f43242a8000 r--p 00000000 00:25 18162                      /usr/lib/x86_64-linux-gnu/libpthread.so.0
7f43242a8000-7f43242a9000 r-xp 00001000 00:25 18162                      /usr/lib/x86_64-linux-gnu/libpthread.so.0
7f43242a9000-7f43242aa000 r--p 00002000 00:25 18162                      /usr/lib/x86_64-linux-gnu/libpthread.so.0
7f43242aa000-7f43242ab000 r--p 00002000 00:25 18162                      /usr/lib/x86_64-linux-gnu/libpthread.so.0
7f43242ab000-7f43242ac000 rw-p 00003000 00:25 18162                      /usr/lib/x86_64-linux-gnu/libpthread.so.0
7f43242ac000-7f43242b0000 r--p 00000000 00:25 13842                      /usr/lib/jvm/java-17-openjdk-amd64/lib/libverify.so
7f43242b0000-7f43242b7000 r-xp 00004000 00:25 13842                      /usr/lib/jvm/java-17-openjdk-amd64/lib/libverify.so
7f43242b7000-7f43242b9000 r--p 0000b000 00:25 13842                      /usr/lib/jvm/java-17-openjdk-amd64/lib/libverify.so
7f43242b9000-7f43242bb000 r--p 0000c000 00:25 13842                      /usr/lib/jvm/java-17-openjdk-amd64/lib/libverify.so
7f43242bb000-7f43242bc000 rw-p 0000e000 00:25 13842                      /usr/lib/jvm/java-17-openjdk-amd64/lib/libverify.so
7f43242bc000-7f43242bd000 ---p 00000000 00:00 0 
7f43242bd000-7f43243bd000 rw-p 00000000 00:00 0 
7f43243bd000-7f43243be000 ---p 00000000 00:00 0 
7f43243be000-7f43244be000 rw-p 00000000 00:00 0 
7f43244be000-7f43244bf000 ---p 00000000 00:00 0 
7f43244bf000-7f43244c3000 ---p 00000000 00:00 0 
7f43244c3000-7f43245bf000 rw-p 00000000 00:00 0 
7f43245bf000-7f43245c0000 ---p 00000000 00:00 0 
7f43245c0000-7f43245c4000 ---p 00000000 00:00 0 
7f43245c4000-7f43246c0000 rw-p 00000000 00:00 0 
7f43246c0000-7f43246c1000 ---p 00000000 00:00 0 
7f43246c1000-7f43246c5000 ---p 00000000 00:00 0 
7f43246c5000-7f43247c1000 rw-p 00000000 00:00 0 
7f43247c1000-7f43247c2000 ---p 00000000 00:00 0 
7f43247c2000-7f43247c6000 ---p 00000000 00:00 0 
7f43247c6000-7f43248c2000 rw-p 00000000 00:00 0 
7f43248c2000-7f43248c3000 ---p 00000000 00:00 0 
7f43248c3000-7f43248c7000 ---p 00000000 00:00 0 
7f43248c7000-7f43249c3000 rw-p 00000000 00:00 0 
7f43249c3000-7f43249c4000 ---p 00000000 00:00 0 
7f43249c4000-7f43249c8000 ---p 00000000 00:00 0 
7f43249c8000-7f4324ac4000 rw-p 00000000 00:00 0 
7f4324ac4000-7f4324ac5000 ---p 00000000 00:00 0 
7f4324ac5000-7f4324ac9000 ---p 00000000 00:00 0 
7f4324ac9000-7f4324bc5000 rw-p 00000000 00:00 0 
7f4324bc5000-7f4324bc6000 ---p 00000000 00:00 0 
7f4324bc6000-7f4324bca000 ---p 00000000 00:00 0 
7f4324bca000-7f4324cc6000 rw-p 00000000 00:00 0 
7f4324cc6000-7f4324d1d000 r--p 00000000 00:25 13893                      /usr/lib/locale/C.utf8/LC_CTYPE
7f4324d1d000-7f4324d1e000 ---p 00000000 00:00 0 
7f4324d1e000-7f4324d22000 ---p 00000000 00:00 0 
7f4324d22000-7f4324e1e000 rw-p 00000000 00:00 0 
7f4324e1e000-7f4324e1f000 ---p 00000000 00:00 0 
7f4324e1f000-7f4324e23000 ---p 00000000 00:00 0 
7f4324e23000-7f4324f1f000 rw-p 00000000 00:00 0 
7f4324f1f000-7f4324f20000 ---p 00000000 00:00 0 
7f4324f20000-7f4325020000 rw-p 00000000 00:00 0 
7f4325020000-7f4325025000 r--p 00000000 00:25 13828                      /usr/lib/jvm/java-17-openjdk-amd64/lib/libjsvml.so
7f4325025000-7f4325066000 r-xp 00005000 00:25 13828                      /usr/lib/jvm/java-17-openjdk-amd64/lib/libjsvml.so
7f4325066000-7f43250ef000 r--p 00046000 00:25 13828                      /usr/lib/jvm/java-17-openjdk-amd64/lib/libjsvml.so
7f43250ef000-7f43250f0000 r--p 000ce000 00:25 13828                      /usr/lib/jvm/java-17-openjdk-amd64/lib/libjsvml.so
7f43250f0000-7f43250f1000 rw-p 000cf000 00:25 13828                      /usr/lib/jvm/java-17-openjdk-amd64/lib/libjsvml.so
7f43250f1000-7f432520e000 rw-p 00000000 00:00 0 
7f432520e000-7f432520f000 ---p 00000000 00:00 0 
7f432520f000-7f432530f000 rw-p 00000000 00:00 0 
7f432530f000-7f4325310000 ---p 00000000 00:00 0 
7f4325310000-7f4327612000 rw-p 00000000 00:00 0 
7f4327612000-7f4327613000 ---p 00000000 00:00 0 
7f4327613000-7f4327713000 rw-p 00000000 00:00 0 
7f4327713000-7f4327714000 ---p 00000000 00:00 0 
7f4327714000-7f4327814000 rw-p 00000000 00:00 0 
7f4327814000-7f4327815000 ---p 00000000 00:00 0 
7f4327815000-7f4327fe5000 rw-p 00000000 00:00 0 
7f4327fe5000-7f43283fd000 ---p 00000000 00:00 0 
7f43283fd000-7f4328ad5000 rw-p 00000000 00:00 0 
7f4328ad5000-7f4328eed000 ---p 00000000 00:00 0 
7f4328eed000-7f4328fcf000 rw-p 00000000 00:00 0 
7f4328fcf000-7f4329052000 ---p 00000000 00:00 0 
7f4329052000-7f432912d000 rw-p 00000000 00:00 0 
7f432912d000-7f43291b0000 ---p 00000000 00:00 0 
7f43291b0000-7f432928b000 rw-p 00000000 00:00 0 
7f432928b000-7f432930e000 ---p 00000000 00:00 0 
7f432930e000-7f4329511000 rw-p 00000000 00:00 0 
7f4329511000-7f432ab81000 rwxp 00000000 00:00 0 
7f432ab81000-7f4330a49000 ---p 00000000 00:00 0 
7f4330a49000-7f4330cb9000 rwxp 00000000 00:00 0 
7f4330cb9000-7f4330fd8000 ---p 00000000 00:00 0 
7f4330fd8000-7f43315b8000 rwxp 00000000 00:00 0 
7f43315b8000-7f4338511000 ---p 00000000 00:00 0 
7f4338511000-7f4340000000 r--s 00000000 00:25 13844                      /usr/lib/jvm/java-17-openjdk-amd64/lib/modules
7f4340000000-7f43413c9000 rw-p 00000000 00:00 0 
7f43413c9000-7f4344000000 ---p 00000000 00:00 0 
7f4344003000-7f4344005000 r--p 00000000 00:25 13830                      /usr/lib/jvm/java-17-openjdk-amd64/lib/libmanagement.so
7f4344005000-7f4344006000 r-xp 00002000 00:25 13830                      /usr/lib/jvm/java-17-openjdk-amd64/lib/libmanagement.so
7f4344006000-7f4344007000 r--p 00003000 00:25 13830                      /usr/lib/jvm/java-17-openjdk-amd64/lib/libmanagement.so
7f4344007000-7f4344008000 r--p 00003000 00:25 13830                      /usr/lib/jvm/java-17-openjdk-amd64/lib/libmanagement.so
7f4344008000-7f4344009000 rw-p 00004000 00:25 13830                      /usr/lib/jvm/java-17-openjdk-amd64/lib/libmanagement.so
7f4344009000-7f434400d000 r--p 00000000 00:25 13834                      /usr/lib/jvm/java-17-openjdk-amd64/lib/libnet.so
7f434400d000-7f434401b000 r-xp 00004000 00:25 13834                      /usr/lib/jvm/java-17-openjdk-amd64/lib/libnet.so
7f434401b000-7f434401f000 r--p 00012000 00:25 13834                      /usr/lib/jvm/java-17-openjdk-amd64/lib/libnet.so
7f434401f000-7f4344020000 r--p 00015000 00:25 13834                      /usr/lib/jvm/java-17-openjdk-amd64/lib/libnet.so
7f4344020000-7f4344021000 rw-p 00016000 00:25 13834                      /usr/lib/jvm/java-17-openjdk-amd64/lib/libnet.so
7f4344021000-7f4344028000 r--p 00000000 00:25 13835                      /usr/lib/jvm/java-17-openjdk-amd64/lib/libnio.so
7f4344028000-7f4344031000 r-xp 00007000 00:25 13835                      /usr/lib/jvm/java-17-openjdk-amd64/lib/libnio.so
7f4344031000-7f4344035000 r--p 00010000 00:25 13835                      /usr/lib/jvm/java-17-openjdk-amd64/lib/libnio.so
7f4344035000-7f4344036000 r--p 00014000 00:25 13835                      /usr/lib/jvm/java-17-openjdk-amd64/lib/libnio.so
7f4344036000-7f4344037000 rw-p 00015000 00:25 13835                      /usr/lib/jvm/java-17-openjdk-amd64/lib/libnio.so
7f4344037000-7f4344039000 r--p 00000000 00:25 13843                      /usr/lib/jvm/java-17-openjdk-amd64/lib/libzip.so
7f4344039000-7f434403d000 r-xp 00002000 00:25 13843                      /usr/lib/jvm/java-17-openjdk-amd64/lib/libzip.so
7f434403d000-7f434403f000 r--p 00006000 00:25 13843                      /usr/lib/jvm/java-17-openjdk-amd64/lib/libzip.so
7f434403f000-7f4344040000 r--p 00007000 00:25 13843                      /usr/lib/jvm/java-17-openjdk-amd64/lib/libzip.so
7f4344040000-7f4344041000 rw-p 00008000 00:25 13843                      /usr/lib/jvm/java-17-openjdk-amd64/lib/libzip.so
7f4344041000-7f4344042000 r--p 00000000 00:25 13899                      /usr/lib/locale/C.utf8/LC_NUMERIC
7f4344042000-7f4344043000 r--p 00000000 00:25 13902                      /usr/lib/locale/C.utf8/LC_TIME
7f4344043000-7f4344044000 r--p 00000000 00:25 13892                      /usr/lib/locale/C.utf8/LC_COLLATE
7f4344044000-7f4344045000 r--p 00000000 00:25 13897                      /usr/lib/locale/C.utf8/LC_MONETARY
7f4344045000-7f4344046000 r--p 00000000 00:25 13896                      /usr/lib/locale/C.utf8/LC_MESSAGES/SYS_LC_MESSAGES
7f4344046000-7f4344047000 r--p 00000000 00:25 13900                      /usr/lib/locale/C.utf8/LC_PAPER
7f4344047000-7f4344048000 r--p 00000000 00:25 13898                      /usr/lib/locale/C.utf8/LC_NAME
7f4344048000-7f434404f000 r--s 00000000 00:25 17585                      /usr/lib/x86_64-linux-gnu/gconv/gconv-modules.cache
7f434404f000-7f4344073000 rw-p 00000000 00:00 0 
7f4344073000-7f4344152000 ---p 00000000 00:00 0 
7f4344152000-7f434417f000 rw-p 00000000 00:00 0 
7f434417f000-7f434423d000 ---p 00000000 00:00 0 
7f434423d000-7f4344242000 rw-p 00000000 00:00 0 
7f4344242000-7f4344249000 ---p 00000000 00:00 0 
7f4344249000-7f4344251000 rw-s 00000000 fe:00 408969                     /tmp/hsperfdata_root/4090
7f4344251000-7f434425d000 r--p 00000000 00:25 13820                      /usr/lib/jvm/java-17-openjdk-amd64/lib/libjava.so
7f434425d000-7f434426e000 r-xp 0000c000 00:25 13820                      /usr/lib/jvm/java-17-openjdk-amd64/lib/libjava.so
7f434426e000-7f4344274000 r--p 0001d000 00:25 13820                      /usr/lib/jvm/java-17-openjdk-amd64/lib/libjava.so
7f4344274000-7f4344275000 r--p 00022000 00:25 13820                      /usr/lib/jvm/java-17-openjdk-amd64/lib/libjava.so
7f4344275000-7f4344276000 rw-p 00023000 00:25 13820                      /usr/lib/jvm/java-17-openjdk-amd64/lib/libjava.so
7f4344276000-7f4344277000 rw-p 00000000 00:00 0 
7f4344277000-7f4344278000 r--p 00000000 00:25 13815                      /usr/lib/jvm/java-17-openjdk-amd64/lib/libinstrument.so
7f4344278000-7f434427e000 r-xp 00001000 00:25 13815                      /usr/lib/jvm/java-17-openjdk-amd64/lib/libinstrument.so
7f434427e000-7f4344281000 r--p 00007000 00:25 13815                      /usr/lib/jvm/java-17-openjdk-amd64/lib/libinstrument.so
7f4344281000-7f4344282000 r--p 00009000 00:25 13815                      /usr/lib/jvm/java-17-openjdk-amd64/lib/libinstrument.so
7f4344282000-7f4344283000 rw-p 0000a000 00:25 13815                      /usr/lib/jvm/java-17-openjdk-amd64/lib/libinstrument.so
7f4344283000-7f4344285000 r--p 00000000 00:25 13824                      /usr/lib/jvm/java-17-openjdk-amd64/lib/libjimage.so
7f4344285000-7f4344288000 r-xp 00002000 00:25 13824                      /usr/lib/jvm/java-17-openjdk-amd64/lib/libjimage.so
7f4344288000-7f4344289000 r--p 00005000 00:25 13824                      /usr/lib/jvm/java-17-openjdk-amd64/lib/libjimage.so
7f4344289000-7f434428a000 r--p 00006000 00:25 13824                      /usr/lib/jvm/java-17-openjdk-amd64/lib/libjimage.so
7f434428a000-7f434428b000 rw-p 00007000 00:25 13824                      /usr/lib/jvm/java-17-openjdk-amd64/lib/libjimage.so
7f434428b000-7f434428f000 ---p 00000000 00:00 0 
7f434428f000-7f434438b000 rw-p 00000000 00:00 0 
7f434438b000-7f434438e000 r--p 00000000 00:25 17971                      /usr/lib/x86_64-linux-gnu/libgcc_s.so.1
7f434438e000-7f43443a5000 r-xp 00003000 00:25 17971                      /usr/lib/x86_64-linux-gnu/libgcc_s.so.1
7f43443a5000-7f43443a9000 r--p 0001a000 00:25 17971                      /usr/lib/x86_64-linux-gnu/libgcc_s.so.1
7f43443a9000-7f43443aa000 r--p 0001d000 00:25 17971                      /usr/lib/x86_64-linux-gnu/libgcc_s.so.1
7f43443aa000-7f43443ab000 rw-p 0001e000 00:25 17971                      /usr/lib/x86_64-linux-gnu/libgcc_s.so.1
7f43443ab000-7f43443bb000 r--p 00000000 00:25 18072                      /usr/lib/x86_64-linux-gnu/libm.so.6
7f43443bb000-7f434442f000 r-xp 00010000 00:25 18072                      /usr/lib/x86_64-linux-gnu/libm.so.6
7f434442f000-7f4344489000 r--p 00084000 00:25 18072                      /usr/lib/x86_64-linux-gnu/libm.so.6
7f4344489000-7f434448a000 r--p 000dd000 00:25 18072                      /usr/lib/x86_64-linux-gnu/libm.so.6
7f434448a000-7f434448b000 rw-p 000de000 00:25 18072                      /usr/lib/x86_64-linux-gnu/libm.so.6
7f434448b000-7f4344524000 r--p 00000000 00:25 18239                      /usr/lib/x86_64-linux-gnu/libstdc++.so.6.0.30
7f4344524000-7f4344625000 r-xp 00099000 00:25 18239                      /usr/lib/x86_64-linux-gnu/libstdc++.so.6.0.30
7f4344625000-7f4344694000 r--p 0019a000 00:25 18239                      /usr/lib/x86_64-linux-gnu/libstdc++.so.6.0.30
7f4344694000-7f434469f000 r--p 00209000 00:25 18239                      /usr/lib/x86_64-linux-gnu/libstdc++.so.6.0.30
7f434469f000-7f43446a2000 rw-p 00214000 00:25 18239                      /usr/lib/x86_64-linux-gnu/libstdc++.so.6.0.30
7f43446a2000-7f43446a5000 rw-p 00000000 00:00 0 
7f43446a5000-7f43448f6000 r--p 00000000 00:25 13856                      /usr/lib/jvm/java-17-openjdk-amd64/lib/server/libjvm.so
7f43448f6000-7f4345648000 r-xp 00251000 00:25 13856                      /usr/lib/jvm/java-17-openjdk-amd64/lib/server/libjvm.so
7f4345648000-7f43458ca000 r--p 00fa3000 00:25 13856                      /usr/lib/jvm/java-17-openjdk-amd64/lib/server/libjvm.so
7f43458ca000-7f4345982000 r--p 01225000 00:25 13856                      /usr/lib/jvm/java-17-openjdk-amd64/lib/server/libjvm.so
7f4345982000-7f43459b7000 rw-p 012dd000 00:25 13856                      /usr/lib/jvm/java-17-openjdk-amd64/lib/server/libjvm.so
7f43459b7000-7f4345a13000 rw-p 00000000 00:00 0 
7f4345a13000-7f4345a39000 r--p 00000000 00:25 17860                      /usr/lib/x86_64-linux-gnu/libc.so.6
7f4345a39000-7f4345b8f000 r-xp 00026000 00:25 17860                      /usr/lib/x86_64-linux-gnu/libc.so.6
7f4345b8f000-7f4345be2000 r--p 0017c000 00:25 17860                      /usr/lib/x86_64-linux-gnu/libc.so.6
7f4345be2000-7f4345be6000 r--p 001cf000 00:25 17860                      /usr/lib/x86_64-linux-gnu/libc.so.6
7f4345be6000-7f4345be8000 rw-p 001d3000 00:25 17860                      /usr/lib/x86_64-linux-gnu/libc.so.6
7f4345be8000-7f4345bf5000 rw-p 00000000 00:00 0 
7f4345bf5000-7f4345bf7000 r--p 00000000 00:25 13825                      /usr/lib/jvm/java-17-openjdk-amd64/lib/libjli.so
7f4345bf7000-7f4345c00000 r-xp 00002000 00:25 13825                      /usr/lib/jvm/java-17-openjdk-amd64/lib/libjli.so
7f4345c00000-7f4345c03000 r--p 0000b000 00:25 13825                      /usr/lib/jvm/java-17-openjdk-amd64/lib/libjli.so
7f4345c03000-7f4345c04000 r--p 0000d000 00:25 13825                      /usr/lib/jvm/java-17-openjdk-amd64/lib/libjli.so
7f4345c04000-7f4345c05000 rw-p 0000e000 00:25 13825                      /usr/lib/jvm/java-17-openjdk-amd64/lib/libjli.so
7f4345c05000-7f4345c08000 r--p 00000000 00:25 1006                       /usr/lib/x86_64-linux-gnu/libz.so.1.2.13
7f4345c08000-7f4345c1b000 r-xp 00003000 00:25 1006                       /usr/lib/x86_64-linux-gnu/libz.so.1.2.13
7f4345c1b000-7f4345c22000 r--p 00016000 00:25 1006                       /usr/lib/x86_64-linux-gnu/libz.so.1.2.13
7f4345c22000-7f4345c23000 r--p 0001c000 00:25 1006                       /usr/lib/x86_64-linux-gnu/libz.so.1.2.13
7f4345c23000-7f4345c24000 rw-p 0001d000 00:25 1006                       /usr/lib/x86_64-linux-gnu/libz.so.1.2.13
7f4345c24000-7f4345c25000 r--p 00000000 00:25 13891                      /usr/lib/locale/C.utf8/LC_ADDRESS
7f4345c25000-7f4345c26000 r--p 00000000 00:25 13901                      /usr/lib/locale/C.utf8/LC_TELEPHONE
7f4345c26000-7f4345c27000 r--p 00000000 00:25 13895                      /usr/lib/locale/C.utf8/LC_MEASUREMENT
7f4345c27000-7f4345c28000 r--p 00000000 00:25 13894                      /usr/lib/locale/C.utf8/LC_IDENTIFICATION
7f4345c28000-7f4345c29000 ---p 00000000 00:00 0 
7f4345c29000-7f4345c2a000 r--p 00000000 00:00 0 
7f4345c2a000-7f4345c2b000 ---p 00000000 00:00 0 
7f4345c2b000-7f4345c2d000 rw-p 00000000 00:00 0 
7f4345c2d000-7f4345c2e000 r--p 00000000 00:25 17646                      /usr/lib/x86_64-linux-gnu/ld-linux-x86-64.so.2
7f4345c2e000-7f4345c54000 r-xp 00001000 00:25 17646                      /usr/lib/x86_64-linux-gnu/ld-linux-x86-64.so.2
7f4345c54000-7f4345c5e000 r--p 00027000 00:25 17646                      /usr/lib/x86_64-linux-gnu/ld-linux-x86-64.so.2
7f4345c5e000-7f4345c60000 r--p 00031000 00:25 17646                      /usr/lib/x86_64-linux-gnu/ld-linux-x86-64.so.2
7f4345c60000-7f4345c62000 rw-p 00033000 00:25 17646                      /usr/lib/x86_64-linux-gnu/ld-linux-x86-64.so.2
7ffc293a3000-7ffc293c4000 rw-p 00000000 00:00 0                          [stack]
7ffc293e8000-7ffc293eb000 r--p 00000000 00:00 0                          [vvar]
7ffc293eb000-7ffc293ed000 r-xp 00000000 00:00 0                          [vdso]
ffffffffff600000-ffffffffff601000 r-xp 00000000 00:00 0                  [vsyscall]


VM Arguments:
jvm_args: --add-opens=java.base/java.lang=ALL-UNNAMED --add-opens=java.base/java.lang.invoke=ALL-UNNAMED --add-opens=java.base/java.util=ALL-UNNAMED --add-opens=java.prefs/java.util.prefs=ALL-UNNAMED --add-exports=jdk.compiler/com.sun.tools.javac.api=ALL-UNNAMED --add-exports=jdk.compiler/com.sun.tools.javac.util=ALL-UNNAMED --add-opens=java.base/java.util=ALL-UNNAMED --add-opens=java.prefs/java.util.prefs=ALL-UNNAMED --add-opens=java.base/java.nio.charset=ALL-UNNAMED --add-opens=java.base/java.net=ALL-UNNAMED --add-opens=java.base/java.util.concurrent=ALL-UNNAMED --add-opens=java.base/java.util.concurrent.atomic=ALL-UNNAMED --add-opens=java.xml/javax.xml.namespace=ALL-UNNAMED --add-opens=java.base/java.time=ALL-UNNAMED -XX:MaxMetaspaceSize=384m -Xmx700m -Dfile.encoding=UTF-8 -Duser.country -Duser.language=en -Duser.variant -javaagent:/root/.gradle/wrapper/dists/gradle-9.3.1-bin/23ovyewtku6u96viwx3xl3oks/gradle-9.3.1/lib/agents/gradle-instrumentation-agent-9.3.1.jar 
java_command: org.gradle.launcher.daemon.bootstrap.GradleDaemon 9.3.1
java_class_path (initial): /root/.gradle/wrapper/dists/gradle-9.3.1-bin/23ovyewtku6u96viwx3xl3oks/gradle-9.3.1/lib/gradle-daemon-main-9.3.1.jar
Launcher Type: SUN_STANDARD

[Global flags]
     intx CICompilerCount                          = 2                                         {product} {ergonomic}
   size_t CompressedClassSpaceSize                 = 335544320                                 {product} {ergonomic}
     uint ConcGCThreads                            = 1                                         {product} {ergonomic}
     uint G1ConcRefinementThreads                  = 2                                         {product} {ergonomic}
   size_t G1HeapRegionSize                         = 1048576                                   {product} {ergonomic}
    uintx GCDrainStackTargetSize                   = 64                                        {product} {ergonomic}
   size_t InitialHeapSize                          = 33554432                                  {product} {ergonomic}
   size_t MarkStackSize                            = 4194304                                   {product} {ergonomic}
   size_t MaxHeapSize                              = 734003200                                 {product} {command line}
   size_t MaxMetaspaceSize                         = 402653184                                 {product} {command line}
   size_t MaxNewSize                               = 440401920                                 {product} {ergonomic}
   size_t MinHeapDeltaBytes                        = 1048576                                   {product} {ergonomic}
   size_t MinHeapSize                              = 8388608                                   {product} {ergonomic}
    uintx NonNMethodCodeHeapSize                   = 5826188                                {pd product} {ergonomic}
    uintx NonProfiledCodeHeapSize                  = 122916026                              {pd product} {ergonomic}
    uintx ProfiledCodeHeapSize                     = 122916026                              {pd product} {ergonomic}
    uintx ReservedCodeCacheSize                    = 251658240                              {pd product} {ergonomic}
     bool SegmentedCodeCache                       = true                                      {product} {ergonomic}
   size_t SoftMaxHeapSize                          = 734003200                              {manageable} {ergonomic}
     bool UseCompressedClassPointers               = true                           {product lp64_product} {ergonomic}
     bool UseCompressedOops                        = true                           {product lp64_product} {ergonomic}
     bool UseG1GC                                  = true                                      {product} {ergonomic}

Logging:
Log output configuration:
 #0: stdout all=warning uptime,level,tags
 #1: stderr all=off uptime,level,tags

Environment Variables:
PATH=/usr/local/sbin:/usr/local/bin:/usr/sbin:/usr/bin:/sbin:/bin
SHELL=/bin/bash
LANG=C.UTF-8
LC_ALL=C.UTF-8
TERM=tmux-256color

Active Locale:
LC_ALL=C.UTF-8
LC_COLLATE=C.UTF-8
LC_CTYPE=C.UTF-8
LC_MESSAGES=C.UTF-8
LC_MONETARY=C.UTF-8
LC_NUMERIC=C.UTF-8
LC_TIME=C.UTF-8

Signal Handlers:
   SIGSEGV: crash_handler in libjvm.so, mask=11100100010111111101111111111110, flags=SA_RESTART|SA_SIGINFO, unblocked
    SIGBUS: crash_handler in libjvm.so, mask=11100100010111111101111111111110, flags=SA_RESTART|SA_SIGINFO, unblocked
    SIGFPE: crash_handler in libjvm.so, mask=11100100010111111101111111111110, flags=SA_RESTART|SA_SIGINFO, unblocked
   SIGPIPE: javaSignalHandler in libjvm.so, mask=11100100010111111101111111111110, flags=SA_RESTART|SA_SIGINFO, unblocked
   SIGXFSZ: javaSignalHandler in libjvm.so, mask=11100100010111111101111111111110, flags=SA_RESTART|SA_SIGINFO, unblocked
    SIGILL: crash_handler in libjvm.so, mask=11100100010111111101111111111110, flags=SA_RESTART|SA_SIGINFO, unblocked
   SIGUSR2: SR_handler in libjvm.so, mask=00100000000000000000000000000000, flags=SA_RESTART|SA_SIGINFO, unblocked
    SIGHUP: UserHandler in libjvm.so, mask=11100100010111111101111111111110, flags=SA_RESTART|SA_SIGINFO, unblocked
    SIGINT: UserHandler in libjvm.so, mask=11100100010111111101111111111110, flags=SA_RESTART|SA_SIGINFO, unblocked
   SIGTERM: UserHandler in libjvm.so, mask=11100100010111111101111111111110, flags=SA_RESTART|SA_SIGINFO, unblocked
   SIGQUIT: UserHandler in libjvm.so, mask=11100100010111111101111111111110, flags=SA_RESTART|SA_SIGINFO, unblocked
   SIGTRAP: crash_handler in libjvm.so, mask=11100100010111111101111111111110, flags=SA_RESTART|SA_SIGINFO, unblocked


Periodic native trim disabled


---------------  S Y S T E M  ---------------

OS:
PRETTY_NAME="Debian GNU/Linux 12 (bookworm)"
NAME="Debian GNU/Linux"
VERSION_ID="12"
VERSION="12 (bookworm)"
VERSION_CODENAME=bookworm
ID=debian
HOME_URL="https://www.debian.org/"
SUPPORT_URL="https://www.debian.org/support"
BUG_REPORT_URL="https://bugs.debian.org/"
uname: Linux 4.19.91-c8dfc93.al7.x86_64 #1 SMP Tue Sep 26 10:25:51 UTC 2023 x86_64
OS uptime: 0 days 0:21 hours
libc: glibc 2.36 NPTL 2.36 
rlimit (soft/hard): STACK 8192k/infinity , CORE 0k/0k , NPROC 100000/100000 , NOFILE 100000/100000 , AS infinity/infinity , CPU infinity/infinity , DATA infinity/infinity , FSIZE infinity/infinity , MEMLOCK 64k/64k
load average: 1.69 2.08 1.30

/proc/meminfo:
MemTotal:        2152516 kB
MemFree:           40644 kB
MemAvailable:      36372 kB
Buffers:            1460 kB
Cached:            44844 kB
SwapCached:            0 kB
Active:          2014832 kB
Inactive:          20848 kB
Active(anon):    1989424 kB
Inactive(anon):       16 kB
Active(file):      25408 kB
Inactive(file):    20832 kB
Unevictable:           0 kB
Mlocked:               0 kB
SwapTotal:             0 kB
SwapFree:              0 kB
Dirty:               156 kB
Writeback:             0 kB
AnonPages:       1989412 kB
Mapped:            15536 kB
Shmem:                32 kB
Slab:              25384 kB
SReclaimable:      12652 kB
SUnreclaim:        12732 kB
KernelStack:        3168 kB
PageTables:         5596 kB
NFS_Unstable:          0 kB
Bounce:                0 kB
WritebackTmp:          0 kB
CommitLimit:     1076256 kB
Committed_AS:    2313248 kB
VmallocTotal:   34359738367 kB
VmallocUsed:           0 kB
VmallocChunk:          0 kB
Percpu:              400 kB
AnonHugePages:    473088 kB
ShmemHugePages:        0 kB
ShmemPmdMapped:        0 kB
HugePages_Total:       0
HugePages_Free:        0
HugePages_Rsvd:        0
HugePages_Surp:        0
Hugepagesize:       2048 kB
Hugetlb:               0 kB
DirectMap4k:        8192 kB
DirectMap2M:     2523136 kB
DirectMap1G:           0 kB

/sys/kernel/mm/transparent_hugepage/enabled: [always] madvise never
/sys/kernel/mm/transparent_hugepage/hpage_pmd_size: 2097152
/sys/kernel/mm/transparent_hugepage/defrag (defrag/compaction efforts parameter): always defer defer+madvise madvise [never]

Process Memory:
Virtual Size: 2567444K (peak: 2716948K)
Resident Set Size: 721664K (peak: 721664K) (anon: 709660K, file: 12004K, shmem: 0K)
Swapped out: 0K
C-Heap outstanding allocations: 91876K, retained: 29183K
glibc malloc tunables: (default)

/proc/sys/kernel/threads-max (system-wide limit on the number of threads): 1129
/proc/sys/vm/max_map_count (maximum number of memory map areas a process may have): 65530
/proc/sys/vm/swappiness (control to define how aggressively the kernel swaps out anonymous memory): 60
/proc/sys/kernel/pid_max (system-wide limit on number of process identifiers): 32768

container (cgroup) information:
container_type: cgroupv1
cpu_cpuset_cpus: 0-1
cpu_memory_nodes: 0
active_processor_count: 2
cpu_quota: no quota
cpu_period: 100000
cpu_shares: 12288
memory_limit_in_bytes: 2097152 k
memory_and_swap_limit_in_bytes: unlimited
memory_soft_limit_in_bytes: unlimited
memory_usage_in_bytes: 2050088 k
memory_max_usage_in_bytes: 2064508 k
rss_usage_in_bytes: 1982308 k
cache_usage_in_bytes: 46124 k
kernel_memory_limit_in_bytes: unlimited
kernel_memory_usage_in_bytes: 21416 k
kernel_memory_max_usage_in_bytes: 94476 k
maximum number of tasks: unlimited
current number of tasks: 124

KVM virtualization detected
Steal ticks since vm start: 3233
Steal ticks percentage since vm start:  0.419

CPU: total 2 (initial active 2) (2 cores per cpu, 1 threads per core) family 6 model 106 stepping 6 microcode 0x1, cx8, cmov, fxsr, mmx, 3dnowpref, sse, sse2, sse3, ssse3, sse4.1, sse4.2, popcnt, lzcnt, tsc, tscinvbit, avx, avx2, aes, erms, clmul, bmi1, bmi2, adx, avx512f, avx512dq, avx512cd, avx512bw, avx512vl, sha, fma, vzeroupper, avx512_vpopcntdq, avx512_vpclmulqdq, avx512_vaes, avx512_vnni, clflush, clflushopt, clwb, avx512_vbmi2, avx512_vbmi, hv
CPU Model and flags from /proc/cpuinfo:
model name	: Intel(R) Xeon(R) Processor @ 2.90GHz
flags		: fpu vme de pse tsc msr pae mce cx8 apic sep mtrr pge mca cmov pat pse36 clflush mmx fxsr sse sse2 ss ht syscall nx pdpe1gb rdtscp lm constant_tsc rep_good nopl xtopology nonstop_tsc cpuid tsc_known_freq pni pclmulqdq ssse3 fma cx16 pcid sse4_1 sse4_2 x2apic movbe popcnt tsc_deadline_timer aes xsave avx f16c rdrand hypervisor lahf_lm abm 3dnowprefetch cpuid_fault invpcid_single ssbd ibrs ibpb stibp ibrs_enhanced fsgsbase tsc_adjust bmi1 avx2 smep bmi2 erms invpcid avx512f avx512dq rdseed adx smap avx512ifma clflushopt clwb avx512cd sha_ni avx512bw avx512vl xsaveopt xsavec xgetbv1 xsaves avx512vbmi umip avx512_vbmi2 gfni vaes vpclmulqdq avx512_vnni avx512_bitalg avx512_vpopcntdq md_clear arch_capabilities

Online cpus: 0-1
Offline cpus: 
BIOS frequency limitation: <Not Available>
Frequency switch latency (ns): <Not Available>
Available cpu frequencies: <Not Available>
Current governor: <Not Available>
Core performance/turbo boost: <Not Available>

Memory: 4k page, physical 2097152k(47064k free), swap 0k(0k free)
Page Sizes: 4k

vm_info: OpenJDK 64-Bit Server VM (17.0.20+8-1-deb12u1-Debian) for linux-amd64 JRE (17.0.20+8-1-deb12u1-Debian), built on Jul 28 2026 07:08:51 by "buildd" with gcc 12.2.0

END.
