#
# There is insufficient memory for the Java Runtime Environment to continue.
# Native memory allocation (mmap) failed to map 87031808 bytes. Error detail: committing reserved memory.
# Possible reasons:
#   The system is out of physical RAM or swap space
#   This process is running with CompressedOops enabled, and the Java Heap may be blocking the growth of the native heap
# Possible solutions:
#   Reduce memory load on the system
#   Increase physical memory or swap space
#   Check if swap backing store is full
#   Decrease Java heap size (-Xmx/-Xms)
#   Decrease number of Java threads
#   Decrease Java thread stack sizes (-Xss)
#   Set larger code cache with -XX:ReservedCodeCacheSize=
#   JVM is running with Unscaled Compressed Oops mode in which the Java heap is
#     placed in the first 4GB address space. The Java Heap base address is the
#     maximum limit for the native heap growth. Please use -XX:HeapBaseMinAddress
#     to set the Java Heap base and to place the Java Heap above 4GB virtual address.
# This output file may be truncated or incomplete.
#
#  Out of Memory Error (os_linux.cpp:2834), pid=4281, tid=4291
#
# JRE version: OpenJDK Runtime Environment (17.0.20+8) (build 17.0.20+8-1-deb12u1-Debian)
# Java VM: OpenJDK 64-Bit Server VM (17.0.20+8-1-deb12u1-Debian, mixed mode, sharing, tiered, compressed oops, compressed class ptrs, g1 gc, linux-amd64)
# No core dump will be written. Core dumps have been disabled. To enable core dumping, try "ulimit -c unlimited" before starting Java again
#

---------------  S U M M A R Y ------------

Command Line: --add-opens=java.base/java.lang=ALL-UNNAMED --add-opens=java.base/java.lang.invoke=ALL-UNNAMED --add-opens=java.base/java.util=ALL-UNNAMED --add-opens=java.prefs/java.util.prefs=ALL-UNNAMED --add-exports=jdk.compiler/com.sun.tools.javac.api=ALL-UNNAMED --add-exports=jdk.compiler/com.sun.tools.javac.util=ALL-UNNAMED --add-opens=java.base/java.util=ALL-UNNAMED --add-opens=java.prefs/java.util.prefs=ALL-UNNAMED --add-opens=java.base/java.nio.charset=ALL-UNNAMED --add-opens=java.base/java.net=ALL-UNNAMED --add-opens=java.base/java.util.concurrent=ALL-UNNAMED --add-opens=java.base/java.util.concurrent.atomic=ALL-UNNAMED --add-opens=java.xml/javax.xml.namespace=ALL-UNNAMED --add-opens=java.base/java.time=ALL-UNNAMED -XX:MaxMetaspaceSize=384m -Xmx700m -Dfile.encoding=UTF-8 -Duser.country -Duser.language=en -Duser.variant -javaagent:/root/.gradle/wrapper/dists/gradle-9.3.1-bin/23ovyewtku6u96viwx3xl3oks/gradle-9.3.1/lib/agents/gradle-instrumentation-agent-9.3.1.jar org.gradle.launcher.daemon.bootstrap.GradleDaemon 9.3.1

Host: Intel(R) Xeon(R) Processor @ 2.90GHz, 2 cores, 2G, Debian GNU/Linux 12 (bookworm)
Time: Sat Sep 26 12:51:01 2026 UTC elapsed time: 35.185099 seconds (0d 0h 0m 35s)

---------------  T H R E A D  ---------------

Current thread (0x00007f37c4099fd0):  VMThread "VM Thread" [stack: 0x00007f37c892f000,0x00007f37c8a2f000] [id=4291]

Stack: [0x00007f37c892f000,0x00007f37c8a2f000],  sp=0x00007f37c8a2cd70,  free space=1015k
Native frames: (J=compiled Java code, j=interpreted, Vv=VM code, C=native code)
V  [libjvm.so+0xf21211]  VMError::report_and_die(int, char const*, char const*, __va_list_tag*, Thread*, unsigned char*, void*, void*, char const*, int, unsigned long)+0x171
V  [libjvm.so+0xf21d7d]  VMError::report_and_die(Thread*, char const*, int, unsigned long, VMErrorType, char const*, __va_list_tag*)+0x2d
V  [libjvm.so+0x60378c]  report_vm_out_of_memory(char const*, int, unsigned long, VMErrorType, char const*, ...)+0xdc
V  [libjvm.so+0xc2a14b]  os::pd_commit_memory_or_exit(char*, unsigned long, unsigned long, bool, char const*)+0xeb
V  [libjvm.so+0xc23ffb]  os::commit_memory_or_exit(char*, unsigned long, unsigned long, bool, char const*)+0x1b
V  [libjvm.so+0x733436]  G1PageBasedVirtualSpace::commit(unsigned long, unsigned long)+0x66
V  [libjvm.so+0x7473e0]  G1RegionsLargerThanCommitSizeMapper::commit_regions(unsigned int, unsigned long, WorkGang*)+0x110
V  [libjvm.so+0x7dadc8]  HeapRegionManager::commit_regions(unsigned int, unsigned long, WorkGang*)+0x88
V  [libjvm.so+0x7dcc0b]  HeapRegionManager::expand(unsigned int, unsigned int, WorkGang*)+0x2b
V  [libjvm.so+0x7dce27]  HeapRegionManager::expand_by(unsigned int, WorkGang*)+0x77
V  [libjvm.so+0x6ebed8]  G1CollectedHeap::expand(unsigned long, WorkGang*, double*)+0xe8
V  [libjvm.so+0x6efb29]  G1CollectedHeap::do_collection_pause_at_safepoint_helper(double)+0x8a9
V  [libjvm.so+0x6efb8f]  G1CollectedHeap::do_collection_pause_at_safepoint(double)+0x2f
V  [libjvm.so+0x76b9d7]  VM_G1CollectForAllocation::doit()+0x47
V  [libjvm.so+0xf26715]  VM_Operation::evaluate()+0xe5
V  [libjvm.so+0xf28005]  VMThread::evaluate_operation(VM_Operation*)+0x105
V  [libjvm.so+0xf2857f]  VMThread::inner_execute(VM_Operation*)+0x28f
V  [libjvm.so+0xf2878f]  VMThread::run()+0xbf
V  [libjvm.so+0xea40a5]  Thread::call_run()+0xa5
V  [libjvm.so+0xc2c8f3]  thread_native_entry(Thread*)+0xe3

VM_Operation (0x00007f379cab41a0): G1CollectForAllocation, mode: safepoint, requested by thread 0x00007f37640ab100


---------------  P R O C E S S  ---------------

Threads class SMR info:
_java_thread_list=0x00007f3764137440, length=47, elements={
0x00007f37c401af50, 0x00007f37c409e0d0, 0x00007f37c409f4b0, 0x00007f37c40a5ed0,
0x00007f37c40a7280, 0x00007f37c40a8690, 0x00007f37c40aa040, 0x00007f37c40ab570,
0x00007f37c40ac9e0, 0x00007f37c40b7c30, 0x00007f37c41a0cc0, 0x00007f37c52f61b0,
0x00007f37c537c1d0, 0x00007f37c53afbf0, 0x00007f3764019d70, 0x00007f376c003ea0,
0x00007f376c009110, 0x00007f376c00f580, 0x00007f37980067a0, 0x00007f379800db30,
0x00007f3798018430, 0x00007f37981b1890, 0x00007f37981b47b0, 0x00007f37981eb770,
0x00007f37981bd470, 0x00007f3798a39390, 0x00007f3798ade040, 0x00007f3798bc52b0,
0x00007f3798c54060, 0x00007f3798c74040, 0x00007f3798ecccd0, 0x00007f3798efa520,
0x00007f3798ee9ba0, 0x00007f37992644f0, 0x00007f37984d88a0, 0x00007f37984dada0,
0x00007f379980eae0, 0x00007f3799b90790, 0x00007f379a5aa630, 0x000055618959c530,
0x000055618960dd40, 0x0000556189614ca0, 0x000055618961e2c0, 0x000055618961b4a0,
0x00005561896b53f0, 0x00007f37640ab100, 0x00007f37640abcc0
}

Java Threads: ( => current thread )
  0x00007f37c401af50 JavaThread "main" [_thread_blocked, id=4282, stack(0x00007f37cb193000,0x00007f37cb293000)]
  0x00007f37c409e0d0 JavaThread "Reference Handler" daemon [_thread_blocked, id=4292, stack(0x00007f37c882e000,0x00007f37c892e000)]
  0x00007f37c409f4b0 JavaThread "Finalizer" daemon [_thread_blocked, id=4293, stack(0x00007f37c872d000,0x00007f37c882d000)]
  0x00007f37c40a5ed0 JavaThread "Signal Dispatcher" daemon [_thread_blocked, id=4294, stack(0x00007f37c85d5000,0x00007f37c86d5000)]
  0x00007f37c40a7280 JavaThread "Service Thread" daemon [_thread_blocked, id=4295, stack(0x00007f37c84d4000,0x00007f37c85d4000)]
  0x00007f37c40a8690 JavaThread "Monitor Deflation Thread" daemon [_thread_blocked, id=4296, stack(0x00007f37c83d3000,0x00007f37c84d3000)]
  0x00007f37c40aa040 JavaThread "C2 CompilerThread0" daemon [_thread_in_native, id=4297, stack(0x00007f37c82d2000,0x00007f37c83d2000)]
  0x00007f37c40ab570 JavaThread "C1 CompilerThread0" daemon [_thread_blocked, id=4298, stack(0x00007f37c81d1000,0x00007f37c82d1000)]
  0x00007f37c40ac9e0 JavaThread "Sweeper thread" daemon [_thread_blocked, id=4299, stack(0x00007f37c80d0000,0x00007f37c81d0000)]
  0x00007f37c40b7c30 JavaThread "Common-Cleaner" daemon [_thread_blocked, id=4300, stack(0x00007f37ad411000,0x00007f37ad511000)]
  0x00007f37c41a0cc0 JavaThread "Notification Thread" daemon [_thread_blocked, id=4301, stack(0x00007f37ad310000,0x00007f37ad410000)]
  0x00007f37c52f61b0 JavaThread "Daemon health stats" [_thread_blocked, id=4308, stack(0x00007f37acd00000,0x00007f37ace00000)]
  0x00007f37c537c1d0 JavaThread "Incoming local TCP Connector on port 43285" [_thread_in_native, id=4310, stack(0x00007f37acbff000,0x00007f37accff000)]
  0x00007f37c53afbf0 JavaThread "Daemon periodic checks" [_thread_blocked, id=4311, stack(0x00007f37acafe000,0x00007f37acbfe000)]
  0x00007f3764019d70 JavaThread "Daemon" [_thread_blocked, id=4312, stack(0x00007f37ac9fd000,0x00007f37acafd000)]
  0x00007f376c003ea0 JavaThread "Handler for socket connection from /127.0.0.1:43285 to /127.0.0.1:47278" [_thread_in_native, id=4313, stack(0x00007f37ac8fc000,0x00007f37ac9fc000)]
  0x00007f376c009110 JavaThread "Cancel handler" [_thread_blocked, id=4314, stack(0x00007f37ac7fb000,0x00007f37ac8fb000)]
  0x00007f376c00f580 JavaThread "Daemon worker" [_thread_blocked, id=4315, stack(0x00007f37ac6fa000,0x00007f37ac7fa000)]
  0x00007f37980067a0 JavaThread "Asynchronous log dispatcher for DefaultDaemonConnection: socket connection from /127.0.0.1:43285 to /127.0.0.1:47278" [_thread_blocked, id=4316, stack(0x00007f37ac5f9000,0x00007f37ac6f9000)]
  0x00007f379800db30 JavaThread "Stdin handler" [_thread_blocked, id=4317, stack(0x00007f37ac4f8000,0x00007f37ac5f8000)]
  0x00007f3798018430 JavaThread "Daemon client event forwarder" [_thread_blocked, id=4318, stack(0x00007f37ac3f7000,0x00007f37ac4f7000)]
  0x00007f37981b1890 JavaThread "Cache worker for journal cache (/root/.gradle/caches/journal-1)" [_thread_blocked, id=4320, stack(0x00007f37ac2f6000,0x00007f37ac3f6000)]
  0x00007f37981b47b0 JavaThread "File lock request listener" [_thread_in_native, id=4321, stack(0x00007f37ac1f5000,0x00007f37ac2f5000)]
  0x00007f37981eb770 JavaThread "Cache worker for file hash cache (/root/.gradle/caches/9.3.1/fileHashes)" [_thread_blocked, id=4322, stack(0x00007f37ac0f4000,0x00007f37ac1f4000)]
  0x00007f37981bd470 JavaThread "Cache worker for file hash cache (/workspace/.gradle/9.3.1/fileHashes)" [_thread_blocked, id=4325, stack(0x00007f379df00000,0x00007f379e000000)]
  0x00007f3798a39390 JavaThread "Cache worker for Build Output Cleanup Cache (/workspace/.gradle/buildOutputCleanup)" [_thread_blocked, id=4326, stack(0x00007f379ddff000,0x00007f379deff000)]
  0x00007f3798ade040 JavaThread "Cache worker for checksums cache (/workspace/.gradle/9.3.1/checksums)" [_thread_blocked, id=4328, stack(0x00007f379dcfe000,0x00007f379ddfe000)]
  0x00007f3798bc52b0 JavaThread "Cache worker for file content cache (/root/.gradle/caches/9.3.1/fileContent)" [_thread_blocked, id=4330, stack(0x00007f379dbfd000,0x00007f379dcfd000)]
  0x00007f3798c54060 JavaThread "Cache worker for cache directory md-supplier (/root/.gradle/caches/9.3.1/md-supplier)" [_thread_blocked, id=4331, stack(0x00007f379dafc000,0x00007f379dbfc000)]
  0x00007f3798c74040 JavaThread "Cache worker for cache directory md-rule (/root/.gradle/caches/9.3.1/md-rule)" [_thread_blocked, id=4332, stack(0x00007f379d9fb000,0x00007f379dafb000)]
  0x00007f3798ecccd0 JavaThread "Unconstrained build operations" [_thread_blocked, id=4337, stack(0x00007f379d8fa000,0x00007f379d9fa000)]
  0x00007f3798efa520 JavaThread "Unconstrained build operations Thread 2" [_thread_blocked, id=4339, stack(0x00007f379d7f9000,0x00007f379d8f9000)]
  0x00007f3798ee9ba0 JavaThread "Unconstrained build operations Thread 3" [_thread_blocked, id=4340, stack(0x00007f379d6f8000,0x00007f379d7f8000)]
  0x00007f37992644f0 JavaThread "Unconstrained build operations Thread 4" [_thread_blocked, id=4347, stack(0x00007f379d5f7000,0x00007f379d6f7000)]
  0x00007f37984d88a0 JavaThread "Unconstrained build operations Thread 5" [_thread_blocked, id=4348, stack(0x00007f379d4f6000,0x00007f379d5f6000)]
  0x00007f37984dada0 JavaThread "Unconstrained build operations Thread 6" [_thread_blocked, id=4350, stack(0x00007f379d3f5000,0x00007f379d4f5000)]
  0x00007f379980eae0 JavaThread "Memory manager" [_thread_blocked, id=4358, stack(0x00007f379d2f4000,0x00007f379d3f4000)]
  0x00007f3799b90790 JavaThread "build event listener" [_thread_blocked, id=4361, stack(0x00007f379cfbd000,0x00007f379d0bd000)]
  0x00007f379a5aa630 JavaThread "included builds" [_thread_blocked, id=4377, stack(0x00007f379d1f3000,0x00007f379d2f3000)]
  0x000055618959c530 JavaThread "Cache worker for execution history cache (/workspace/.gradle/9.3.1/executionHistory)" [_thread_blocked, id=4378, stack(0x00007f379d0f2000,0x00007f379d1f2000)]
  0x000055618960dd40 JavaThread "Unconstrained build operations Thread 7" [_thread_blocked, id=4381, stack(0x00007f379cebc000,0x00007f379cfbc000)]
  0x0000556189614ca0 JavaThread "Unconstrained build operations Thread 8" [_thread_blocked, id=4384, stack(0x00007f379cdbb000,0x00007f379cebb000)]
  0x000055618961e2c0 JavaThread "Unconstrained build operations Thread 9" [_thread_blocked, id=4385, stack(0x00007f379ccba000,0x00007f379cdba000)]
  0x000055618961b4a0 JavaThread "Unconstrained build operations Thread 10" [_thread_blocked, id=4387, stack(0x00007f379cbb9000,0x00007f379ccb9000)]
  0x00005561896b53f0 JavaThread "WorkerExecutor Queue" [_thread_blocked, id=4394, stack(0x00007f379cab8000,0x00007f379cbb8000)]
  0x00007f37640ab100 JavaThread "ForkJoinPool-1-worker-1" daemon [_thread_blocked, id=4397, stack(0x00007f379c9b7000,0x00007f379cab7000)]
  0x00007f37640abcc0 JavaThread "ForkJoinPool-1-worker-2" daemon [_thread_blocked, id=4398, stack(0x00007f379c8b6000,0x00007f379c9b6000)]

Other Threads:
=>0x00007f37c4099fd0 VMThread "VM Thread" [stack: 0x00007f37c892f000,0x00007f37c8a2f000] [id=4291]
  0x00007f37c401d2c0 WatcherThread [stack: 0x00007f37ad20f000,0x00007f37ad30f000] [id=4302]
  0x00007f37c404dea0 GCTaskThread "GC Thread#0" [stack: 0x00007f37c925b000,0x00007f37c935b000] [id=4283]
  0x00007f37740049b0 GCTaskThread "GC Thread#1" [stack: 0x00007f37ad10e000,0x00007f37ad20e000] [id=4303]
  0x00007f37c4054c00 ConcurrentGCThread "G1 Main Marker" [stack: 0x00007f37c915a000,0x00007f37c925a000] [id=4284]
  0x00007f37c4055b70 ConcurrentGCThread "G1 Conc#0" [stack: 0x00007f37c9059000,0x00007f37c9159000] [id=4285]
  0x00007f37c40747a0 ConcurrentGCThread "G1 Refine#0" [stack: 0x00007f37c8d56000,0x00007f37c8e56000] [id=4286]
  0x00007f3798000ea0 ConcurrentGCThread "G1 Refine#1" [stack: 0x00007f37ad00d000,0x00007f37ad10d000] [id=4305]
  0x00007f37c40756a0 ConcurrentGCThread "G1 Service" [stack: 0x00007f37c8c55000,0x00007f37c8d55000] [id=4287]

Threads with active compile tasks:
C2 CompilerThread0  35192 13592       4       com.android.tools.r8.internal.rv::a (4509 bytes)

VM state: at safepoint (normal execution)

VM Mutex/Monitor currently owned by a thread:  ([mutex/lock_event])
[0x00007f37c4017d40] Threads_lock - owner thread: 0x00007f37c4099fd0
[0x00007f37c40184f0] Heap_lock - owner thread: 0x00007f37640ab100

Heap address: 0x00000000d4400000, size: 700 MB, Compressed Oops mode: 32-bit

CDS archive(s) mapped at: [0x00007f377b000000-0x00007f377bbca000-0x00007f377bbca000), size 12361728, SharedBaseAddress: 0x00007f377b000000, ArchiveRelocationMode: 1.
Compressed class space mapped at: 0x00007f377c000000-0x00007f3790000000, reserved size: 335544320
Narrow klass base: 0x00007f377b000000, Narrow klass shift: 0, Narrow klass range: 0x100000000

GC Precious Log:
 CPUs: 2 total, 2 available
 Memory: 2048M
 Large Page Support: Disabled
 NUMA Support: Disabled
 Compressed Oops: Enabled (32-bit)
 Heap Region Size: 1M
 Heap Min Capacity: 8M
 Heap Initial Capacity: 32M
 Heap Max Capacity: 700M
 Pre-touch: Disabled
 Parallel Workers: 2
 Concurrent Workers: 1
 Concurrent Refinement Workers: 2
 Periodic GC: Disabled

Heap:
 garbage-first heap   total 504832K, used 357812K [0x00000000d4400000, 0x0000000100000000)
  region size 1024K, 9 young (9216K), 9 survivors (9216K)
 Metaspace       used 100798K, committed 101696K, reserved 458752K
  class space    used 14045K, committed 14464K, reserved 327680K

Heap Regions: E=young(eden), S=young(survivor), O=old, HS=humongous(starts), HC=humongous(continues), CS=collection set, F=free, OA=open archive, CA=closed archive, TAMS=top-at-mark-start (previous, next)
|   0|0x00000000d4400000, 0x00000000d4500000, 0x00000000d4500000|100%|HS|  |TAMS 0x00000000d4500000, 0x00000000d4400000| Complete 
|   1|0x00000000d4500000, 0x00000000d4600000, 0x00000000d4600000|100%|HC|  |TAMS 0x00000000d4600000, 0x00000000d4500000| Complete 
|   2|0x00000000d4600000, 0x00000000d4700000, 0x00000000d4700000|100%|HC|  |TAMS 0x00000000d4700000, 0x00000000d4600000| Complete 
|   3|0x00000000d4700000, 0x00000000d4800000, 0x00000000d4800000|100%|HC|  |TAMS 0x00000000d4800000, 0x00000000d4700000| Complete 
|   4|0x00000000d4800000, 0x00000000d4900000, 0x00000000d4900000|100%| O|  |TAMS 0x00000000d4900000, 0x00000000d4800000| Untracked 
|   5|0x00000000d4900000, 0x00000000d4a00000, 0x00000000d4a00000|100%| O|  |TAMS 0x00000000d4a00000, 0x00000000d4900000| Untracked 
|   6|0x00000000d4a00000, 0x00000000d4b00000, 0x00000000d4b00000|100%| O|  |TAMS 0x00000000d4b00000, 0x00000000d4a00000| Untracked 
|   7|0x00000000d4b00000, 0x00000000d4c00000, 0x00000000d4c00000|100%| O|  |TAMS 0x00000000d4c00000, 0x00000000d4b00000| Untracked 
|   8|0x00000000d4c00000, 0x00000000d4d00000, 0x00000000d4d00000|100%| O|  |TAMS 0x00000000d4d00000, 0x00000000d4c00000| Untracked 
|   9|0x00000000d4d00000, 0x00000000d4e00000, 0x00000000d4e00000|100%| O|  |TAMS 0x00000000d4e00000, 0x00000000d4d00000| Untracked 
|  10|0x00000000d4e00000, 0x00000000d4f00000, 0x00000000d4f00000|100%|HS|  |TAMS 0x00000000d4f00000, 0x00000000d4e00000| Complete 
|  11|0x00000000d4f00000, 0x00000000d5000000, 0x00000000d5000000|100%| O|  |TAMS 0x00000000d4f00000, 0x00000000d4f00000| Untracked 
|  12|0x00000000d5000000, 0x00000000d5100000, 0x00000000d5100000|100%| O|  |TAMS 0x00000000d5100000, 0x00000000d5000000| Untracked 
|  13|0x00000000d5100000, 0x00000000d5200000, 0x00000000d5200000|100%| O|  |TAMS 0x00000000d5200000, 0x00000000d5100000| Untracked 
|  14|0x00000000d5200000, 0x00000000d5300000, 0x00000000d5300000|100%| O|  |TAMS 0x00000000d5300000, 0x00000000d5200000| Untracked 
|  15|0x00000000d5300000, 0x00000000d5400000, 0x00000000d5400000|100%| O|  |TAMS 0x00000000d5400000, 0x00000000d5300000| Untracked 
|  16|0x00000000d5400000, 0x00000000d5500000, 0x00000000d5500000|100%| O|  |TAMS 0x00000000d5500000, 0x00000000d5400000| Untracked 
|  17|0x00000000d5500000, 0x00000000d5600000, 0x00000000d5600000|100%| O|  |TAMS 0x00000000d5600000, 0x00000000d5500000| Untracked 
|  18|0x00000000d5600000, 0x00000000d5700000, 0x00000000d5700000|100%| O|  |TAMS 0x00000000d5700000, 0x00000000d5600000| Untracked 
|  19|0x00000000d5700000, 0x00000000d5800000, 0x00000000d5800000|100%| O|  |TAMS 0x00000000d5800000, 0x00000000d5700000| Untracked 
|  20|0x00000000d5800000, 0x00000000d5900000, 0x00000000d5900000|100%| O|  |TAMS 0x00000000d5900000, 0x00000000d5800000| Untracked 
|  21|0x00000000d5900000, 0x00000000d5a00000, 0x00000000d5a00000|100%| O|  |TAMS 0x00000000d5a00000, 0x00000000d5900000| Untracked 
|  22|0x00000000d5a00000, 0x00000000d5b00000, 0x00000000d5b00000|100%| O|  |TAMS 0x00000000d5b00000, 0x00000000d5a00000| Untracked 
|  23|0x00000000d5b00000, 0x00000000d5c00000, 0x00000000d5c00000|100%| O|  |TAMS 0x00000000d5c00000, 0x00000000d5b00000| Untracked 
|  24|0x00000000d5c00000, 0x00000000d5d00000, 0x00000000d5d00000|100%| O|  |TAMS 0x00000000d5d00000, 0x00000000d5c00000| Untracked 
|  25|0x00000000d5d00000, 0x00000000d5e00000, 0x00000000d5e00000|100%| O|  |TAMS 0x00000000d5e00000, 0x00000000d5d00000| Untracked 
|  26|0x00000000d5e00000, 0x00000000d5f00000, 0x00000000d5f00000|100%| O|  |TAMS 0x00000000d5f00000, 0x00000000d5e00000| Untracked 
|  27|0x00000000d5f00000, 0x00000000d6000000, 0x00000000d6000000|100%| O|  |TAMS 0x00000000d6000000, 0x00000000d5f00000| Untracked 
|  28|0x00000000d6000000, 0x00000000d6100000, 0x00000000d6100000|100%| O|  |TAMS 0x00000000d6100000, 0x00000000d6000000| Untracked 
|  29|0x00000000d6100000, 0x00000000d6200000, 0x00000000d6200000|100%| O|  |TAMS 0x00000000d6200000, 0x00000000d6100000| Untracked 
|  30|0x00000000d6200000, 0x00000000d6300000, 0x00000000d6300000|100%| O|  |TAMS 0x00000000d6300000, 0x00000000d6200000| Untracked 
|  31|0x00000000d6300000, 0x00000000d6400000, 0x00000000d6400000|100%| O|  |TAMS 0x00000000d6400000, 0x00000000d6300000| Untracked 
|  32|0x00000000d6400000, 0x00000000d6500000, 0x00000000d6500000|100%| O|  |TAMS 0x00000000d6500000, 0x00000000d6400000| Untracked 
|  33|0x00000000d6500000, 0x00000000d6600000, 0x00000000d6600000|100%| O|  |TAMS 0x00000000d6600000, 0x00000000d6500000| Untracked 
|  34|0x00000000d6600000, 0x00000000d6700000, 0x00000000d6700000|100%| O|  |TAMS 0x00000000d6700000, 0x00000000d6600000| Untracked 
|  35|0x00000000d6700000, 0x00000000d6800000, 0x00000000d6800000|100%| O|  |TAMS 0x00000000d6800000, 0x00000000d6700000| Untracked 
|  36|0x00000000d6800000, 0x00000000d6900000, 0x00000000d6900000|100%| O|  |TAMS 0x00000000d6800000, 0x00000000d6800000| Untracked 
|  37|0x00000000d6900000, 0x00000000d6a00000, 0x00000000d6a00000|100%| O|  |TAMS 0x00000000d6a00000, 0x00000000d6900000| Untracked 
|  38|0x00000000d6a00000, 0x00000000d6b00000, 0x00000000d6b00000|100%|HS|  |TAMS 0x00000000d6b00000, 0x00000000d6a00000| Complete 
|  39|0x00000000d6b00000, 0x00000000d6c00000, 0x00000000d6c00000|100%| O|  |TAMS 0x00000000d6c00000, 0x00000000d6b00000| Untracked 
|  40|0x00000000d6c00000, 0x00000000d6d00000, 0x00000000d6d00000|100%| O|  |TAMS 0x00000000d6d00000, 0x00000000d6c00000| Untracked 
|  41|0x00000000d6d00000, 0x00000000d6e00000, 0x00000000d6e00000|100%| O|  |TAMS 0x00000000d6e00000, 0x00000000d6d00000| Untracked 
|  42|0x00000000d6e00000, 0x00000000d6f00000, 0x00000000d6f00000|100%|HS|  |TAMS 0x00000000d6f00000, 0x00000000d6e00000| Complete 
|  43|0x00000000d6f00000, 0x00000000d7000000, 0x00000000d7000000|100%|HS|  |TAMS 0x00000000d7000000, 0x00000000d6f00000| Complete 
|  44|0x00000000d7000000, 0x00000000d7100000, 0x00000000d7100000|100%|HC|  |TAMS 0x00000000d7100000, 0x00000000d7000000| Complete 
|  45|0x00000000d7100000, 0x00000000d7200000, 0x00000000d7200000|100%|HS|  |TAMS 0x00000000d7200000, 0x00000000d7100000| Complete 
|  46|0x00000000d7200000, 0x00000000d7300000, 0x00000000d7300000|100%| O|  |TAMS 0x00000000d7300000, 0x00000000d7200000| Untracked 
|  47|0x00000000d7300000, 0x00000000d7400000, 0x00000000d7400000|100%| O|  |TAMS 0x00000000d7400000, 0x00000000d7300000| Untracked 
|  48|0x00000000d7400000, 0x00000000d7500000, 0x00000000d7500000|100%| O|  |TAMS 0x00000000d7500000, 0x00000000d7400000| Untracked 
|  49|0x00000000d7500000, 0x00000000d7600000, 0x00000000d7600000|100%|HS|  |TAMS 0x00000000d7600000, 0x00000000d7500000| Complete 
|  50|0x00000000d7600000, 0x00000000d7700000, 0x00000000d7700000|100%| O|  |TAMS 0x00000000d7700000, 0x00000000d7600000| Untracked 
|  51|0x00000000d7700000, 0x00000000d7800000, 0x00000000d7800000|100%|HS|  |TAMS 0x00000000d7800000, 0x00000000d7700000| Complete 
|  52|0x00000000d7800000, 0x00000000d7900000, 0x00000000d7900000|100%| O|  |TAMS 0x00000000d7900000, 0x00000000d7800000| Untracked 
|  53|0x00000000d7900000, 0x00000000d7a00000, 0x00000000d7a00000|100%| O|  |TAMS 0x00000000d7a00000, 0x00000000d7900000| Untracked 
|  54|0x00000000d7a00000, 0x00000000d7b00000, 0x00000000d7b00000|100%| O|  |TAMS 0x00000000d7b00000, 0x00000000d7a00000| Untracked 
|  55|0x00000000d7b00000, 0x00000000d7c00000, 0x00000000d7c00000|100%|HS|  |TAMS 0x00000000d7c00000, 0x00000000d7b00000| Complete 
|  56|0x00000000d7c00000, 0x00000000d7d00000, 0x00000000d7d00000|100%|HS|  |TAMS 0x00000000d7d00000, 0x00000000d7c00000| Complete 
|  57|0x00000000d7d00000, 0x00000000d7e00000, 0x00000000d7e00000|100%|HC|  |TAMS 0x00000000d7e00000, 0x00000000d7d00000| Complete 
|  58|0x00000000d7e00000, 0x00000000d7f00000, 0x00000000d7f00000|100%| O|  |TAMS 0x00000000d7f00000, 0x00000000d7e00000| Untracked 
|  59|0x00000000d7f00000, 0x00000000d8000000, 0x00000000d8000000|100%| O|  |TAMS 0x00000000d8000000, 0x00000000d7f00000| Untracked 
|  60|0x00000000d8000000, 0x00000000d8100000, 0x00000000d8100000|100%| O|  |TAMS 0x00000000d8100000, 0x00000000d8000000| Untracked 
|  61|0x00000000d8100000, 0x00000000d8200000, 0x00000000d8200000|100%| O|  |TAMS 0x00000000d8200000, 0x00000000d8100000| Untracked 
|  62|0x00000000d8200000, 0x00000000d8300000, 0x00000000d8300000|100%| O|  |TAMS 0x00000000d8300000, 0x00000000d8200000| Untracked 
|  63|0x00000000d8300000, 0x00000000d8400000, 0x00000000d8400000|100%| O|  |TAMS 0x00000000d8400000, 0x00000000d8300000| Untracked 
|  64|0x00000000d8400000, 0x00000000d8500000, 0x00000000d8500000|100%| O|  |TAMS 0x00000000d8500000, 0x00000000d8400000| Untracked 
|  65|0x00000000d8500000, 0x00000000d8600000, 0x00000000d8600000|100%| O|  |TAMS 0x00000000d8600000, 0x00000000d8500000| Untracked 
|  66|0x00000000d8600000, 0x00000000d8700000, 0x00000000d8700000|100%|HS|  |TAMS 0x00000000d8700000, 0x00000000d8600000| Complete 
|  67|0x00000000d8700000, 0x00000000d8800000, 0x00000000d8800000|100%| O|  |TAMS 0x00000000d8800000, 0x00000000d8700000| Untracked 
|  68|0x00000000d8800000, 0x00000000d8900000, 0x00000000d8900000|100%| O|  |TAMS 0x00000000d8900000, 0x00000000d8800000| Untracked 
|  69|0x00000000d8900000, 0x00000000d8a00000, 0x00000000d8a00000|100%| O|  |TAMS 0x00000000d8a00000, 0x00000000d8900000| Untracked 
|  70|0x00000000d8a00000, 0x00000000d8b00000, 0x00000000d8b00000|100%| O|  |TAMS 0x00000000d8b00000, 0x00000000d8a00000| Untracked 
|  71|0x00000000d8b00000, 0x00000000d8c00000, 0x00000000d8c00000|100%| O|  |TAMS 0x00000000d8c00000, 0x00000000d8b00000| Untracked 
|  72|0x00000000d8c00000, 0x00000000d8d00000, 0x00000000d8d00000|100%| O|  |TAMS 0x00000000d8d00000, 0x00000000d8c00000| Untracked 
|  73|0x00000000d8d00000, 0x00000000d8e00000, 0x00000000d8e00000|100%| O|  |TAMS 0x00000000d8e00000, 0x00000000d8d00000| Untracked 
|  74|0x00000000d8e00000, 0x00000000d8f00000, 0x00000000d8f00000|100%| O|  |TAMS 0x00000000d8f00000, 0x00000000d8e00000| Untracked 
|  75|0x00000000d8f00000, 0x00000000d9000000, 0x00000000d9000000|100%| O|  |TAMS 0x00000000d9000000, 0x00000000d8f00000| Untracked 
|  76|0x00000000d9000000, 0x00000000d9100000, 0x00000000d9100000|100%| O|  |TAMS 0x00000000d9100000, 0x00000000d9000000| Untracked 
|  77|0x00000000d9100000, 0x00000000d9200000, 0x00000000d9200000|100%| O|  |TAMS 0x00000000d9200000, 0x00000000d9100000| Untracked 
|  78|0x00000000d9200000, 0x00000000d9300000, 0x00000000d9300000|100%| O|  |TAMS 0x00000000d9300000, 0x00000000d9200000| Untracked 
|  79|0x00000000d9300000, 0x00000000d9400000, 0x00000000d9400000|100%| O|  |TAMS 0x00000000d9400000, 0x00000000d9300000| Untracked 
|  80|0x00000000d9400000, 0x00000000d9500000, 0x00000000d9500000|100%| O|  |TAMS 0x00000000d9500000, 0x00000000d9400000| Untracked 
|  81|0x00000000d9500000, 0x00000000d9600000, 0x00000000d9600000|100%| O|  |TAMS 0x00000000d9600000, 0x00000000d9500000| Untracked 
|  82|0x00000000d9600000, 0x00000000d9700000, 0x00000000d9700000|100%| O|  |TAMS 0x00000000d9700000, 0x00000000d9600000| Untracked 
|  83|0x00000000d9700000, 0x00000000d9800000, 0x00000000d9800000|100%| O|  |TAMS 0x00000000d9800000, 0x00000000d9700000| Untracked 
|  84|0x00000000d9800000, 0x00000000d9900000, 0x00000000d9900000|100%| O|  |TAMS 0x00000000d9900000, 0x00000000d9800000| Untracked 
|  85|0x00000000d9900000, 0x00000000d9a00000, 0x00000000d9a00000|100%| O|  |TAMS 0x00000000d9a00000, 0x00000000d9900000| Untracked 
|  86|0x00000000d9a00000, 0x00000000d9b00000, 0x00000000d9b00000|100%| O|  |TAMS 0x00000000d9b00000, 0x00000000d9a00000| Untracked 
|  87|0x00000000d9b00000, 0x00000000d9c00000, 0x00000000d9c00000|100%| O|  |TAMS 0x00000000d9c00000, 0x00000000d9b00000| Untracked 
|  88|0x00000000d9c00000, 0x00000000d9d00000, 0x00000000d9d00000|100%| O|  |TAMS 0x00000000d9d00000, 0x00000000d9c00000| Untracked 
|  89|0x00000000d9d00000, 0x00000000d9e00000, 0x00000000d9e00000|100%| O|  |TAMS 0x00000000d9e00000, 0x00000000d9d00000| Untracked 
|  90|0x00000000d9e00000, 0x00000000d9f00000, 0x00000000d9f00000|100%| O|  |TAMS 0x00000000d9f00000, 0x00000000d9e00000| Untracked 
|  91|0x00000000d9f00000, 0x00000000da000000, 0x00000000da000000|100%| O|  |TAMS 0x00000000da000000, 0x00000000d9f00000| Untracked 
|  92|0x00000000da000000, 0x00000000da100000, 0x00000000da100000|100%| O|  |TAMS 0x00000000da100000, 0x00000000da000000| Untracked 
|  93|0x00000000da100000, 0x00000000da200000, 0x00000000da200000|100%| O|  |TAMS 0x00000000da200000, 0x00000000da100000| Untracked 
|  94|0x00000000da200000, 0x00000000da300000, 0x00000000da300000|100%| O|  |TAMS 0x00000000da300000, 0x00000000da200000| Untracked 
|  95|0x00000000da300000, 0x00000000da400000, 0x00000000da400000|100%|HS|  |TAMS 0x00000000da400000, 0x00000000da300000| Complete 
|  96|0x00000000da400000, 0x00000000da500000, 0x00000000da500000|100%|HC|  |TAMS 0x00000000da500000, 0x00000000da400000| Complete 
|  97|0x00000000da500000, 0x00000000da600000, 0x00000000da600000|100%| O|  |TAMS 0x00000000da600000, 0x00000000da500000| Untracked 
|  98|0x00000000da600000, 0x00000000da700000, 0x00000000da700000|100%| O|  |TAMS 0x00000000da700000, 0x00000000da600000| Untracked 
|  99|0x00000000da700000, 0x00000000da800000, 0x00000000da800000|100%| O|  |TAMS 0x00000000da800000, 0x00000000da700000| Untracked 
| 100|0x00000000da800000, 0x00000000da900000, 0x00000000da900000|100%| O|  |TAMS 0x00000000da900000, 0x00000000da800000| Untracked 
| 101|0x00000000da900000, 0x00000000daa00000, 0x00000000daa00000|100%| O|  |TAMS 0x00000000daa00000, 0x00000000da900000| Untracked 
| 102|0x00000000daa00000, 0x00000000dab00000, 0x00000000dab00000|100%| O|  |TAMS 0x00000000dab00000, 0x00000000daa00000| Untracked 
| 103|0x00000000dab00000, 0x00000000dac00000, 0x00000000dac00000|100%| O|  |TAMS 0x00000000dac00000, 0x00000000dab00000| Untracked 
| 104|0x00000000dac00000, 0x00000000dad00000, 0x00000000dad00000|100%| O|  |TAMS 0x00000000dad00000, 0x00000000dac00000| Untracked 
| 105|0x00000000dad00000, 0x00000000dae00000, 0x00000000dae00000|100%| O|  |TAMS 0x00000000dae00000, 0x00000000dad00000| Untracked 
| 106|0x00000000dae00000, 0x00000000daf00000, 0x00000000daf00000|100%| O|  |TAMS 0x00000000daf00000, 0x00000000dae00000| Untracked 
| 107|0x00000000daf00000, 0x00000000db000000, 0x00000000db000000|100%| O|  |TAMS 0x00000000db000000, 0x00000000daf00000| Untracked 
| 108|0x00000000db000000, 0x00000000db000000, 0x00000000db100000|  0%| F|  |TAMS 0x00000000db000000, 0x00000000db000000| Untracked 
| 109|0x00000000db100000, 0x00000000db200000, 0x00000000db200000|100%| O|  |TAMS 0x00000000db200000, 0x00000000db100000| Untracked 
| 110|0x00000000db200000, 0x00000000db300000, 0x00000000db300000|100%| O|  |TAMS 0x00000000db300000, 0x00000000db200000| Untracked 
| 111|0x00000000db300000, 0x00000000db400000, 0x00000000db400000|100%| O|  |TAMS 0x00000000db400000, 0x00000000db300000| Untracked 
| 112|0x00000000db400000, 0x00000000db500000, 0x00000000db500000|100%| O|  |TAMS 0x00000000db500000, 0x00000000db400000| Untracked 
| 113|0x00000000db500000, 0x00000000db600000, 0x00000000db600000|100%| O|  |TAMS 0x00000000db600000, 0x00000000db500000| Untracked 
| 114|0x00000000db600000, 0x00000000db700000, 0x00000000db700000|100%| O|  |TAMS 0x00000000db700000, 0x00000000db600000| Untracked 
| 115|0x00000000db700000, 0x00000000db800000, 0x00000000db800000|100%|HS|  |TAMS 0x00000000db700000, 0x00000000db700000| Complete 
| 116|0x00000000db800000, 0x00000000db900000, 0x00000000db900000|100%| O|  |TAMS 0x00000000db900000, 0x00000000db800000| Untracked 
| 117|0x00000000db900000, 0x00000000dba00000, 0x00000000dba00000|100%| O|  |TAMS 0x00000000dba00000, 0x00000000db900000| Untracked 
| 118|0x00000000dba00000, 0x00000000dbb00000, 0x00000000dbb00000|100%| O|  |TAMS 0x00000000dbb00000, 0x00000000dba00000| Untracked 
| 119|0x00000000dbb00000, 0x00000000dbc00000, 0x00000000dbc00000|100%| O|  |TAMS 0x00000000dbc00000, 0x00000000dbb00000| Untracked 
| 120|0x00000000dbc00000, 0x00000000dbd00000, 0x00000000dbd00000|100%| O|  |TAMS 0x00000000dbd00000, 0x00000000dbc00000| Untracked 
| 121|0x00000000dbd00000, 0x00000000dbe00000, 0x00000000dbe00000|100%| O|  |TAMS 0x00000000dbe00000, 0x00000000dbd00000| Untracked 
| 122|0x00000000dbe00000, 0x00000000dbf00000, 0x00000000dbf00000|100%| O|  |TAMS 0x00000000dbf00000, 0x00000000dbe00000| Untracked 
| 123|0x00000000dbf00000, 0x00000000dc000000, 0x00000000dc000000|100%| O|  |TAMS 0x00000000dc000000, 0x00000000dbf00000| Untracked 
| 124|0x00000000dc000000, 0x00000000dc100000, 0x00000000dc100000|100%|HS|  |TAMS 0x00000000dc000000, 0x00000000dc000000| Complete 
| 125|0x00000000dc100000, 0x00000000dc200000, 0x00000000dc200000|100%| O|  |TAMS 0x00000000dc200000, 0x00000000dc100000| Untracked 
| 126|0x00000000dc200000, 0x00000000dc300000, 0x00000000dc300000|100%| O|  |TAMS 0x00000000dc300000, 0x00000000dc200000| Untracked 
| 127|0x00000000dc300000, 0x00000000dc400000, 0x00000000dc400000|100%| O|  |TAMS 0x00000000dc400000, 0x00000000dc300000| Untracked 
| 128|0x00000000dc400000, 0x00000000dc500000, 0x00000000dc500000|100%| O|  |TAMS 0x00000000dc500000, 0x00000000dc400000| Untracked 
| 129|0x00000000dc500000, 0x00000000dc600000, 0x00000000dc600000|100%| O|  |TAMS 0x00000000dc600000, 0x00000000dc500000| Untracked 
| 130|0x00000000dc600000, 0x00000000dc700000, 0x00000000dc700000|100%| O|  |TAMS 0x00000000dc700000, 0x00000000dc600000| Untracked 
| 131|0x00000000dc700000, 0x00000000dc800000, 0x00000000dc800000|100%| O|  |TAMS 0x00000000dc800000, 0x00000000dc700000| Untracked 
| 132|0x00000000dc800000, 0x00000000dc900000, 0x00000000dc900000|100%| O|  |TAMS 0x00000000dc900000, 0x00000000dc800000| Untracked 
| 133|0x00000000dc900000, 0x00000000dca00000, 0x00000000dca00000|100%| O|  |TAMS 0x00000000dc900000, 0x00000000dc900000| Untracked 
| 134|0x00000000dca00000, 0x00000000dcb00000, 0x00000000dcb00000|100%| O|  |TAMS 0x00000000dca00000, 0x00000000dca00000| Untracked 
| 135|0x00000000dcb00000, 0x00000000dcc00000, 0x00000000dcc00000|100%| O|  |TAMS 0x00000000dcb00000, 0x00000000dcb00000| Untracked 
| 136|0x00000000dcc00000, 0x00000000dcd00000, 0x00000000dcd00000|100%| O|  |TAMS 0x00000000dcc00000, 0x00000000dcc00000| Untracked 
| 137|0x00000000dcd00000, 0x00000000dce00000, 0x00000000dce00000|100%| O|  |TAMS 0x00000000dcd00000, 0x00000000dcd00000| Untracked 
| 138|0x00000000dce00000, 0x00000000dcf00000, 0x00000000dcf00000|100%| O|  |TAMS 0x00000000dce00000, 0x00000000dce00000| Untracked 
| 139|0x00000000dcf00000, 0x00000000dd000000, 0x00000000dd000000|100%| O|  |TAMS 0x00000000dcf00000, 0x00000000dcf00000| Untracked 
| 140|0x00000000dd000000, 0x00000000dd100000, 0x00000000dd100000|100%| O|  |TAMS 0x00000000dd000000, 0x00000000dd000000| Untracked 
| 141|0x00000000dd100000, 0x00000000dd200000, 0x00000000dd200000|100%| O|  |TAMS 0x00000000dd100000, 0x00000000dd100000| Untracked 
| 142|0x00000000dd200000, 0x00000000dd300000, 0x00000000dd300000|100%| O|  |TAMS 0x00000000dd200000, 0x00000000dd200000| Untracked 
| 143|0x00000000dd300000, 0x00000000dd400000, 0x00000000dd400000|100%| O|  |TAMS 0x00000000dd300000, 0x00000000dd300000| Untracked 
| 144|0x00000000dd400000, 0x00000000dd500000, 0x00000000dd500000|100%| O|  |TAMS 0x00000000dd400000, 0x00000000dd400000| Untracked 
| 145|0x00000000dd500000, 0x00000000dd600000, 0x00000000dd600000|100%| O|  |TAMS 0x00000000dd500000, 0x00000000dd500000| Untracked 
| 146|0x00000000dd600000, 0x00000000dd700000, 0x00000000dd700000|100%| O|  |TAMS 0x00000000dd600000, 0x00000000dd600000| Untracked 
| 147|0x00000000dd700000, 0x00000000dd800000, 0x00000000dd800000|100%| O|  |TAMS 0x00000000dd700000, 0x00000000dd700000| Untracked 
| 148|0x00000000dd800000, 0x00000000dd900000, 0x00000000dd900000|100%| O|  |TAMS 0x00000000dd800000, 0x00000000dd800000| Untracked 
| 149|0x00000000dd900000, 0x00000000dda00000, 0x00000000dda00000|100%| O|  |TAMS 0x00000000dd900000, 0x00000000dd900000| Untracked 
| 150|0x00000000dda00000, 0x00000000ddb00000, 0x00000000ddb00000|100%| O|  |TAMS 0x00000000dda00000, 0x00000000dda00000| Untracked 
| 151|0x00000000ddb00000, 0x00000000ddc00000, 0x00000000ddc00000|100%| O|  |TAMS 0x00000000ddb00000, 0x00000000ddb00000| Untracked 
| 152|0x00000000ddc00000, 0x00000000ddd00000, 0x00000000ddd00000|100%| O|  |TAMS 0x00000000ddc00000, 0x00000000ddc00000| Untracked 
| 153|0x00000000ddd00000, 0x00000000dde00000, 0x00000000dde00000|100%| O|  |TAMS 0x00000000ddd00000, 0x00000000ddd00000| Untracked 
| 154|0x00000000dde00000, 0x00000000ddf00000, 0x00000000ddf00000|100%| O|  |TAMS 0x00000000dde00000, 0x00000000dde00000| Untracked 
| 155|0x00000000ddf00000, 0x00000000de000000, 0x00000000de000000|100%| O|  |TAMS 0x00000000ddf00000, 0x00000000ddf00000| Untracked 
| 156|0x00000000de000000, 0x00000000de100000, 0x00000000de100000|100%| O|  |TAMS 0x00000000de000000, 0x00000000de000000| Untracked 
| 157|0x00000000de100000, 0x00000000de200000, 0x00000000de200000|100%| O|  |TAMS 0x00000000de100000, 0x00000000de100000| Untracked 
| 158|0x00000000de200000, 0x00000000de300000, 0x00000000de300000|100%| O|  |TAMS 0x00000000de200000, 0x00000000de200000| Untracked 
| 159|0x00000000de300000, 0x00000000de400000, 0x00000000de400000|100%|HS|  |TAMS 0x00000000de300000, 0x00000000de300000| Complete 
| 160|0x00000000de400000, 0x00000000de500000, 0x00000000de500000|100%| O|  |TAMS 0x00000000de400000, 0x00000000de400000| Untracked 
| 161|0x00000000de500000, 0x00000000de600000, 0x00000000de600000|100%| O|  |TAMS 0x00000000de500000, 0x00000000de500000| Untracked 
| 162|0x00000000de600000, 0x00000000de700000, 0x00000000de700000|100%|HS|  |TAMS 0x00000000de600000, 0x00000000de600000| Complete 
| 163|0x00000000de700000, 0x00000000de800000, 0x00000000de800000|100%|HS|  |TAMS 0x00000000de700000, 0x00000000de700000| Complete 
| 164|0x00000000de800000, 0x00000000de900000, 0x00000000de900000|100%| O|  |TAMS 0x00000000de800000, 0x00000000de800000| Untracked 
| 165|0x00000000de900000, 0x00000000dea00000, 0x00000000dea00000|100%| O|  |TAMS 0x00000000de900000, 0x00000000de900000| Untracked 
| 166|0x00000000dea00000, 0x00000000deb00000, 0x00000000deb00000|100%| O|  |TAMS 0x00000000dea00000, 0x00000000dea00000| Untracked 
| 167|0x00000000deb00000, 0x00000000dec00000, 0x00000000dec00000|100%| O|  |TAMS 0x00000000deb00000, 0x00000000deb00000| Untracked 
| 168|0x00000000dec00000, 0x00000000ded00000, 0x00000000ded00000|100%| O|  |TAMS 0x00000000dec00000, 0x00000000dec00000| Untracked 
| 169|0x00000000ded00000, 0x00000000dee00000, 0x00000000dee00000|100%| O|  |TAMS 0x00000000ded00000, 0x00000000ded00000| Untracked 
| 170|0x00000000dee00000, 0x00000000def00000, 0x00000000def00000|100%| O|  |TAMS 0x00000000dee00000, 0x00000000dee00000| Untracked 
| 171|0x00000000def00000, 0x00000000df000000, 0x00000000df000000|100%| O|  |TAMS 0x00000000def00000, 0x00000000def00000| Untracked 
| 172|0x00000000df000000, 0x00000000df100000, 0x00000000df100000|100%| O|  |TAMS 0x00000000df000000, 0x00000000df000000| Untracked 
| 173|0x00000000df100000, 0x00000000df200000, 0x00000000df200000|100%| O|  |TAMS 0x00000000df100000, 0x00000000df100000| Untracked 
| 174|0x00000000df200000, 0x00000000df300000, 0x00000000df300000|100%| O|  |TAMS 0x00000000df200000, 0x00000000df200000| Untracked 
| 175|0x00000000df300000, 0x00000000df400000, 0x00000000df400000|100%| O|  |TAMS 0x00000000df300000, 0x00000000df300000| Untracked 
| 176|0x00000000df400000, 0x00000000df500000, 0x00000000df500000|100%| O|  |TAMS 0x00000000df400000, 0x00000000df400000| Untracked 
| 177|0x00000000df500000, 0x00000000df600000, 0x00000000df600000|100%| O|  |TAMS 0x00000000df500000, 0x00000000df500000| Untracked 
| 178|0x00000000df600000, 0x00000000df700000, 0x00000000df700000|100%| O|  |TAMS 0x00000000df600000, 0x00000000df600000| Untracked 
| 179|0x00000000df700000, 0x00000000df800000, 0x00000000df800000|100%| O|  |TAMS 0x00000000df700000, 0x00000000df700000| Untracked 
| 180|0x00000000df800000, 0x00000000df900000, 0x00000000df900000|100%| O|  |TAMS 0x00000000df800000, 0x00000000df800000| Untracked 
| 181|0x00000000df900000, 0x00000000dfa00000, 0x00000000dfa00000|100%| O|  |TAMS 0x00000000df900000, 0x00000000df900000| Untracked 
| 182|0x00000000dfa00000, 0x00000000dfb00000, 0x00000000dfb00000|100%| O|  |TAMS 0x00000000dfa00000, 0x00000000dfa00000| Untracked 
| 183|0x00000000dfb00000, 0x00000000dfc00000, 0x00000000dfc00000|100%| O|  |TAMS 0x00000000dfb00000, 0x00000000dfb00000| Untracked 
| 184|0x00000000dfc00000, 0x00000000dfd00000, 0x00000000dfd00000|100%| O|  |TAMS 0x00000000dfc00000, 0x00000000dfc00000| Untracked 
| 185|0x00000000dfd00000, 0x00000000dfe00000, 0x00000000dfe00000|100%| O|  |TAMS 0x00000000dfd00000, 0x00000000dfd00000| Untracked 
| 186|0x00000000dfe00000, 0x00000000dff00000, 0x00000000dff00000|100%| O|  |TAMS 0x00000000dfe00000, 0x00000000dfe00000| Untracked 
| 187|0x00000000dff00000, 0x00000000e0000000, 0x00000000e0000000|100%| O|  |TAMS 0x00000000dff00000, 0x00000000dff00000| Untracked 
| 188|0x00000000e0000000, 0x00000000e0100000, 0x00000000e0100000|100%| O|  |TAMS 0x00000000e0000000, 0x00000000e0000000| Untracked 
| 189|0x00000000e0100000, 0x00000000e0200000, 0x00000000e0200000|100%| O|  |TAMS 0x00000000e0100000, 0x00000000e0100000| Untracked 
| 190|0x00000000e0200000, 0x00000000e0300000, 0x00000000e0300000|100%| O|  |TAMS 0x00000000e0200000, 0x00000000e0200000| Untracked 
| 191|0x00000000e0300000, 0x00000000e0400000, 0x00000000e0400000|100%| O|  |TAMS 0x00000000e0300000, 0x00000000e0300000| Untracked 
| 192|0x00000000e0400000, 0x00000000e0500000, 0x00000000e0500000|100%| O|  |TAMS 0x00000000e0400000, 0x00000000e0400000| Untracked 
| 193|0x00000000e0500000, 0x00000000e0600000, 0x00000000e0600000|100%| O|  |TAMS 0x00000000e0500000, 0x00000000e0500000| Untracked 
| 194|0x00000000e0600000, 0x00000000e0700000, 0x00000000e0700000|100%| O|  |TAMS 0x00000000e0600000, 0x00000000e0600000| Untracked 
| 195|0x00000000e0700000, 0x00000000e0800000, 0x00000000e0800000|100%| O|  |TAMS 0x00000000e0700000, 0x00000000e0700000| Untracked 
| 196|0x00000000e0800000, 0x00000000e0900000, 0x00000000e0900000|100%| O|  |TAMS 0x00000000e0800000, 0x00000000e0800000| Untracked 
| 197|0x00000000e0900000, 0x00000000e0a00000, 0x00000000e0a00000|100%| O|  |TAMS 0x00000000e0900000, 0x00000000e0900000| Untracked 
| 198|0x00000000e0a00000, 0x00000000e0b00000, 0x00000000e0b00000|100%| O|  |TAMS 0x00000000e0a00000, 0x00000000e0a00000| Untracked 
| 199|0x00000000e0b00000, 0x00000000e0c00000, 0x00000000e0c00000|100%| O|  |TAMS 0x00000000e0b00000, 0x00000000e0b00000| Untracked 
| 200|0x00000000e0c00000, 0x00000000e0d00000, 0x00000000e0d00000|100%| O|  |TAMS 0x00000000e0c00000, 0x00000000e0c00000| Untracked 
| 201|0x00000000e0d00000, 0x00000000e0e00000, 0x00000000e0e00000|100%| O|  |TAMS 0x00000000e0d00000, 0x00000000e0d00000| Untracked 
| 202|0x00000000e0e00000, 0x00000000e0f00000, 0x00000000e0f00000|100%| O|  |TAMS 0x00000000e0e00000, 0x00000000e0e00000| Untracked 
| 203|0x00000000e0f00000, 0x00000000e1000000, 0x00000000e1000000|100%| O|  |TAMS 0x00000000e0f00000, 0x00000000e0f00000| Untracked 
| 204|0x00000000e1000000, 0x00000000e1100000, 0x00000000e1100000|100%| O|  |TAMS 0x00000000e1000000, 0x00000000e1000000| Untracked 
| 205|0x00000000e1100000, 0x00000000e1200000, 0x00000000e1200000|100%| O|  |TAMS 0x00000000e1100000, 0x00000000e1100000| Untracked 
| 206|0x00000000e1200000, 0x00000000e1300000, 0x00000000e1300000|100%| O|  |TAMS 0x00000000e1200000, 0x00000000e1200000| Untracked 
| 207|0x00000000e1300000, 0x00000000e1400000, 0x00000000e1400000|100%| O|  |TAMS 0x00000000e1300000, 0x00000000e1300000| Untracked 
| 208|0x00000000e1400000, 0x00000000e1500000, 0x00000000e1500000|100%| O|  |TAMS 0x00000000e1400000, 0x00000000e1400000| Untracked 
| 209|0x00000000e1500000, 0x00000000e1600000, 0x00000000e1600000|100%| O|  |TAMS 0x00000000e1500000, 0x00000000e1500000| Untracked 
| 210|0x00000000e1600000, 0x00000000e1700000, 0x00000000e1700000|100%| O|  |TAMS 0x00000000e1600000, 0x00000000e1600000| Untracked 
| 211|0x00000000e1700000, 0x00000000e1800000, 0x00000000e1800000|100%| O|  |TAMS 0x00000000e1700000, 0x00000000e1700000| Untracked 
| 212|0x00000000e1800000, 0x00000000e1900000, 0x00000000e1900000|100%| O|  |TAMS 0x00000000e1800000, 0x00000000e1800000| Untracked 
| 213|0x00000000e1900000, 0x00000000e1a00000, 0x00000000e1a00000|100%| O|  |TAMS 0x00000000e1900000, 0x00000000e1900000| Untracked 
| 214|0x00000000e1a00000, 0x00000000e1b00000, 0x00000000e1b00000|100%| O|  |TAMS 0x00000000e1a00000, 0x00000000e1a00000| Untracked 
| 215|0x00000000e1b00000, 0x00000000e1c00000, 0x00000000e1c00000|100%| O|  |TAMS 0x00000000e1b00000, 0x00000000e1b00000| Untracked 
| 216|0x00000000e1c00000, 0x00000000e1d00000, 0x00000000e1d00000|100%| O|  |TAMS 0x00000000e1c00000, 0x00000000e1c00000| Untracked 
| 217|0x00000000e1d00000, 0x00000000e1e00000, 0x00000000e1e00000|100%| O|  |TAMS 0x00000000e1d00000, 0x00000000e1d00000| Untracked 
| 218|0x00000000e1e00000, 0x00000000e1f00000, 0x00000000e1f00000|100%| O|  |TAMS 0x00000000e1e00000, 0x00000000e1e00000| Untracked 
| 219|0x00000000e1f00000, 0x00000000e2000000, 0x00000000e2000000|100%| O|  |TAMS 0x00000000e1f00000, 0x00000000e1f00000| Untracked 
| 220|0x00000000e2000000, 0x00000000e2100000, 0x00000000e2100000|100%| O|  |TAMS 0x00000000e2000000, 0x00000000e2000000| Untracked 
| 221|0x00000000e2100000, 0x00000000e2200000, 0x00000000e2200000|100%| O|  |TAMS 0x00000000e2100000, 0x00000000e2100000| Untracked 
| 222|0x00000000e2200000, 0x00000000e2300000, 0x00000000e2300000|100%| O|  |TAMS 0x00000000e2200000, 0x00000000e2200000| Untracked 
| 223|0x00000000e2300000, 0x00000000e2400000, 0x00000000e2400000|100%| O|  |TAMS 0x00000000e2300000, 0x00000000e2300000| Untracked 
| 224|0x00000000e2400000, 0x00000000e2500000, 0x00000000e2500000|100%| O|  |TAMS 0x00000000e2400000, 0x00000000e2400000| Untracked 
| 225|0x00000000e2500000, 0x00000000e2600000, 0x00000000e2600000|100%| O|  |TAMS 0x00000000e2500000, 0x00000000e2500000| Untracked 
| 226|0x00000000e2600000, 0x00000000e2700000, 0x00000000e2700000|100%| O|  |TAMS 0x00000000e2600000, 0x00000000e2600000| Untracked 
| 227|0x00000000e2700000, 0x00000000e2800000, 0x00000000e2800000|100%| O|  |TAMS 0x00000000e2700000, 0x00000000e2700000| Untracked 
| 228|0x00000000e2800000, 0x00000000e2900000, 0x00000000e2900000|100%| O|  |TAMS 0x00000000e2800000, 0x00000000e2800000| Untracked 
| 229|0x00000000e2900000, 0x00000000e2a00000, 0x00000000e2a00000|100%| O|  |TAMS 0x00000000e2900000, 0x00000000e2900000| Untracked 
| 230|0x00000000e2a00000, 0x00000000e2b00000, 0x00000000e2b00000|100%| O|  |TAMS 0x00000000e2a00000, 0x00000000e2a00000| Untracked 
| 231|0x00000000e2b00000, 0x00000000e2c00000, 0x00000000e2c00000|100%| O|  |TAMS 0x00000000e2b00000, 0x00000000e2b00000| Untracked 
| 232|0x00000000e2c00000, 0x00000000e2d00000, 0x00000000e2d00000|100%| O|  |TAMS 0x00000000e2c00000, 0x00000000e2c00000| Untracked 
| 233|0x00000000e2d00000, 0x00000000e2e00000, 0x00000000e2e00000|100%| O|  |TAMS 0x00000000e2d00000, 0x00000000e2d00000| Untracked 
| 234|0x00000000e2e00000, 0x00000000e2f00000, 0x00000000e2f00000|100%| O|  |TAMS 0x00000000e2e00000, 0x00000000e2e00000| Untracked 
| 235|0x00000000e2f00000, 0x00000000e3000000, 0x00000000e3000000|100%| O|  |TAMS 0x00000000e2f00000, 0x00000000e2f00000| Untracked 
| 236|0x00000000e3000000, 0x00000000e3100000, 0x00000000e3100000|100%| O|  |TAMS 0x00000000e3000000, 0x00000000e3000000| Untracked 
| 237|0x00000000e3100000, 0x00000000e3200000, 0x00000000e3200000|100%| O|  |TAMS 0x00000000e3100000, 0x00000000e3100000| Untracked 
| 238|0x00000000e3200000, 0x00000000e3300000, 0x00000000e3300000|100%| O|  |TAMS 0x00000000e3200000, 0x00000000e3200000| Untracked 
| 239|0x00000000e3300000, 0x00000000e3400000, 0x00000000e3400000|100%| O|  |TAMS 0x00000000e3300000, 0x00000000e3300000| Untracked 
| 240|0x00000000e3400000, 0x00000000e3500000, 0x00000000e3500000|100%| O|  |TAMS 0x00000000e3400000, 0x00000000e3400000| Untracked 
| 241|0x00000000e3500000, 0x00000000e3600000, 0x00000000e3600000|100%| O|  |TAMS 0x00000000e3500000, 0x00000000e3500000| Untracked 
| 242|0x00000000e3600000, 0x00000000e3700000, 0x00000000e3700000|100%| O|  |TAMS 0x00000000e3600000, 0x00000000e3600000| Untracked 
| 243|0x00000000e3700000, 0x00000000e3800000, 0x00000000e3800000|100%| O|  |TAMS 0x00000000e3700000, 0x00000000e3700000| Untracked 
| 244|0x00000000e3800000, 0x00000000e3900000, 0x00000000e3900000|100%| O|  |TAMS 0x00000000e3800000, 0x00000000e3800000| Untracked 
| 245|0x00000000e3900000, 0x00000000e3a00000, 0x00000000e3a00000|100%| O|  |TAMS 0x00000000e3900000, 0x00000000e3900000| Untracked 
| 246|0x00000000e3a00000, 0x00000000e3b00000, 0x00000000e3b00000|100%| O|  |TAMS 0x00000000e3a00000, 0x00000000e3a00000| Untracked 
| 247|0x00000000e3b00000, 0x00000000e3c00000, 0x00000000e3c00000|100%| O|  |TAMS 0x00000000e3b00000, 0x00000000e3b00000| Untracked 
| 248|0x00000000e3c00000, 0x00000000e3d00000, 0x00000000e3d00000|100%| O|  |TAMS 0x00000000e3c00000, 0x00000000e3c00000| Untracked 
| 249|0x00000000e3d00000, 0x00000000e3e00000, 0x00000000e3e00000|100%| O|  |TAMS 0x00000000e3d00000, 0x00000000e3d00000| Untracked 
| 250|0x00000000e3e00000, 0x00000000e3f00000, 0x00000000e3f00000|100%| O|  |TAMS 0x00000000e3e00000, 0x00000000e3e00000| Untracked 
| 251|0x00000000e3f00000, 0x00000000e4000000, 0x00000000e4000000|100%| O|  |TAMS 0x00000000e3f00000, 0x00000000e3f00000| Untracked 
| 252|0x00000000e4000000, 0x00000000e4100000, 0x00000000e4100000|100%| O|  |TAMS 0x00000000e4000000, 0x00000000e4000000| Untracked 
| 253|0x00000000e4100000, 0x00000000e4200000, 0x00000000e4200000|100%| O|  |TAMS 0x00000000e4100000, 0x00000000e4100000| Untracked 
| 254|0x00000000e4200000, 0x00000000e4300000, 0x00000000e4300000|100%| O|  |TAMS 0x00000000e4200000, 0x00000000e4200000| Untracked 
| 255|0x00000000e4300000, 0x00000000e4400000, 0x00000000e4400000|100%| O|  |TAMS 0x00000000e4300000, 0x00000000e4300000| Untracked 
| 256|0x00000000e4400000, 0x00000000e4500000, 0x00000000e4500000|100%| O|  |TAMS 0x00000000e4400000, 0x00000000e4400000| Untracked 
| 257|0x00000000e4500000, 0x00000000e4600000, 0x00000000e4600000|100%| O|  |TAMS 0x00000000e4500000, 0x00000000e4500000| Untracked 
| 258|0x00000000e4600000, 0x00000000e4700000, 0x00000000e4700000|100%| O|  |TAMS 0x00000000e4600000, 0x00000000e4600000| Untracked 
| 259|0x00000000e4700000, 0x00000000e4800000, 0x00000000e4800000|100%| O|  |TAMS 0x00000000e4700000, 0x00000000e4700000| Untracked 
| 260|0x00000000e4800000, 0x00000000e4900000, 0x00000000e4900000|100%| O|  |TAMS 0x00000000e4800000, 0x00000000e4800000| Untracked 
| 261|0x00000000e4900000, 0x00000000e4a00000, 0x00000000e4a00000|100%| O|  |TAMS 0x00000000e4900000, 0x00000000e4900000| Untracked 
| 262|0x00000000e4a00000, 0x00000000e4b00000, 0x00000000e4b00000|100%| O|  |TAMS 0x00000000e4a00000, 0x00000000e4a00000| Untracked 
| 263|0x00000000e4b00000, 0x00000000e4c00000, 0x00000000e4c00000|100%| O|  |TAMS 0x00000000e4b00000, 0x00000000e4b00000| Untracked 
| 264|0x00000000e4c00000, 0x00000000e4d00000, 0x00000000e4d00000|100%| O|  |TAMS 0x00000000e4c00000, 0x00000000e4c00000| Untracked 
| 265|0x00000000e4d00000, 0x00000000e4e00000, 0x00000000e4e00000|100%| O|  |TAMS 0x00000000e4d00000, 0x00000000e4d00000| Untracked 
| 266|0x00000000e4e00000, 0x00000000e4f00000, 0x00000000e4f00000|100%| O|  |TAMS 0x00000000e4e00000, 0x00000000e4e00000| Untracked 
| 267|0x00000000e4f00000, 0x00000000e5000000, 0x00000000e5000000|100%| O|  |TAMS 0x00000000e4f00000, 0x00000000e4f00000| Untracked 
| 268|0x00000000e5000000, 0x00000000e5100000, 0x00000000e5100000|100%| O|  |TAMS 0x00000000e5000000, 0x00000000e5000000| Untracked 
| 269|0x00000000e5100000, 0x00000000e5200000, 0x00000000e5200000|100%| O|  |TAMS 0x00000000e5100000, 0x00000000e5100000| Untracked 
| 270|0x00000000e5200000, 0x00000000e5300000, 0x00000000e5300000|100%| O|  |TAMS 0x00000000e5200000, 0x00000000e5200000| Untracked 
| 271|0x00000000e5300000, 0x00000000e5400000, 0x00000000e5400000|100%| O|  |TAMS 0x00000000e5300000, 0x00000000e5300000| Untracked 
| 272|0x00000000e5400000, 0x00000000e5500000, 0x00000000e5500000|100%| O|  |TAMS 0x00000000e5400000, 0x00000000e5400000| Untracked 
| 273|0x00000000e5500000, 0x00000000e5600000, 0x00000000e5600000|100%| O|  |TAMS 0x00000000e5500000, 0x00000000e5500000| Untracked 
| 274|0x00000000e5600000, 0x00000000e5700000, 0x00000000e5700000|100%| O|  |TAMS 0x00000000e5600000, 0x00000000e5600000| Untracked 
| 275|0x00000000e5700000, 0x00000000e5800000, 0x00000000e5800000|100%| O|  |TAMS 0x00000000e5700000, 0x00000000e5700000| Untracked 
| 276|0x00000000e5800000, 0x00000000e5900000, 0x00000000e5900000|100%| O|  |TAMS 0x00000000e5800000, 0x00000000e5800000| Untracked 
| 277|0x00000000e5900000, 0x00000000e5a00000, 0x00000000e5a00000|100%| O|  |TAMS 0x00000000e5900000, 0x00000000e5900000| Untracked 
| 278|0x00000000e5a00000, 0x00000000e5b00000, 0x00000000e5b00000|100%| O|  |TAMS 0x00000000e5a00000, 0x00000000e5a00000| Untracked 
| 279|0x00000000e5b00000, 0x00000000e5c00000, 0x00000000e5c00000|100%| O|  |TAMS 0x00000000e5b00000, 0x00000000e5b00000| Untracked 
| 280|0x00000000e5c00000, 0x00000000e5d00000, 0x00000000e5d00000|100%| O|  |TAMS 0x00000000e5c00000, 0x00000000e5c00000| Untracked 
| 281|0x00000000e5d00000, 0x00000000e5e00000, 0x00000000e5e00000|100%| O|  |TAMS 0x00000000e5d00000, 0x00000000e5d00000| Untracked 
| 282|0x00000000e5e00000, 0x00000000e5f00000, 0x00000000e5f00000|100%| O|  |TAMS 0x00000000e5e00000, 0x00000000e5e00000| Untracked 
| 283|0x00000000e5f00000, 0x00000000e6000000, 0x00000000e6000000|100%| O|  |TAMS 0x00000000e5f00000, 0x00000000e5f00000| Untracked 
| 284|0x00000000e6000000, 0x00000000e6100000, 0x00000000e6100000|100%| O|  |TAMS 0x00000000e6000000, 0x00000000e6000000| Untracked 
| 285|0x00000000e6100000, 0x00000000e6200000, 0x00000000e6200000|100%| O|  |TAMS 0x00000000e6100000, 0x00000000e6100000| Untracked 
| 286|0x00000000e6200000, 0x00000000e6300000, 0x00000000e6300000|100%| O|  |TAMS 0x00000000e6200000, 0x00000000e6200000| Untracked 
| 287|0x00000000e6300000, 0x00000000e6400000, 0x00000000e6400000|100%| O|  |TAMS 0x00000000e6300000, 0x00000000e6300000| Untracked 
| 288|0x00000000e6400000, 0x00000000e6500000, 0x00000000e6500000|100%| O|  |TAMS 0x00000000e6400000, 0x00000000e6400000| Untracked 
| 289|0x00000000e6500000, 0x00000000e6600000, 0x00000000e6600000|100%| O|  |TAMS 0x00000000e6500000, 0x00000000e6500000| Untracked 
| 290|0x00000000e6600000, 0x00000000e6700000, 0x00000000e6700000|100%| O|  |TAMS 0x00000000e6600000, 0x00000000e6600000| Untracked 
| 291|0x00000000e6700000, 0x00000000e6800000, 0x00000000e6800000|100%| O|  |TAMS 0x00000000e6700000, 0x00000000e6700000| Untracked 
| 292|0x00000000e6800000, 0x00000000e6900000, 0x00000000e6900000|100%| O|  |TAMS 0x00000000e6800000, 0x00000000e6800000| Untracked 
| 293|0x00000000e6900000, 0x00000000e6a00000, 0x00000000e6a00000|100%| O|  |TAMS 0x00000000e6900000, 0x00000000e6900000| Untracked 
| 294|0x00000000e6a00000, 0x00000000e6b00000, 0x00000000e6b00000|100%| O|  |TAMS 0x00000000e6a00000, 0x00000000e6a00000| Untracked 
| 295|0x00000000e6b00000, 0x00000000e6c00000, 0x00000000e6c00000|100%| O|  |TAMS 0x00000000e6b00000, 0x00000000e6b00000| Untracked 
| 296|0x00000000e6c00000, 0x00000000e6d00000, 0x00000000e6d00000|100%| O|  |TAMS 0x00000000e6c00000, 0x00000000e6c00000| Untracked 
| 297|0x00000000e6d00000, 0x00000000e6e00000, 0x00000000e6e00000|100%| O|  |TAMS 0x00000000e6d00000, 0x00000000e6d00000| Untracked 
| 298|0x00000000e6e00000, 0x00000000e6f00000, 0x00000000e6f00000|100%| O|  |TAMS 0x00000000e6e00000, 0x00000000e6e00000| Untracked 
| 299|0x00000000e6f00000, 0x00000000e7000000, 0x00000000e7000000|100%| O|  |TAMS 0x00000000e6f00000, 0x00000000e6f00000| Untracked 
| 300|0x00000000e7000000, 0x00000000e7100000, 0x00000000e7100000|100%| O|  |TAMS 0x00000000e7000000, 0x00000000e7000000| Untracked 
| 301|0x00000000e7100000, 0x00000000e7200000, 0x00000000e7200000|100%| O|  |TAMS 0x00000000e7100000, 0x00000000e7100000| Untracked 
| 302|0x00000000e7200000, 0x00000000e7300000, 0x00000000e7300000|100%| O|  |TAMS 0x00000000e7200000, 0x00000000e7200000| Untracked 
| 303|0x00000000e7300000, 0x00000000e7400000, 0x00000000e7400000|100%| O|  |TAMS 0x00000000e7300000, 0x00000000e7300000| Untracked 
| 304|0x00000000e7400000, 0x00000000e7500000, 0x00000000e7500000|100%| O|  |TAMS 0x00000000e7400000, 0x00000000e7400000| Untracked 
| 305|0x00000000e7500000, 0x00000000e7600000, 0x00000000e7600000|100%| O|  |TAMS 0x00000000e7500000, 0x00000000e7500000| Untracked 
| 306|0x00000000e7600000, 0x00000000e7700000, 0x00000000e7700000|100%| O|  |TAMS 0x00000000e7600000, 0x00000000e7600000| Untracked 
| 307|0x00000000e7700000, 0x00000000e7800000, 0x00000000e7800000|100%| O|  |TAMS 0x00000000e7700000, 0x00000000e7700000| Untracked 
| 308|0x00000000e7800000, 0x00000000e7900000, 0x00000000e7900000|100%| O|  |TAMS 0x00000000e7800000, 0x00000000e7800000| Untracked 
| 309|0x00000000e7900000, 0x00000000e7a00000, 0x00000000e7a00000|100%| O|  |TAMS 0x00000000e7900000, 0x00000000e7900000| Untracked 
| 310|0x00000000e7a00000, 0x00000000e7b00000, 0x00000000e7b00000|100%| O|  |TAMS 0x00000000e7a00000, 0x00000000e7a00000| Untracked 
| 311|0x00000000e7b00000, 0x00000000e7c00000, 0x00000000e7c00000|100%| O|  |TAMS 0x00000000e7b00000, 0x00000000e7b00000| Untracked 
| 312|0x00000000e7c00000, 0x00000000e7d00000, 0x00000000e7d00000|100%| O|  |TAMS 0x00000000e7c00000, 0x00000000e7c00000| Untracked 
| 313|0x00000000e7d00000, 0x00000000e7e00000, 0x00000000e7e00000|100%| O|  |TAMS 0x00000000e7d00000, 0x00000000e7d00000| Untracked 
| 314|0x00000000e7e00000, 0x00000000e7f00000, 0x00000000e7f00000|100%| O|  |TAMS 0x00000000e7e00000, 0x00000000e7e00000| Untracked 
| 315|0x00000000e7f00000, 0x00000000e8000000, 0x00000000e8000000|100%| O|  |TAMS 0x00000000e7f00000, 0x00000000e7f00000| Untracked 
| 316|0x00000000e8000000, 0x00000000e8100000, 0x00000000e8100000|100%| O|  |TAMS 0x00000000e8000000, 0x00000000e8000000| Untracked 
| 317|0x00000000e8100000, 0x00000000e8200000, 0x00000000e8200000|100%| O|  |TAMS 0x00000000e8100000, 0x00000000e8100000| Untracked 
| 318|0x00000000e8200000, 0x00000000e8300000, 0x00000000e8300000|100%| O|  |TAMS 0x00000000e8200000, 0x00000000e8200000| Untracked 
| 319|0x00000000e8300000, 0x00000000e8400000, 0x00000000e8400000|100%| O|  |TAMS 0x00000000e8300000, 0x00000000e8300000| Untracked 
| 320|0x00000000e8400000, 0x00000000e8500000, 0x00000000e8500000|100%| O|  |TAMS 0x00000000e8400000, 0x00000000e8400000| Untracked 
| 321|0x00000000e8500000, 0x00000000e8600000, 0x00000000e8600000|100%| O|  |TAMS 0x00000000e8500000, 0x00000000e8500000| Untracked 
| 322|0x00000000e8600000, 0x00000000e8700000, 0x00000000e8700000|100%| O|  |TAMS 0x00000000e8600000, 0x00000000e8600000| Untracked 
| 323|0x00000000e8700000, 0x00000000e8800000, 0x00000000e8800000|100%| O|  |TAMS 0x00000000e8700000, 0x00000000e8700000| Untracked 
| 324|0x00000000e8800000, 0x00000000e8900000, 0x00000000e8900000|100%| O|  |TAMS 0x00000000e8800000, 0x00000000e8800000| Untracked 
| 325|0x00000000e8900000, 0x00000000e8a00000, 0x00000000e8a00000|100%| O|  |TAMS 0x00000000e8900000, 0x00000000e8900000| Untracked 
| 326|0x00000000e8a00000, 0x00000000e8b00000, 0x00000000e8b00000|100%| O|  |TAMS 0x00000000e8a00000, 0x00000000e8a00000| Untracked 
| 327|0x00000000e8b00000, 0x00000000e8c00000, 0x00000000e8c00000|100%| O|  |TAMS 0x00000000e8b00000, 0x00000000e8b00000| Untracked 
| 328|0x00000000e8c00000, 0x00000000e8d00000, 0x00000000e8d00000|100%| O|  |TAMS 0x00000000e8c00000, 0x00000000e8c00000| Untracked 
| 329|0x00000000e8d00000, 0x00000000e8e00000, 0x00000000e8e00000|100%| O|  |TAMS 0x00000000e8d00000, 0x00000000e8d00000| Untracked 
| 330|0x00000000e8e00000, 0x00000000e8f00000, 0x00000000e8f00000|100%| O|  |TAMS 0x00000000e8e00000, 0x00000000e8e00000| Untracked 
| 331|0x00000000e8f00000, 0x00000000e9000000, 0x00000000e9000000|100%| O|  |TAMS 0x00000000e8f00000, 0x00000000e8f00000| Untracked 
| 332|0x00000000e9000000, 0x00000000e9100000, 0x00000000e9100000|100%| O|  |TAMS 0x00000000e9000000, 0x00000000e9000000| Untracked 
| 333|0x00000000e9100000, 0x00000000e9200000, 0x00000000e9200000|100%| O|  |TAMS 0x00000000e9100000, 0x00000000e9100000| Untracked 
| 334|0x00000000e9200000, 0x00000000e9300000, 0x00000000e9300000|100%| O|  |TAMS 0x00000000e9200000, 0x00000000e9200000| Untracked 
| 335|0x00000000e9300000, 0x00000000e9400000, 0x00000000e9400000|100%| O|  |TAMS 0x00000000e9300000, 0x00000000e9300000| Untracked 
| 336|0x00000000e9400000, 0x00000000e9500000, 0x00000000e9500000|100%| O|  |TAMS 0x00000000e9400000, 0x00000000e9400000| Untracked 
| 337|0x00000000e9500000, 0x00000000e9600000, 0x00000000e9600000|100%| O|  |TAMS 0x00000000e9500000, 0x00000000e9500000| Untracked 
| 338|0x00000000e9600000, 0x00000000e9700000, 0x00000000e9700000|100%| O|  |TAMS 0x00000000e9600000, 0x00000000e9600000| Untracked 
| 339|0x00000000e9700000, 0x00000000e9800000, 0x00000000e9800000|100%| O|  |TAMS 0x00000000e9700000, 0x00000000e9700000| Untracked 
| 340|0x00000000e9800000, 0x00000000e9880000, 0x00000000e9900000| 50%| O|  |TAMS 0x00000000e9800000, 0x00000000e9800000| Untracked 
| 341|0x00000000e9900000, 0x00000000e9900000, 0x00000000e9a00000|  0%| F|  |TAMS 0x00000000e9900000, 0x00000000e9900000| Untracked 
| 342|0x00000000e9a00000, 0x00000000e9a00000, 0x00000000e9b00000|  0%| F|  |TAMS 0x00000000e9a00000, 0x00000000e9a00000| Untracked 
| 343|0x00000000e9b00000, 0x00000000e9b00000, 0x00000000e9c00000|  0%| F|  |TAMS 0x00000000e9b00000, 0x00000000e9b00000| Untracked 
| 344|0x00000000e9c00000, 0x00000000e9c00000, 0x00000000e9d00000|  0%| F|  |TAMS 0x00000000e9c00000, 0x00000000e9c00000| Untracked 
| 345|0x00000000e9d00000, 0x00000000e9d00000, 0x00000000e9e00000|  0%| F|  |TAMS 0x00000000e9d00000, 0x00000000e9d00000| Untracked 
| 346|0x00000000e9e00000, 0x00000000e9e00000, 0x00000000e9f00000|  0%| F|  |TAMS 0x00000000e9e00000, 0x00000000e9e00000| Untracked 
| 347|0x00000000e9f00000, 0x00000000e9f00000, 0x00000000ea000000|  0%| F|  |TAMS 0x00000000e9f00000, 0x00000000e9f00000| Untracked 
| 348|0x00000000ea000000, 0x00000000ea000000, 0x00000000ea100000|  0%| F|  |TAMS 0x00000000ea000000, 0x00000000ea000000| Untracked 
| 349|0x00000000ea100000, 0x00000000ea100000, 0x00000000ea200000|  0%| F|  |TAMS 0x00000000ea100000, 0x00000000ea100000| Untracked 
| 350|0x00000000ea200000, 0x00000000ea200000, 0x00000000ea300000|  0%| F|  |TAMS 0x00000000ea200000, 0x00000000ea200000| Untracked 
| 351|0x00000000ea300000, 0x00000000ea300000, 0x00000000ea400000|  0%| F|  |TAMS 0x00000000ea300000, 0x00000000ea300000| Untracked 
| 352|0x00000000ea400000, 0x00000000ea400000, 0x00000000ea500000|  0%| F|  |TAMS 0x00000000ea400000, 0x00000000ea400000| Untracked 
| 353|0x00000000ea500000, 0x00000000ea500000, 0x00000000ea600000|  0%| F|  |TAMS 0x00000000ea500000, 0x00000000ea500000| Untracked 
| 354|0x00000000ea600000, 0x00000000ea600000, 0x00000000ea700000|  0%| F|  |TAMS 0x00000000ea600000, 0x00000000ea600000| Untracked 
| 355|0x00000000ea700000, 0x00000000ea700000, 0x00000000ea800000|  0%| F|  |TAMS 0x00000000ea700000, 0x00000000ea700000| Untracked 
| 356|0x00000000ea800000, 0x00000000ea800000, 0x00000000ea900000|  0%| F|  |TAMS 0x00000000ea800000, 0x00000000ea800000| Untracked 
| 357|0x00000000ea900000, 0x00000000ea900000, 0x00000000eaa00000|  0%| F|  |TAMS 0x00000000ea900000, 0x00000000ea900000| Untracked 
| 358|0x00000000eaa00000, 0x00000000eaa00000, 0x00000000eab00000|  0%| F|  |TAMS 0x00000000eaa00000, 0x00000000eaa00000| Untracked 
| 359|0x00000000eab00000, 0x00000000eab00000, 0x00000000eac00000|  0%| F|  |TAMS 0x00000000eab00000, 0x00000000eab00000| Untracked 
| 360|0x00000000eac00000, 0x00000000eac00000, 0x00000000ead00000|  0%| F|  |TAMS 0x00000000eac00000, 0x00000000eac00000| Untracked 
| 361|0x00000000ead00000, 0x00000000ead00000, 0x00000000eae00000|  0%| F|  |TAMS 0x00000000ead00000, 0x00000000ead00000| Untracked 
| 362|0x00000000eae00000, 0x00000000eae00000, 0x00000000eaf00000|  0%| F|  |TAMS 0x00000000eae00000, 0x00000000eae00000| Untracked 
| 363|0x00000000eaf00000, 0x00000000eaf00000, 0x00000000eb000000|  0%| F|  |TAMS 0x00000000eaf00000, 0x00000000eaf00000| Untracked 
| 364|0x00000000eb000000, 0x00000000eb000000, 0x00000000eb100000|  0%| F|  |TAMS 0x00000000eb000000, 0x00000000eb000000| Untracked 
| 365|0x00000000eb100000, 0x00000000eb100000, 0x00000000eb200000|  0%| F|  |TAMS 0x00000000eb100000, 0x00000000eb100000| Untracked 
| 366|0x00000000eb200000, 0x00000000eb200000, 0x00000000eb300000|  0%| F|  |TAMS 0x00000000eb200000, 0x00000000eb200000| Untracked 
| 367|0x00000000eb300000, 0x00000000eb300000, 0x00000000eb400000|  0%| F|  |TAMS 0x00000000eb300000, 0x00000000eb300000| Untracked 
| 368|0x00000000eb400000, 0x00000000eb400000, 0x00000000eb500000|  0%| F|  |TAMS 0x00000000eb400000, 0x00000000eb400000| Untracked 
| 369|0x00000000eb500000, 0x00000000eb500000, 0x00000000eb600000|  0%| F|  |TAMS 0x00000000eb500000, 0x00000000eb500000| Untracked 
| 370|0x00000000eb600000, 0x00000000eb600000, 0x00000000eb700000|  0%| F|  |TAMS 0x00000000eb600000, 0x00000000eb600000| Untracked 
| 371|0x00000000eb700000, 0x00000000eb700000, 0x00000000eb800000|  0%| F|  |TAMS 0x00000000eb700000, 0x00000000eb700000| Untracked 
| 372|0x00000000eb800000, 0x00000000eb800000, 0x00000000eb900000|  0%| F|  |TAMS 0x00000000eb800000, 0x00000000eb800000| Untracked 
| 373|0x00000000eb900000, 0x00000000eb900000, 0x00000000eba00000|  0%| F|  |TAMS 0x00000000eb900000, 0x00000000eb900000| Untracked 
| 374|0x00000000eba00000, 0x00000000eba00000, 0x00000000ebb00000|  0%| F|  |TAMS 0x00000000eba00000, 0x00000000eba00000| Untracked 
| 375|0x00000000ebb00000, 0x00000000ebb00000, 0x00000000ebc00000|  0%| F|  |TAMS 0x00000000ebb00000, 0x00000000ebb00000| Untracked 
| 376|0x00000000ebc00000, 0x00000000ebc00000, 0x00000000ebd00000|  0%| F|  |TAMS 0x00000000ebc00000, 0x00000000ebc00000| Untracked 
| 377|0x00000000ebd00000, 0x00000000ebd00000, 0x00000000ebe00000|  0%| F|  |TAMS 0x00000000ebd00000, 0x00000000ebd00000| Untracked 
| 378|0x00000000ebe00000, 0x00000000ebe00000, 0x00000000ebf00000|  0%| F|  |TAMS 0x00000000ebe00000, 0x00000000ebe00000| Untracked 
| 379|0x00000000ebf00000, 0x00000000ebf00000, 0x00000000ec000000|  0%| F|  |TAMS 0x00000000ebf00000, 0x00000000ebf00000| Untracked 
| 380|0x00000000ec000000, 0x00000000ec000000, 0x00000000ec100000|  0%| F|  |TAMS 0x00000000ec000000, 0x00000000ec000000| Untracked 
| 381|0x00000000ec100000, 0x00000000ec100000, 0x00000000ec200000|  0%| F|  |TAMS 0x00000000ec100000, 0x00000000ec100000| Untracked 
| 382|0x00000000ec200000, 0x00000000ec200000, 0x00000000ec300000|  0%| F|  |TAMS 0x00000000ec200000, 0x00000000ec200000| Untracked 
| 383|0x00000000ec300000, 0x00000000ec300000, 0x00000000ec400000|  0%| F|  |TAMS 0x00000000ec300000, 0x00000000ec300000| Untracked 
| 384|0x00000000ec400000, 0x00000000ec400000, 0x00000000ec500000|  0%| F|  |TAMS 0x00000000ec400000, 0x00000000ec400000| Untracked 
| 385|0x00000000ec500000, 0x00000000ec500000, 0x00000000ec600000|  0%| F|  |TAMS 0x00000000ec500000, 0x00000000ec500000| Untracked 
| 386|0x00000000ec600000, 0x00000000ec600000, 0x00000000ec700000|  0%| F|  |TAMS 0x00000000ec600000, 0x00000000ec600000| Untracked 
| 387|0x00000000ec700000, 0x00000000ec700000, 0x00000000ec800000|  0%| F|  |TAMS 0x00000000ec700000, 0x00000000ec700000| Untracked 
| 388|0x00000000ec800000, 0x00000000ec800000, 0x00000000ec900000|  0%| F|  |TAMS 0x00000000ec800000, 0x00000000ec800000| Untracked 
| 389|0x00000000ec900000, 0x00000000ec900000, 0x00000000eca00000|  0%| F|  |TAMS 0x00000000ec900000, 0x00000000ec900000| Untracked 
| 390|0x00000000eca00000, 0x00000000eca00000, 0x00000000ecb00000|  0%| F|  |TAMS 0x00000000eca00000, 0x00000000eca00000| Untracked 
| 391|0x00000000ecb00000, 0x00000000ecb00000, 0x00000000ecc00000|  0%| F|  |TAMS 0x00000000ecb00000, 0x00000000ecb00000| Untracked 
| 392|0x00000000ecc00000, 0x00000000ecc00000, 0x00000000ecd00000|  0%| F|  |TAMS 0x00000000ecc00000, 0x00000000ecc00000| Untracked 
| 393|0x00000000ecd00000, 0x00000000ecd00000, 0x00000000ece00000|  0%| F|  |TAMS 0x00000000ecd00000, 0x00000000ecd00000| Untracked 
| 394|0x00000000ece00000, 0x00000000ece00000, 0x00000000ecf00000|  0%| F|  |TAMS 0x00000000ece00000, 0x00000000ece00000| Untracked 
| 395|0x00000000ecf00000, 0x00000000ecf00000, 0x00000000ed000000|  0%| F|  |TAMS 0x00000000ecf00000, 0x00000000ecf00000| Untracked 
| 396|0x00000000ed000000, 0x00000000ed000000, 0x00000000ed100000|  0%| F|  |TAMS 0x00000000ed000000, 0x00000000ed000000| Untracked 
| 397|0x00000000ed100000, 0x00000000ed100000, 0x00000000ed200000|  0%| F|  |TAMS 0x00000000ed100000, 0x00000000ed100000| Untracked 
| 398|0x00000000ed200000, 0x00000000ed200000, 0x00000000ed300000|  0%| F|  |TAMS 0x00000000ed200000, 0x00000000ed200000| Untracked 
| 399|0x00000000ed300000, 0x00000000ed300000, 0x00000000ed400000|  0%| F|  |TAMS 0x00000000ed300000, 0x00000000ed300000| Untracked 
| 400|0x00000000ed400000, 0x00000000ed400000, 0x00000000ed500000|  0%| F|  |TAMS 0x00000000ed400000, 0x00000000ed400000| Untracked 
| 401|0x00000000ed500000, 0x00000000ed500000, 0x00000000ed600000|  0%| F|  |TAMS 0x00000000ed500000, 0x00000000ed500000| Untracked 
| 402|0x00000000ed600000, 0x00000000ed600000, 0x00000000ed700000|  0%| F|  |TAMS 0x00000000ed600000, 0x00000000ed600000| Untracked 
| 403|0x00000000ed700000, 0x00000000ed700000, 0x00000000ed800000|  0%| F|  |TAMS 0x00000000ed700000, 0x00000000ed700000| Untracked 
| 404|0x00000000ed800000, 0x00000000ed800000, 0x00000000ed900000|  0%| F|  |TAMS 0x00000000ed800000, 0x00000000ed800000| Untracked 
| 405|0x00000000ed900000, 0x00000000ed900000, 0x00000000eda00000|  0%| F|  |TAMS 0x00000000ed900000, 0x00000000ed900000| Untracked 
| 406|0x00000000eda00000, 0x00000000eda00000, 0x00000000edb00000|  0%| F|  |TAMS 0x00000000eda00000, 0x00000000eda00000| Untracked 
| 407|0x00000000edb00000, 0x00000000edb00000, 0x00000000edc00000|  0%| F|  |TAMS 0x00000000edb00000, 0x00000000edb00000| Untracked 
| 408|0x00000000edc00000, 0x00000000edc00000, 0x00000000edd00000|  0%| F|  |TAMS 0x00000000edc00000, 0x00000000edc00000| Untracked 
| 409|0x00000000edd00000, 0x00000000edd00000, 0x00000000ede00000|  0%| F|  |TAMS 0x00000000edd00000, 0x00000000edd00000| Untracked 
| 410|0x00000000ede00000, 0x00000000ede00000, 0x00000000edf00000|  0%| F|  |TAMS 0x00000000ede00000, 0x00000000ede00000| Untracked 
| 411|0x00000000edf00000, 0x00000000edf00000, 0x00000000ee000000|  0%| F|  |TAMS 0x00000000edf00000, 0x00000000edf00000| Untracked 
| 412|0x00000000ee000000, 0x00000000ee000000, 0x00000000ee100000|  0%| F|  |TAMS 0x00000000ee000000, 0x00000000ee000000| Untracked 
| 413|0x00000000ee100000, 0x00000000ee100000, 0x00000000ee200000|  0%| F|  |TAMS 0x00000000ee100000, 0x00000000ee100000| Untracked 
| 414|0x00000000ee200000, 0x00000000ee200000, 0x00000000ee300000|  0%| F|  |TAMS 0x00000000ee200000, 0x00000000ee200000| Untracked 
| 415|0x00000000ee300000, 0x00000000ee300000, 0x00000000ee400000|  0%| F|  |TAMS 0x00000000ee300000, 0x00000000ee300000| Untracked 
| 416|0x00000000ee400000, 0x00000000ee400000, 0x00000000ee500000|  0%| F|  |TAMS 0x00000000ee400000, 0x00000000ee400000| Untracked 
| 417|0x00000000ee500000, 0x00000000ee600000, 0x00000000ee600000|100%| S|CS|TAMS 0x00000000ee500000, 0x00000000ee500000| Complete 
| 418|0x00000000ee600000, 0x00000000ee700000, 0x00000000ee700000|100%| S|CS|TAMS 0x00000000ee600000, 0x00000000ee600000| Complete 
| 419|0x00000000ee700000, 0x00000000ee800000, 0x00000000ee800000|100%| S|CS|TAMS 0x00000000ee700000, 0x00000000ee700000| Complete 
| 420|0x00000000ee800000, 0x00000000ee900000, 0x00000000ee900000|100%| S|CS|TAMS 0x00000000ee800000, 0x00000000ee800000| Complete 
| 421|0x00000000ee900000, 0x00000000eea00000, 0x00000000eea00000|100%| S|CS|TAMS 0x00000000ee900000, 0x00000000ee900000| Complete 
| 422|0x00000000eea00000, 0x00000000eeb00000, 0x00000000eeb00000|100%| S|CS|TAMS 0x00000000eea00000, 0x00000000eea00000| Complete 
| 423|0x00000000eeb00000, 0x00000000eec00000, 0x00000000eec00000|100%| S|CS|TAMS 0x00000000eeb00000, 0x00000000eeb00000| Complete 
| 424|0x00000000eec00000, 0x00000000eed00000, 0x00000000eed00000|100%| S|CS|TAMS 0x00000000eec00000, 0x00000000eec00000| Complete 
| 425|0x00000000eed00000, 0x00000000eee00000, 0x00000000eee00000|100%| S|CS|TAMS 0x00000000eed00000, 0x00000000eed00000| Complete 
| 426|0x00000000eee00000, 0x00000000eee00000, 0x00000000eef00000|  0%| F|  |TAMS 0x00000000eee00000, 0x00000000eee00000| Untracked 
| 427|0x00000000eef00000, 0x00000000eef00000, 0x00000000ef000000|  0%| F|  |TAMS 0x00000000eef00000, 0x00000000eef00000| Untracked 
| 428|0x00000000ef000000, 0x00000000ef000000, 0x00000000ef100000|  0%| F|  |TAMS 0x00000000ef000000, 0x00000000ef000000| Untracked 
| 429|0x00000000ef100000, 0x00000000ef100000, 0x00000000ef200000|  0%| F|  |TAMS 0x00000000ef100000, 0x00000000ef100000| Untracked 
| 430|0x00000000ef200000, 0x00000000ef200000, 0x00000000ef300000|  0%| F|  |TAMS 0x00000000ef200000, 0x00000000ef200000| Untracked 
| 431|0x00000000ef300000, 0x00000000ef300000, 0x00000000ef400000|  0%| F|  |TAMS 0x00000000ef300000, 0x00000000ef300000| Untracked 
| 432|0x00000000ef400000, 0x00000000ef400000, 0x00000000ef500000|  0%| F|  |TAMS 0x00000000ef400000, 0x00000000ef400000| Untracked 
| 433|0x00000000ef500000, 0x00000000ef500000, 0x00000000ef600000|  0%| F|  |TAMS 0x00000000ef500000, 0x00000000ef500000| Untracked 
| 434|0x00000000ef600000, 0x00000000ef600000, 0x00000000ef700000|  0%| F|  |TAMS 0x00000000ef600000, 0x00000000ef600000| Untracked 
| 435|0x00000000ef700000, 0x00000000ef700000, 0x00000000ef800000|  0%| F|  |TAMS 0x00000000ef700000, 0x00000000ef700000| Untracked 
| 436|0x00000000ef800000, 0x00000000ef800000, 0x00000000ef900000|  0%| F|  |TAMS 0x00000000ef800000, 0x00000000ef800000| Untracked 
| 437|0x00000000ef900000, 0x00000000ef900000, 0x00000000efa00000|  0%| F|  |TAMS 0x00000000ef900000, 0x00000000ef900000| Untracked 
| 438|0x00000000efa00000, 0x00000000efa00000, 0x00000000efb00000|  0%| F|  |TAMS 0x00000000efa00000, 0x00000000efa00000| Untracked 
| 439|0x00000000efb00000, 0x00000000efb00000, 0x00000000efc00000|  0%| F|  |TAMS 0x00000000efb00000, 0x00000000efb00000| Untracked 
| 440|0x00000000efc00000, 0x00000000efc00000, 0x00000000efd00000|  0%| F|  |TAMS 0x00000000efc00000, 0x00000000efc00000| Untracked 
| 441|0x00000000efd00000, 0x00000000efd00000, 0x00000000efe00000|  0%| F|  |TAMS 0x00000000efd00000, 0x00000000efd00000| Untracked 
| 442|0x00000000efe00000, 0x00000000efe00000, 0x00000000eff00000|  0%| F|  |TAMS 0x00000000efe00000, 0x00000000efe00000| Untracked 
| 443|0x00000000eff00000, 0x00000000eff00000, 0x00000000f0000000|  0%| F|  |TAMS 0x00000000eff00000, 0x00000000eff00000| Untracked 
| 444|0x00000000f0000000, 0x00000000f0000000, 0x00000000f0100000|  0%| F|  |TAMS 0x00000000f0000000, 0x00000000f0000000| Untracked 
| 445|0x00000000f0100000, 0x00000000f0100000, 0x00000000f0200000|  0%| F|  |TAMS 0x00000000f0100000, 0x00000000f0100000| Untracked 
| 446|0x00000000f0200000, 0x00000000f0200000, 0x00000000f0300000|  0%| F|  |TAMS 0x00000000f0200000, 0x00000000f0200000| Untracked 
| 447|0x00000000f0300000, 0x00000000f0300000, 0x00000000f0400000|  0%| F|  |TAMS 0x00000000f0300000, 0x00000000f0300000| Untracked 
| 448|0x00000000f0400000, 0x00000000f0400000, 0x00000000f0500000|  0%| F|  |TAMS 0x00000000f0400000, 0x00000000f0400000| Untracked 
| 449|0x00000000f0500000, 0x00000000f0500000, 0x00000000f0600000|  0%| F|  |TAMS 0x00000000f0500000, 0x00000000f0500000| Untracked 
| 450|0x00000000f0600000, 0x00000000f0600000, 0x00000000f0700000|  0%| F|  |TAMS 0x00000000f0600000, 0x00000000f0600000| Untracked 
| 451|0x00000000f0700000, 0x00000000f0700000, 0x00000000f0800000|  0%| F|  |TAMS 0x00000000f0700000, 0x00000000f0700000| Untracked 
| 452|0x00000000f0800000, 0x00000000f0800000, 0x00000000f0900000|  0%| F|  |TAMS 0x00000000f0800000, 0x00000000f0800000| Untracked 
| 453|0x00000000f0900000, 0x00000000f0900000, 0x00000000f0a00000|  0%| F|  |TAMS 0x00000000f0900000, 0x00000000f0900000| Untracked 
| 454|0x00000000f0a00000, 0x00000000f0a00000, 0x00000000f0b00000|  0%| F|  |TAMS 0x00000000f0a00000, 0x00000000f0a00000| Untracked 
| 455|0x00000000f0b00000, 0x00000000f0b00000, 0x00000000f0c00000|  0%| F|  |TAMS 0x00000000f0b00000, 0x00000000f0b00000| Untracked 
| 456|0x00000000f0c00000, 0x00000000f0c00000, 0x00000000f0d00000|  0%| F|  |TAMS 0x00000000f0c00000, 0x00000000f0c00000| Untracked 
| 457|0x00000000f0d00000, 0x00000000f0d00000, 0x00000000f0e00000|  0%| F|  |TAMS 0x00000000f0d00000, 0x00000000f0d00000| Untracked 
| 458|0x00000000f0e00000, 0x00000000f0e00000, 0x00000000f0f00000|  0%| F|  |TAMS 0x00000000f0e00000, 0x00000000f0e00000| Untracked 
| 459|0x00000000f0f00000, 0x00000000f0f00000, 0x00000000f1000000|  0%| F|  |TAMS 0x00000000f0f00000, 0x00000000f0f00000| Untracked 
| 460|0x00000000f1000000, 0x00000000f1000000, 0x00000000f1100000|  0%| F|  |TAMS 0x00000000f1000000, 0x00000000f1000000| Untracked 
| 461|0x00000000f1100000, 0x00000000f1100000, 0x00000000f1200000|  0%| F|  |TAMS 0x00000000f1100000, 0x00000000f1100000| Untracked 
| 462|0x00000000f1200000, 0x00000000f1200000, 0x00000000f1300000|  0%| F|  |TAMS 0x00000000f1200000, 0x00000000f1200000| Untracked 
| 463|0x00000000f1300000, 0x00000000f1300000, 0x00000000f1400000|  0%| F|  |TAMS 0x00000000f1300000, 0x00000000f1300000| Untracked 
| 464|0x00000000f1400000, 0x00000000f1400000, 0x00000000f1500000|  0%| F|  |TAMS 0x00000000f1400000, 0x00000000f1400000| Untracked 
| 465|0x00000000f1500000, 0x00000000f1500000, 0x00000000f1600000|  0%| F|  |TAMS 0x00000000f1500000, 0x00000000f1500000| Untracked 
| 466|0x00000000f1600000, 0x00000000f1600000, 0x00000000f1700000|  0%| F|  |TAMS 0x00000000f1600000, 0x00000000f1600000| Untracked 
| 467|0x00000000f1700000, 0x00000000f1700000, 0x00000000f1800000|  0%| F|  |TAMS 0x00000000f1700000, 0x00000000f1700000| Untracked 
| 468|0x00000000f1800000, 0x00000000f1800000, 0x00000000f1900000|  0%| F|  |TAMS 0x00000000f1800000, 0x00000000f1800000| Untracked 
| 469|0x00000000f1900000, 0x00000000f1900000, 0x00000000f1a00000|  0%| F|  |TAMS 0x00000000f1900000, 0x00000000f1900000| Untracked 
| 470|0x00000000f1a00000, 0x00000000f1a00000, 0x00000000f1b00000|  0%| F|  |TAMS 0x00000000f1a00000, 0x00000000f1a00000| Untracked 
| 471|0x00000000f1b00000, 0x00000000f1b00000, 0x00000000f1c00000|  0%| F|  |TAMS 0x00000000f1b00000, 0x00000000f1b00000| Untracked 
| 472|0x00000000f1c00000, 0x00000000f1c00000, 0x00000000f1d00000|  0%| F|  |TAMS 0x00000000f1c00000, 0x00000000f1c00000| Untracked 
| 473|0x00000000f1d00000, 0x00000000f1d00000, 0x00000000f1e00000|  0%| F|  |TAMS 0x00000000f1d00000, 0x00000000f1d00000| Untracked 
| 474|0x00000000f1e00000, 0x00000000f1e00000, 0x00000000f1f00000|  0%| F|  |TAMS 0x00000000f1e00000, 0x00000000f1e00000| Untracked 
| 475|0x00000000f1f00000, 0x00000000f1f00000, 0x00000000f2000000|  0%| F|  |TAMS 0x00000000f1f00000, 0x00000000f1f00000| Untracked 
| 476|0x00000000f2000000, 0x00000000f2000000, 0x00000000f2100000|  0%| F|  |TAMS 0x00000000f2000000, 0x00000000f2000000| Untracked 
| 477|0x00000000f2100000, 0x00000000f2100000, 0x00000000f2200000|  0%| F|  |TAMS 0x00000000f2100000, 0x00000000f2100000| Untracked 
| 478|0x00000000f2200000, 0x00000000f2200000, 0x00000000f2300000|  0%| F|  |TAMS 0x00000000f2200000, 0x00000000f2200000| Untracked 
| 479|0x00000000f2300000, 0x00000000f2300000, 0x00000000f2400000|  0%| F|  |TAMS 0x00000000f2300000, 0x00000000f2300000| Untracked 
| 480|0x00000000f2400000, 0x00000000f2400000, 0x00000000f2500000|  0%| F|  |TAMS 0x00000000f2400000, 0x00000000f2400000| Untracked 
| 481|0x00000000f2500000, 0x00000000f2500000, 0x00000000f2600000|  0%| F|  |TAMS 0x00000000f2500000, 0x00000000f2500000| Untracked 
| 482|0x00000000f2600000, 0x00000000f2600000, 0x00000000f2700000|  0%| F|  |TAMS 0x00000000f2600000, 0x00000000f2600000| Untracked 
| 483|0x00000000f2700000, 0x00000000f2700000, 0x00000000f2800000|  0%| F|  |TAMS 0x00000000f2700000, 0x00000000f2700000| Untracked 
| 484|0x00000000f2800000, 0x00000000f2800000, 0x00000000f2900000|  0%| F|  |TAMS 0x00000000f2800000, 0x00000000f2800000| Untracked 
| 485|0x00000000f2900000, 0x00000000f2900000, 0x00000000f2a00000|  0%| F|  |TAMS 0x00000000f2900000, 0x00000000f2900000| Untracked 
| 486|0x00000000f2a00000, 0x00000000f2a00000, 0x00000000f2b00000|  0%| F|  |TAMS 0x00000000f2a00000, 0x00000000f2a00000| Untracked 
| 487|0x00000000f2b00000, 0x00000000f2b00000, 0x00000000f2c00000|  0%| F|  |TAMS 0x00000000f2b00000, 0x00000000f2b00000| Untracked 
| 488|0x00000000f2c00000, 0x00000000f2c00000, 0x00000000f2d00000|  0%| F|  |TAMS 0x00000000f2c00000, 0x00000000f2c00000| Untracked 
| 489|0x00000000f2d00000, 0x00000000f2d00000, 0x00000000f2e00000|  0%| F|  |TAMS 0x00000000f2d00000, 0x00000000f2d00000| Untracked 
| 490|0x00000000f2e00000, 0x00000000f2e00000, 0x00000000f2f00000|  0%| F|  |TAMS 0x00000000f2e00000, 0x00000000f2e00000| Untracked 
| 698|0x00000000ffe00000, 0x00000000ffe75000, 0x00000000fff00000| 45%|OA|  |TAMS 0x00000000ffe75000, 0x00000000ffe00000| Untracked 
| 699|0x00000000fff00000, 0x00000000fff78000, 0x0000000100000000| 46%|CA|  |TAMS 0x00000000fff78000, 0x00000000fff00000| Untracked 

Card table byte_map: [0x00007f37caab1000,0x00007f37cac0f000] _byte_map_base: 0x00007f37ca40f000

Marking Bits (Prev, Next): (CMBitMap*) 0x00007f37c404e930, (CMBitMap*) 0x00007f37c404e970
 Prev Bits: [0x00007f37c9e63000, 0x00007f37ca953000)
 Next Bits: [0x00007f37c9373000, 0x00007f37c9e63000)

Polling page: 0x00007f37ccb30000

Metaspace:

Usage:
  Non-class:     84.72 MB used.
      Class:     13.72 MB used.
       Both:     98.44 MB used.

Virtual space:
  Non-class space:      128.00 MB reserved,      85.19 MB ( 67%) committed,  2 nodes.
      Class space:      320.00 MB reserved,      14.12 MB (  4%) committed,  1 nodes.
             Both:      448.00 MB reserved,      99.31 MB ( 22%) committed. 

Chunk freelists:
   Non-Class:  9.92 MB
       Class:  1.78 MB
        Both:  11.70 MB

MaxMetaspaceSize: 384.00 MB
CompressedClassSpaceSize: 320.00 MB
Initial GC threshold: 21.00 MB
Current GC threshold: 165.56 MB
CDS: on
MetaspaceReclaimPolicy: balanced
 - commit_granule_bytes: 65536.
 - commit_granule_words: 8192.
 - virtual_space_node_default_size: 8388608.
 - enlarge_chunks_in_place: 1.
 - new_chunks_are_fully_committed: 0.
 - uncommit_free_chunks: 1.
 - use_allocation_guard: 0.
 - handle_deallocations: 1.


Internal statistics:

num_allocs_failed_limit: 6.
num_arena_births: 1302.
num_arena_deaths: 0.
num_vsnodes_births: 3.
num_vsnodes_deaths: 0.
num_space_committed: 1588.
num_space_uncommitted: 0.
num_chunks_returned_to_freelist: 6.
num_chunks_taken_from_freelist: 5767.
num_chunk_merges: 6.
num_chunk_splits: 3743.
num_chunks_enlarged: 2442.
num_inconsistent_stats: 0.

CodeHeap 'non-profiled nmethods': size=120036Kb used=6207Kb max_used=6207Kb free=113828Kb
 bounds [0x00007f37b4fd8000, 0x00007f37b55e8000, 0x00007f37bc511000]
CodeHeap 'profiled nmethods': size=120032Kb used=20779Kb max_used=20779Kb free=99253Kb
 bounds [0x00007f37ad511000, 0x00007f37ae961000, 0x00007f37b4a49000]
CodeHeap 'non-nmethods': size=5692Kb used=1767Kb max_used=1817Kb free=3924Kb
 bounds [0x00007f37b4a49000, 0x00007f37b4cb9000, 0x00007f37b4fd8000]
 total_blobs=12354 nmethods=11491 adapters=776
 compilation: enabled
              stopped_count=0, restarted_count=0
 full_count=0

Compilation events (20 events):
Event: 34.889 Thread 0x00007f37c40ab570 13631       2       com.android.tools.r8.internal.mo3::get (7 bytes)
Event: 34.889 Thread 0x00007f37c40ab570 nmethod 13631 0x00007f37ae956e10 code [0x00007f37ae956fa0, 0x00007f37ae9570d0]
Event: 34.899 Thread 0x00007f37c40ab570 13632       1       java.util.concurrent.ForkJoinTask$AdaptedCallable::getRawResult (5 bytes)
Event: 34.900 Thread 0x00007f37c40ab570 nmethod 13632 0x00007f37b55e7990 code [0x00007f37b55e7b20, 0x00007f37b55e7bf0]
Event: 34.900 Thread 0x00007f37c40ab570 13633       2       java.util.concurrent.ForkJoinTask::get (27 bytes)
Event: 34.960 Thread 0x00007f37c40ab570 nmethod 13633 0x00007f37ae957190 code [0x00007f37ae957340, 0x00007f37ae9574b0]
Event: 34.960 Thread 0x00007f37c40ab570 13634   !   2       java.util.concurrent.ForkJoinTask::awaitDone (656 bytes)
Event: 34.966 Thread 0x00007f37c40ab570 nmethod 13634 0x00007f37ae957590 code [0x00007f37ae957900, 0x00007f37ae958c90]
Event: 34.966 Thread 0x00007f37c40ab570 13638       3       java.util.concurrent.ForkJoinTask::get (27 bytes)
Event: 34.967 Thread 0x00007f37c40ab570 nmethod 13638 0x00007f37ae959a90 code [0x00007f37ae959c40, 0x00007f37ae959e30]
Event: 34.967 Thread 0x00007f37c40ab570 13635       2       java.util.concurrent.ForkJoinPool::externalQueue (38 bytes)
Event: 34.967 Thread 0x00007f37c40ab570 nmethod 13635 0x00007f37ae959f10 code [0x00007f37ae95a0c0, 0x00007f37ae95a250]
Event: 34.967 Thread 0x00007f37c40ab570 13636       2       com.android.tools.r8.internal.fg4$$Lambda$2149/0x00007f377ce35420::accept (5 bytes)
Event: 34.967 Thread 0x00007f37c40ab570 nmethod 13636 0x00007f37ae95a310 code [0x00007f37ae95a4a0, 0x00007f37ae95a590]
Event: 34.967 Thread 0x00007f37c40ab570 13637       2       com.android.tools.r8.internal.fg4::a (1 bytes)
Event: 34.967 Thread 0x00007f37c40ab570 nmethod 13637 0x00007f37ae95a610 code [0x00007f37ae95a7a0, 0x00007f37ae95a870]
Event: 35.080 Thread 0x00007f37c40ab570 13643       3       com.android.tools.r8.internal.jy2::<init> (89 bytes)
Event: 35.081 Thread 0x00007f37c40ab570 nmethod 13643 0x00007f37ae95a910 code [0x00007f37ae95ab40, 0x00007f37ae95b2e0]
Event: 35.087 Thread 0x00007f37c40ab570 13644       3       com.android.tools.r8.internal.pa1::a (45 bytes)
Event: 35.087 Thread 0x00007f37c40ab570 nmethod 13644 0x00007f37ae95b590 code [0x00007f37ae95b760, 0x00007f37ae95ba90]

GC Heap History (20 events):
Event: 31.372 GC heap after
{Heap after GC invocations=81 (full 0):
 garbage-first heap   total 203776K, used 135092K [0x00000000d4400000, 0x0000000100000000)
  region size 1024K, 6 young (6144K), 6 survivors (6144K)
 Metaspace       used 100766K, committed 101696K, reserved 458752K
  class space    used 14029K, committed 14464K, reserved 327680K
}
Event: 31.384 GC heap before
{Heap before GC invocations=81 (full 0):
 garbage-first heap   total 203776K, used 138164K [0x00000000d4400000, 0x0000000100000000)
  region size 1024K, 9 young (9216K), 6 survivors (6144K)
 Metaspace       used 100766K, committed 101696K, reserved 458752K
  class space    used 14029K, committed 14464K, reserved 327680K
}
Event: 31.400 GC heap after
{Heap after GC invocations=82 (full 0):
 garbage-first heap   total 409600K, used 136116K [0x00000000d4400000, 0x0000000100000000)
  region size 1024K, 1 young (1024K), 1 survivors (1024K)
 Metaspace       used 100766K, committed 101696K, reserved 458752K
  class space    used 14029K, committed 14464K, reserved 327680K
}
Event: 32.100 GC heap before
{Heap before GC invocations=82 (full 0):
 garbage-first heap   total 409600K, used 293812K [0x00000000d4400000, 0x0000000100000000)
  region size 1024K, 155 young (158720K), 1 survivors (1024K)
 Metaspace       used 100777K, committed 101696K, reserved 458752K
  class space    used 14037K, committed 14464K, reserved 327680K
}
Event: 32.206 GC heap after
{Heap after GC invocations=83 (full 0):
 garbage-first heap   total 409600K, used 183732K [0x00000000d4400000, 0x0000000100000000)
  region size 1024K, 20 young (20480K), 20 survivors (20480K)
 Metaspace       used 100777K, committed 101696K, reserved 458752K
  class space    used 14037K, committed 14464K, reserved 327680K
}
Event: 32.560 GC heap before
{Heap before GC invocations=83 (full 0):
 garbage-first heap   total 409600K, used 266676K [0x00000000d4400000, 0x0000000100000000)
  region size 1024K, 96 young (98304K), 20 survivors (20480K)
 Metaspace       used 100777K, committed 101696K, reserved 458752K
  class space    used 14037K, committed 14464K, reserved 327680K
}
Event: 32.605 GC heap after
{Heap after GC invocations=84 (full 0):
 garbage-first heap   total 409600K, used 215476K [0x00000000d4400000, 0x0000000100000000)
  region size 1024K, 12 young (12288K), 12 survivors (12288K)
 Metaspace       used 100777K, committed 101696K, reserved 458752K
  class space    used 14037K, committed 14464K, reserved 327680K
}
Event: 32.880 GC heap before
{Heap before GC invocations=84 (full 0):
 garbage-first heap   total 409600K, used 296372K [0x00000000d4400000, 0x0000000100000000)
  region size 1024K, 91 young (93184K), 12 survivors (12288K)
 Metaspace       used 100777K, committed 101696K, reserved 458752K
  class space    used 14037K, committed 14464K, reserved 327680K
}
Event: 32.986 GC heap after
{Heap after GC invocations=85 (full 0):
 garbage-first heap   total 409600K, used 244660K [0x00000000d4400000, 0x0000000100000000)
  region size 1024K, 12 young (12288K), 12 survivors (12288K)
 Metaspace       used 100777K, committed 101696K, reserved 458752K
  class space    used 14037K, committed 14464K, reserved 327680K
}
Event: 33.267 GC heap before
{Heap before GC invocations=85 (full 0):
 garbage-first heap   total 409600K, used 311220K [0x00000000d4400000, 0x0000000100000000)
  region size 1024K, 77 young (78848K), 12 survivors (12288K)
 Metaspace       used 100783K, committed 101696K, reserved 458752K
  class space    used 14044K, committed 14464K, reserved 327680K
}
Event: 33.309 GC heap after
{Heap after GC invocations=86 (full 0):
 garbage-first heap   total 504832K, used 268724K [0x00000000d4400000, 0x0000000100000000)
  region size 1024K, 10 young (10240K), 10 survivors (10240K)
 Metaspace       used 100783K, committed 101696K, reserved 458752K
  class space    used 14044K, committed 14464K, reserved 327680K
}
Event: 33.767 GC heap before
{Heap before GC invocations=86 (full 0):
 garbage-first heap   total 504832K, used 362932K [0x00000000d4400000, 0x0000000100000000)
  region size 1024K, 102 young (104448K), 10 survivors (10240K)
 Metaspace       used 100783K, committed 101696K, reserved 458752K
  class space    used 14044K, committed 14464K, reserved 327680K
}
Event: 33.796 GC heap after
{Heap after GC invocations=87 (full 0):
 garbage-first heap   total 504832K, used 298932K [0x00000000d4400000, 0x0000000100000000)
  region size 1024K, 13 young (13312K), 13 survivors (13312K)
 Metaspace       used 100783K, committed 101696K, reserved 458752K
  class space    used 14044K, committed 14464K, reserved 327680K
}
Event: 34.083 GC heap before
{Heap before GC invocations=87 (full 0):
 garbage-first heap   total 504832K, used 381876K [0x00000000d4400000, 0x0000000100000000)
  region size 1024K, 95 young (97280K), 13 survivors (13312K)
 Metaspace       used 100783K, committed 101696K, reserved 458752K
  class space    used 14044K, committed 14464K, reserved 327680K
}
Event: 34.167 GC heap after
{Heap after GC invocations=88 (full 0):
 garbage-first heap   total 504832K, used 321972K [0x00000000d4400000, 0x0000000100000000)
  region size 1024K, 12 young (12288K), 12 survivors (12288K)
 Metaspace       used 100783K, committed 101696K, reserved 458752K
  class space    used 14044K, committed 14464K, reserved 327680K
}
Event: 34.500 GC heap before
{Heap before GC invocations=89 (full 0):
 garbage-first heap   total 504832K, used 394676K [0x00000000d4400000, 0x0000000100000000)
  region size 1024K, 83 young (84992K), 12 survivors (12288K)
 Metaspace       used 100783K, committed 101696K, reserved 458752K
  class space    used 14044K, committed 14464K, reserved 327680K
}
Event: 34.588 GC heap after
{Heap after GC invocations=90 (full 0):
 garbage-first heap   total 504832K, used 340404K [0x00000000d4400000, 0x0000000100000000)
  region size 1024K, 11 young (11264K), 11 survivors (11264K)
 Metaspace       used 100783K, committed 101696K, reserved 458752K
  class space    used 14044K, committed 14464K, reserved 327680K
}
Event: 34.679 GC heap before
{Heap before GC invocations=90 (full 0):
 garbage-first heap   total 504832K, used 352692K [0x00000000d4400000, 0x0000000100000000)
  region size 1024K, 24 young (24576K), 11 survivors (11264K)
 Metaspace       used 100783K, committed 101696K, reserved 458752K
  class space    used 14044K, committed 14464K, reserved 327680K
}
Event: 34.769 GC heap after
{Heap after GC invocations=91 (full 0):
 garbage-first heap   total 504832K, used 342964K [0x00000000d4400000, 0x0000000100000000)
  region size 1024K, 3 young (3072K), 3 survivors (3072K)
 Metaspace       used 100783K, committed 101696K, reserved 458752K
  class space    used 14044K, committed 14464K, reserved 327680K
}
Event: 35.089 GC heap before
{Heap before GC invocations=91 (full 0):
 garbage-first heap   total 504832K, used 409524K [0x00000000d4400000, 0x0000000100000000)
  region size 1024K, 65 young (66560K), 3 survivors (3072K)
 Metaspace       used 100798K, committed 101696K, reserved 458752K
  class space    used 14045K, committed 14464K, reserved 327680K
}

Dll operation events (14 events):
Event: 0.003 Loaded shared library /usr/lib/jvm/java-17-openjdk-amd64/lib/libjava.so
Event: 0.020 Loaded shared library /usr/lib/jvm/java-17-openjdk-amd64/lib/libjsvml.so
Event: 0.099 Loaded shared library /usr/lib/jvm/java-17-openjdk-amd64/lib/libzip.so
Event: 0.100 Loaded shared library /usr/lib/jvm/java-17-openjdk-amd64/lib/libinstrument.so
Event: 0.101 Loaded shared library /usr/lib/jvm/java-17-openjdk-amd64/lib/libnio.so
Event: 0.103 Loaded shared library /usr/lib/jvm/java-17-openjdk-amd64/lib/libzip.so
Event: 0.292 Loaded shared library /usr/lib/jvm/java-17-openjdk-amd64/lib/libjimage.so
Event: 0.563 Loaded shared library /usr/lib/jvm/java-17-openjdk-amd64/lib/libverify.so
Event: 0.589 Loaded shared library /usr/lib/jvm/java-17-openjdk-amd64/lib/libnet.so
Event: 0.590 Loaded shared library /root/.gradle/native/660c5614fbf4a5f2a75b1949f50a0caf5cd603558e7d8a26e50b933a0cfb79d1/linux-amd64/libnative-platform.so
Event: 0.604 Loaded shared library /root/.gradle/native/0.2.8/x86_64-linux-gnu/libgradle-fileevents.so
Event: 1.806 Loaded shared library /usr/lib/jvm/java-17-openjdk-amd64/lib/libmanagement.so
Event: 1.807 Loaded shared library /usr/lib/jvm/java-17-openjdk-amd64/lib/libmanagement_ext.so
Event: 1.907 Loaded shared library /usr/lib/jvm/java-17-openjdk-amd64/lib/libextnet.so

Deoptimization events (20 events):
Event: 34.771 Thread 0x00007f37640abcc0 DEOPT PACKING pc=0x00007f37ae8162c9 sp=0x00007f379c9b4230
Event: 34.771 Thread 0x00007f37640abcc0 DEOPT UNPACKING pc=0x00007f37b4aa364f sp=0x00007f379c9b3738 mode 0
Event: 34.774 Thread 0x00007f37640abcc0 DEOPT PACKING pc=0x00007f37ae8162c9 sp=0x00007f379c9b4230
Event: 34.774 Thread 0x00007f37640abcc0 DEOPT UNPACKING pc=0x00007f37b4aa364f sp=0x00007f379c9b3738 mode 0
Event: 34.798 Thread 0x00007f37640ab100 DEOPT PACKING pc=0x00007f37ae8162c9 sp=0x00007f379cab5230
Event: 34.798 Thread 0x00007f37640ab100 DEOPT UNPACKING pc=0x00007f37b4aa364f sp=0x00007f379cab4738 mode 0
Event: 34.805 Thread 0x00007f37640abcc0 DEOPT PACKING pc=0x00007f37ae8162c9 sp=0x00007f379c9b4230
Event: 34.805 Thread 0x00007f37640abcc0 DEOPT UNPACKING pc=0x00007f37b4aa364f sp=0x00007f379c9b3738 mode 0
Event: 34.866 Thread 0x00007f37640abcc0 DEOPT PACKING pc=0x00007f37ae8162c9 sp=0x00007f379c9b4230
Event: 34.866 Thread 0x00007f37640abcc0 DEOPT UNPACKING pc=0x00007f37b4aa364f sp=0x00007f379c9b3738 mode 0
Event: 34.986 Thread 0x00007f37640abcc0 DEOPT PACKING pc=0x00007f37ae8162c9 sp=0x00007f379c9b4230
Event: 34.986 Thread 0x00007f37640abcc0 DEOPT UNPACKING pc=0x00007f37b4aa364f sp=0x00007f379c9b3738 mode 0
Event: 34.993 Thread 0x00007f37640ab100 DEOPT PACKING pc=0x00007f37ae8162c9 sp=0x00007f379cab5230
Event: 34.993 Thread 0x00007f37640ab100 DEOPT UNPACKING pc=0x00007f37b4aa364f sp=0x00007f379cab4738 mode 0
Event: 34.998 Thread 0x00007f37640abcc0 DEOPT PACKING pc=0x00007f37ae8162c9 sp=0x00007f379c9b4230
Event: 34.998 Thread 0x00007f37640abcc0 DEOPT UNPACKING pc=0x00007f37b4aa364f sp=0x00007f379c9b3738 mode 0
Event: 35.003 Thread 0x00007f37640ab100 DEOPT PACKING pc=0x00007f37ae8162c9 sp=0x00007f379cab5230
Event: 35.003 Thread 0x00007f37640ab100 DEOPT UNPACKING pc=0x00007f37b4aa364f sp=0x00007f379cab4738 mode 0
Event: 35.065 Thread 0x00007f37640abcc0 DEOPT PACKING pc=0x00007f37ae8162c9 sp=0x00007f379c9b4230
Event: 35.065 Thread 0x00007f37640abcc0 DEOPT UNPACKING pc=0x00007f37b4aa364f sp=0x00007f379c9b3738 mode 0

Classes loaded (20 events):
Event: 29.279 Loading class java/time/Instant$1
Event: 29.279 Loading class java/time/Instant$1 done
Event: 29.380 Loading class java/util/zip/ZipInputStream
Event: 29.381 Loading class java/util/zip/ZipInputStream done
Event: 29.389 Loading class java/util/function/BooleanSupplier
Event: 29.389 Loading class java/util/function/BooleanSupplier done
Event: 29.414 Loading class java/nio/file/FileTreeIterator
Event: 29.414 Loading class java/nio/file/FileTreeIterator done
Event: 29.485 Loading class java/util/zip/ZipOutputStream
Event: 29.485 Loading class java/util/zip/ZipOutputStream done
Event: 29.626 Loading class java/io/UTFDataFormatException
Event: 29.626 Loading class java/io/UTFDataFormatException done
Event: 29.702 Loading class java/util/stream/IntPipeline$1
Event: 29.702 Loading class java/util/stream/IntPipeline$1 done
Event: 29.703 Loading class java/util/stream/IntPipeline$1$1
Event: 29.703 Loading class java/util/stream/IntPipeline$1$1 done
Event: 30.068 Loading class java/util/concurrent/ForkJoinTask$AdaptedCallable
Event: 30.068 Loading class java/util/concurrent/ForkJoinTask$AdaptedCallable done
Event: 30.069 Loading class java/util/concurrent/ForkJoinPool$DefaultForkJoinWorkerThreadFactory$1
Event: 30.069 Loading class java/util/concurrent/ForkJoinPool$DefaultForkJoinWorkerThreadFactory$1 done

Classes unloaded (0 events):
No events

Classes redefined (0 events):
No events

Internal exceptions (20 events):
Event: 29.272 Thread 0x00007f379a5aa630 Exception <a 'java/lang/NoSuchMethodError'{0x00000000dcf68120}: static [Ljava/io/File;.<clinit>()V> (0x00000000dcf68120) 
thrown [./src/hotspot/share/prims/jni.cpp, line 1112]
Event: 29.302 Thread 0x00005561896b53f0 Exception <a 'sun/nio/fs/UnixException'{0x00000000dcd3d718}> (0x00000000dcd3d718) 
thrown [./src/hotspot/share/prims/jni.cpp, line 516]
Event: 29.396 Thread 0x00005561896b53f0 Exception <a 'java/lang/NoSuchMethodError'{0x00000000dc816670}: 'void java.lang.invoke.DirectMethodHandle$Holder.invokeSpecial(java.lang.Object, java.lang.Object, int)'> (0x00000000dc816670) 
thrown [./src/hotspot/share/interpreter/linkResolver.cpp, line 758]
Event: 29.399 Thread 0x00005561896b53f0 Exception <a 'sun/nio/fs/UnixException'{0x00000000dc83f240}> (0x00000000dc83f240) 
thrown [./src/hotspot/share/prims/jni.cpp, line 516]
Event: 29.399 Thread 0x00005561896b53f0 Exception <a 'sun/nio/fs/UnixException'{0x00000000dc83f2f8}> (0x00000000dc83f2f8) 
thrown [./src/hotspot/share/prims/jni.cpp, line 516]
Event: 29.399 Thread 0x00005561896b53f0 Exception <a 'sun/nio/fs/UnixException'{0x00000000dc83f3b0}> (0x00000000dc83f3b0) 
thrown [./src/hotspot/share/prims/jni.cpp, line 516]
Event: 29.399 Thread 0x00005561896b53f0 Exception <a 'sun/nio/fs/UnixException'{0x00000000dc83f468}> (0x00000000dc83f468) 
thrown [./src/hotspot/share/prims/jni.cpp, line 516]
Event: 29.399 Thread 0x00005561896b53f0 Exception <a 'sun/nio/fs/UnixException'{0x00000000dc83f520}> (0x00000000dc83f520) 
thrown [./src/hotspot/share/prims/jni.cpp, line 516]
Event: 29.399 Thread 0x00005561896b53f0 Exception <a 'sun/nio/fs/UnixException'{0x00000000dc83f5d8}> (0x00000000dc83f5d8) 
thrown [./src/hotspot/share/prims/jni.cpp, line 516]
Event: 29.400 Thread 0x00005561896b53f0 Exception <a 'sun/nio/fs/UnixException'{0x00000000dc83f920}> (0x00000000dc83f920) 
thrown [./src/hotspot/share/prims/jni.cpp, line 516]
Event: 29.860 Thread 0x00005561896b53f0 Exception <a 'java/lang/IncompatibleClassChangeError'{0x00000000ddb06780}: Found class java.lang.Object, but interface was expected> (0x00000000ddb06780) 
thrown [./src/hotspot/share/interpreter/linkResolver.cpp, line 826]
Event: 30.020 Thread 0x00005561896b53f0 Exception <a 'java/lang/NoSuchMethodError'{0x00000000dd2e08d8}: 'java.lang.Object java.lang.invoke.DirectMethodHandle$Holder.invokeStaticInit(java.lang.Object, java.lang.Object, java.lang.Object, java.lang.Object, java.lang.Object, java.lang.Object, java.lang.Object, java.lang.Object, java.lang.Object, java.lang.Object, java.lang.Object, java.lang.Object, java.lang.Object, java.lang.Object, java.lang.Object, java.lang.Object, java.lang.Object, java.lang.Object, java.lang.Object, java.lang.Object, int, java
Event: 30.059 Thread 0x00005561896b53f0 Exception <a 'java/lang/IncompatibleClassChangeError'{0x00000000dd2f9e20}: Found class java.lang.Object, but interface was expected> (0x00000000dd2f9e20) 
thrown [./src/hotspot/share/interpreter/linkResolver.cpp, line 826]
Event: 30.060 Thread 0x00005561896b53f0 Exception <a 'java/lang/IncompatibleClassChangeError'{0x00000000dd1054f8}: Found class java.lang.Object, but interface was expected> (0x00000000dd1054f8) 
thrown [./src/hotspot/share/interpreter/linkResolver.cpp, line 826]
Event: 30.070 Thread 0x00007f37640ab100 Implicit null exception at 0x00007f37b53b4a78 to 0x00007f37b53b5458
Event: 30.078 Thread 0x00007f37640abcc0 Implicit null exception at 0x00007f37b5220537 to 0x00007f37b5220710
Event: 30.092 Thread 0x00007f37640ab100 Exception <a 'java/lang/IncompatibleClassChangeError'{0x00000000dcf6c488}: Found class java.lang.Object, but interface was expected> (0x00000000dcf6c488) 
thrown [./src/hotspot/share/interpreter/linkResolver.cpp, line 826]
Event: 30.283 Thread 0x00007f37640abcc0 Exception <a 'java/lang/NoSuchMethodError'{0x00000000dc8562d8}: 'long java.lang.invoke.DirectMethodHandle$Holder.invokeStaticInit(java.lang.Object, java.lang.Object)'> (0x00000000dc8562d8) 
thrown [./src/hotspot/share/interpreter/linkResolver.cpp, line 758]
Event: 31.578 Thread 0x00005561896b53f0 Exception <a 'java/lang/NoSuchMethodError'{0x00000000ebd74578}: 'java.lang.Object java.lang.invoke.DirectMethodHandle$Holder.invokeStaticInit(java.lang.Object, java.lang.Object, java.lang.Object, java.lang.Object, java.lang.Object)'> (0x00000000ebd74578) 
thrown [./src/hotspot/share/interpreter/linkResolver.cpp, line 758]
Event: 34.485 Thread 0x00007f37640ab100 Implicit null exception at 0x00007f37b55b005a to 0x00007f37b55b0ddc

VM Operations (20 events):
Event: 32.605 Executing VM operation: G1CollectForAllocation done
Event: 32.880 Executing VM operation: G1CollectForAllocation
Event: 32.986 Executing VM operation: G1CollectForAllocation done
Event: 33.195 Executing VM operation: HandshakeAllThreads
Event: 33.195 Executing VM operation: HandshakeAllThreads done
Event: 33.259 Executing VM operation: G1CollectForAllocation
Event: 33.309 Executing VM operation: G1CollectForAllocation done
Event: 33.404 Executing VM operation: G1PauseRemark
Event: 33.467 Executing VM operation: G1PauseRemark done
Event: 33.766 Executing VM operation: G1CollectForAllocation
Event: 33.803 Executing VM operation: G1CollectForAllocation done
Event: 34.081 Executing VM operation: G1CollectForAllocation
Event: 34.175 Executing VM operation: G1CollectForAllocation done
Event: 34.390 Executing VM operation: G1PauseCleanup
Event: 34.390 Executing VM operation: G1PauseCleanup done
Event: 34.499 Executing VM operation: G1CollectForAllocation
Event: 34.588 Executing VM operation: G1CollectForAllocation done
Event: 34.679 Executing VM operation: G1CollectForAllocation
Event: 34.769 Executing VM operation: G1CollectForAllocation done
Event: 35.088 Executing VM operation: G1CollectForAllocation

Memory protections (20 events):
Event: 4.598 Protecting memory [0x00007f379dbfd000,0x00007f379dc01000] with protection modes 0
Event: 4.907 Protecting memory [0x00007f379dafc000,0x00007f379db00000] with protection modes 0
Event: 4.978 Protecting memory [0x00007f379d9fb000,0x00007f379d9ff000] with protection modes 0
Event: 7.172 Protecting memory [0x00007f379d8fa000,0x00007f379d8fe000] with protection modes 0
Event: 7.210 Protecting memory [0x00007f379d7f9000,0x00007f379d7fd000] with protection modes 0
Event: 7.296 Protecting memory [0x00007f379d6f8000,0x00007f379d6fc000] with protection modes 0
Event: 10.402 Protecting memory [0x00007f379d5f7000,0x00007f379d5fb000] with protection modes 0
Event: 10.492 Protecting memory [0x00007f379d4f6000,0x00007f379d4fa000] with protection modes 0
Event: 11.214 Protecting memory [0x00007f379d3f5000,0x00007f379d3f9000] with protection modes 0
Event: 14.696 Protecting memory [0x00007f379d2f4000,0x00007f379d2f8000] with protection modes 0
Event: 15.661 Protecting memory [0x00007f379cfbd000,0x00007f379cfc1000] with protection modes 0
Event: 23.463 Protecting memory [0x00007f379d1f3000,0x00007f379d1f7000] with protection modes 0
Event: 23.492 Protecting memory [0x00007f379d0f2000,0x00007f379d0f6000] with protection modes 0
Event: 24.476 Protecting memory [0x00007f379cebc000,0x00007f379cec0000] with protection modes 0
Event: 25.387 Protecting memory [0x00007f379cdbb000,0x00007f379cdbf000] with protection modes 0
Event: 25.713 Protecting memory [0x00007f379ccba000,0x00007f379ccbe000] with protection modes 0
Event: 25.905 Protecting memory [0x00007f379cbb9000,0x00007f379cbbd000] with protection modes 0
Event: 29.274 Protecting memory [0x00007f379cab8000,0x00007f379cabc000] with protection modes 0
Event: 30.069 Protecting memory [0x00007f379c9b7000,0x00007f379c9bb000] with protection modes 0
Event: 30.072 Protecting memory [0x00007f379c8b6000,0x00007f379c8ba000] with protection modes 0

Nmethod flushes (20 events):
Event: 25.994 Thread 0x00007f37c40ac9e0 flushing  nmethod 0x00007f37ae51f110
Event: 25.994 Thread 0x00007f37c40ac9e0 flushing  nmethod 0x00007f37ae524090
Event: 25.994 Thread 0x00007f37c40ac9e0 flushing  nmethod 0x00007f37ae55ab90
Event: 25.994 Thread 0x00007f37c40ac9e0 flushing  nmethod 0x00007f37ae55b390
Event: 25.994 Thread 0x00007f37c40ac9e0 flushing  nmethod 0x00007f37ae55cc90
Event: 25.994 Thread 0x00007f37c40ac9e0 flushing  nmethod 0x00007f37ae55e310
Event: 25.994 Thread 0x00007f37c40ac9e0 flushing  nmethod 0x00007f37ae562110
Event: 25.994 Thread 0x00007f37c40ac9e0 flushing  nmethod 0x00007f37ae56e690
Event: 25.994 Thread 0x00007f37c40ac9e0 flushing  nmethod 0x00007f37ae56eb10
Event: 25.995 Thread 0x00007f37c40ac9e0 flushing  nmethod 0x00007f37ae60f190
Event: 25.995 Thread 0x00007f37c40ac9e0 flushing  nmethod 0x00007f37ae618d90
Event: 25.995 Thread 0x00007f37c40ac9e0 flushing  nmethod 0x00007f37ae61b810
Event: 25.995 Thread 0x00007f37c40ac9e0 flushing  nmethod 0x00007f37ae623510
Event: 25.995 Thread 0x00007f37c40ac9e0 flushing  nmethod 0x00007f37ae627a90
Event: 25.995 Thread 0x00007f37c40ac9e0 flushing  nmethod 0x00007f37ae65be90
Event: 25.995 Thread 0x00007f37c40ac9e0 flushing  nmethod 0x00007f37ae6aa310
Event: 25.995 Thread 0x00007f37c40ac9e0 flushing  nmethod 0x00007f37ae6bc190
Event: 25.995 Thread 0x00007f37c40ac9e0 flushing  nmethod 0x00007f37ae6be890
Event: 25.996 Thread 0x00007f37c40ac9e0 flushing  nmethod 0x00007f37ae6d9190
Event: 33.199 Thread 0x00007f37c40ac9e0 flushing  nmethod 0x00007f37ad78f410

Events (20 events):
Event: 4.598 Thread 0x00007f376c00f580 Thread added: 0x00007f3798bc52b0
Event: 4.907 Thread 0x00007f376c00f580 Thread added: 0x00007f3798c54060
Event: 4.978 Thread 0x00007f376c00f580 Thread added: 0x00007f3798c74040
Event: 7.168 Thread 0x00007f376c00f580 Thread added: 0x00007f3798ecccd0
Event: 7.208 Thread 0x00007f376c00f580 Thread added: 0x00007f3798efa520
Event: 7.295 Thread 0x00007f376c00f580 Thread added: 0x00007f3798ee9ba0
Event: 10.393 Thread 0x00007f376c00f580 Thread added: 0x00007f37992644f0
Event: 10.486 Thread 0x00007f376c00f580 Thread added: 0x00007f37984d88a0
Event: 11.208 Thread 0x00007f376c00f580 Thread added: 0x00007f37984dada0
Event: 14.693 Thread 0x00007f376c00f580 Thread added: 0x00007f379980eae0
Event: 15.605 Thread 0x00007f376c00f580 Thread added: 0x00007f3799b90790
Event: 23.462 Thread 0x00007f376c00f580 Thread added: 0x00007f379a5aa630
Event: 23.492 Thread 0x00007f379a5aa630 Thread added: 0x000055618959c530
Event: 24.475 Thread 0x00007f379a5aa630 Thread added: 0x000055618960dd40
Event: 25.382 Thread 0x00007f379a5aa630 Thread added: 0x0000556189614ca0
Event: 25.710 Thread 0x00007f379a5aa630 Thread added: 0x000055618961e2c0
Event: 25.905 Thread 0x00007f379a5aa630 Thread added: 0x000055618961b4a0
Event: 29.274 Thread 0x00007f379a5aa630 Thread added: 0x00005561896b53f0
Event: 30.069 Thread 0x00005561896b53f0 Thread added: 0x00007f37640ab100
Event: 30.072 Thread 0x00005561896b53f0 Thread added: 0x00007f37640abcc0


Dynamic libraries:
d4400000-f2f00000 rw-p 00000000 00:00 0 
f8200000-ffe00000 ---p 00000000 00:00 0 
ffe00000-ffe75000 rw-p 00c7a000 00:25 13853                              /usr/lib/jvm/java-17-openjdk-amd64/lib/server/classes.jsa
ffe75000-fff00000 rw-p 00000000 00:00 0 
fff00000-fff78000 rw-p 00c02000 00:25 13853                              /usr/lib/jvm/java-17-openjdk-amd64/lib/server/classes.jsa
fff78000-100000000 rw-p 00000000 00:00 0 
556188e38000-556188e39000 r--p 00000000 00:25 13495                      /usr/lib/jvm/java-17-openjdk-amd64/bin/java
556188e39000-556188e3a000 r-xp 00001000 00:25 13495                      /usr/lib/jvm/java-17-openjdk-amd64/bin/java
556188e3a000-556188e3b000 r--p 00002000 00:25 13495                      /usr/lib/jvm/java-17-openjdk-amd64/bin/java
556188e3b000-556188e3c000 r--p 00002000 00:25 13495                      /usr/lib/jvm/java-17-openjdk-amd64/bin/java
556188e3c000-556188e3d000 rw-p 00003000 00:25 13495                      /usr/lib/jvm/java-17-openjdk-amd64/bin/java
556189548000-5561898df000 rw-p 00000000 00:00 0                          [heap]
7f3750000000-7f3750980000 rw-p 00000000 00:00 0 
7f3750980000-7f3750a00000 rw-p 00000000 00:00 0 
7f3750a00000-7f3750ec0000 rw-p 00000000 00:00 0 
7f3750ec0000-7f3751500000 rw-p 00000000 00:00 0 
7f3751500000-7f3751510000 rw-p 00000000 00:00 0 
7f3751510000-7f3751600000 ---p 00000000 00:00 0 
7f3751600000-7f3751620000 rw-p 00000000 00:00 0 
7f3751620000-7f3754000000 ---p 00000000 00:00 0 
7f3754000000-7f3754b71000 rw-p 00000000 00:00 0 
7f3754b71000-7f3758000000 ---p 00000000 00:00 0 
7f3758000000-7f3758047000 rw-p 00000000 00:00 0 
7f3758047000-7f375c000000 ---p 00000000 00:00 0 
7f375c000000-7f375c023000 rw-p 00000000 00:00 0 
7f375c023000-7f3760000000 ---p 00000000 00:00 0 
7f3760000000-7f3761ee3000 rw-p 00000000 00:00 0 
7f3761ee3000-7f3764000000 ---p 00000000 00:00 0 
7f3764000000-7f3764192000 rw-p 00000000 00:00 0 
7f3764192000-7f3768000000 ---p 00000000 00:00 0 
7f3768000000-7f3768021000 rw-p 00000000 00:00 0 
7f3768021000-7f376c000000 ---p 00000000 00:00 0 
7f376c000000-7f376c0a8000 rw-p 00000000 00:00 0 
7f376c0a8000-7f3770000000 ---p 00000000 00:00 0 
7f3770000000-7f377010b000 rw-p 00000000 00:00 0 
7f377010b000-7f3774000000 ---p 00000000 00:00 0 
7f3774000000-7f3774546000 rw-p 00000000 00:00 0 
7f3774546000-7f3778000000 ---p 00000000 00:00 0 
7f377b000000-7f377b455000 rw-p 00001000 00:25 13853                      /usr/lib/jvm/java-17-openjdk-amd64/lib/server/classes.jsa
7f377b455000-7f377bbca000 rw-p 00456000 00:25 13853                      /usr/lib/jvm/java-17-openjdk-amd64/lib/server/classes.jsa
7f377bbca000-7f377c000000 ---p 00000000 00:00 0 
7f377c000000-7f377c040000 rw-p 00000000 00:00 0 
7f377c040000-7f377c080000 rw-p 00000000 00:00 0 
7f377c080000-7f377c140000 rw-p 00000000 00:00 0 
7f377c140000-7f377c180000 rw-p 00000000 00:00 0 
7f377c180000-7f377c460000 rw-p 00000000 00:00 0 
7f377c460000-7f377c480000 rw-p 00000000 00:00 0 
7f377c480000-7f377c740000 rw-p 00000000 00:00 0 
7f377c740000-7f377c780000 rw-p 00000000 00:00 0 
7f377c780000-7f377c8e0000 rw-p 00000000 00:00 0 
7f377c8e0000-7f377cc60000 rw-p 00000000 00:00 0 
7f377cc60000-7f377cc80000 ---p 00000000 00:00 0 
7f377cc80000-7f377ce40000 rw-p 00000000 00:00 0 
7f377ce40000-7f3790000000 ---p 00000000 00:00 0 
7f3790000000-7f3790021000 rw-p 00000000 00:00 0 
7f3790021000-7f3794000000 ---p 00000000 00:00 0 
7f3794000000-7f3794400000 rw-p 00000000 00:00 0 
7f3794400000-7f3794900000 rw-p 00000000 00:00 0 
7f3794900000-7f37953e0000 rw-p 00000000 00:00 0 
7f37953e0000-7f3795400000 rw-p 00000000 00:00 0 
7f3795400000-7f3795700000 rw-p 00000000 00:00 0 
7f3795700000-7f3795800000 rw-p 00000000 00:00 0 
7f3795800000-7f3796100000 rw-p 00000000 00:00 0 
7f3796100000-7f3796200000 rw-p 00000000 00:00 0 
7f3796200000-7f3796f00000 rw-p 00000000 00:00 0 
7f3796f00000-7f3797000000 rw-p 00000000 00:00 0 
7f3797000000-7f3797300000 rw-p 00000000 00:00 0 
7f3797300000-7f3797400000 rw-p 00000000 00:00 0 
7f3797400000-7f3797580000 rw-p 00000000 00:00 0 
7f3797580000-7f3797600000 rw-p 00000000 00:00 0 
7f3797600000-7f3797b00000 rw-p 00000000 00:00 0 
7f3797b00000-7f3797c00000 rw-p 00000000 00:00 0 
7f3797c00000-7f3798000000 rw-p 00000000 00:00 0 
7f3798000000-7f379a5bf000 rw-p 00000000 00:00 0 
7f379a5bf000-7f379c000000 ---p 00000000 00:00 0 
7f379c8b5000-7f379c8b6000 ---p 00000000 00:00 0 
7f379c8b6000-7f379c8ba000 ---p 00000000 00:00 0 
7f379c8ba000-7f379c9b6000 rw-p 00000000 00:00 0 
7f379c9b6000-7f379c9b7000 ---p 00000000 00:00 0 
7f379c9b7000-7f379c9bb000 ---p 00000000 00:00 0 
7f379c9bb000-7f379cab7000 rw-p 00000000 00:00 0 
7f379cab7000-7f379cab8000 ---p 00000000 00:00 0 
7f379cab8000-7f379cabc000 ---p 00000000 00:00 0 
7f379cabc000-7f379cbb8000 rw-p 00000000 00:00 0 
7f379cbb8000-7f379cbb9000 ---p 00000000 00:00 0 
7f379cbb9000-7f379cbbd000 ---p 00000000 00:00 0 
7f379cbbd000-7f379ccb9000 rw-p 00000000 00:00 0 
7f379ccb9000-7f379ccba000 ---p 00000000 00:00 0 
7f379ccba000-7f379ccbe000 ---p 00000000 00:00 0 
7f379ccbe000-7f379cdba000 rw-p 00000000 00:00 0 
7f379cdba000-7f379cdbb000 ---p 00000000 00:00 0 
7f379cdbb000-7f379cdbf000 ---p 00000000 00:00 0 
7f379cdbf000-7f379cebb000 rw-p 00000000 00:00 0 
7f379cebb000-7f379cebc000 ---p 00000000 00:00 0 
7f379cebc000-7f379cec0000 ---p 00000000 00:00 0 
7f379cec0000-7f379cfbc000 rw-p 00000000 00:00 0 
7f379cfbc000-7f379cfbd000 ---p 00000000 00:00 0 
7f379cfbd000-7f379cfc1000 ---p 00000000 00:00 0 
7f379cfc1000-7f379d0bd000 rw-p 00000000 00:00 0 
7f379d0f1000-7f379d0f2000 ---p 00000000 00:00 0 
7f379d0f2000-7f379d0f6000 ---p 00000000 00:00 0 
7f379d0f6000-7f379d1f2000 rw-p 00000000 00:00 0 
7f379d1f2000-7f379d1f3000 ---p 00000000 00:00 0 
7f379d1f3000-7f379d1f7000 ---p 00000000 00:00 0 
7f379d1f7000-7f379d2f3000 rw-p 00000000 00:00 0 
7f379d2f3000-7f379d2f4000 ---p 00000000 00:00 0 
7f379d2f4000-7f379d2f8000 ---p 00000000 00:00 0 
7f379d2f8000-7f379d3f4000 rw-p 00000000 00:00 0 
7f379d3f4000-7f379d3f5000 ---p 00000000 00:00 0 
7f379d3f5000-7f379d3f9000 ---p 00000000 00:00 0 
7f379d3f9000-7f379d4f5000 rw-p 00000000 00:00 0 
7f379d4f5000-7f379d4f6000 ---p 00000000 00:00 0 
7f379d4f6000-7f379d4fa000 ---p 00000000 00:00 0 
7f379d4fa000-7f379d5f6000 rw-p 00000000 00:00 0 
7f379d5f6000-7f379d5f7000 ---p 00000000 00:00 0 
7f379d5f7000-7f379d5fb000 ---p 00000000 00:00 0 
7f379d5fb000-7f379d6f7000 rw-p 00000000 00:00 0 
7f379d6f7000-7f379d6f8000 ---p 00000000 00:00 0 
7f379d6f8000-7f379d6fc000 ---p 00000000 00:00 0 
7f379d6fc000-7f379d7f8000 rw-p 00000000 00:00 0 
7f379d7f8000-7f379d7f9000 ---p 00000000 00:00 0 
7f379d7f9000-7f379d7fd000 ---p 00000000 00:00 0 
7f379d7fd000-7f379d8f9000 rw-p 00000000 00:00 0 
7f379d8f9000-7f379d8fa000 ---p 00000000 00:00 0 
7f379d8fa000-7f379d8fe000 ---p 00000000 00:00 0 
7f379d8fe000-7f379d9fa000 rw-p 00000000 00:00 0 
7f379d9fa000-7f379d9fb000 ---p 00000000 00:00 0 
7f379d9fb000-7f379d9ff000 ---p 00000000 00:00 0 
7f379d9ff000-7f379dafb000 rw-p 00000000 00:00 0 
7f379dafb000-7f379dafc000 ---p 00000000 00:00 0 
7f379dafc000-7f379db00000 ---p 00000000 00:00 0 
7f379db00000-7f379dbfc000 rw-p 00000000 00:00 0 
7f379dbfc000-7f379dbfd000 ---p 00000000 00:00 0 
7f379dbfd000-7f379dc01000 ---p 00000000 00:00 0 
7f379dc01000-7f379dcfd000 rw-p 00000000 00:00 0 
7f379dcfd000-7f379dcfe000 ---p 00000000 00:00 0 
7f379dcfe000-7f379dd02000 ---p 00000000 00:00 0 
7f379dd02000-7f379ddfe000 rw-p 00000000 00:00 0 
7f379ddfe000-7f379ddff000 ---p 00000000 00:00 0 
7f379ddff000-7f379de03000 ---p 00000000 00:00 0 
7f379de03000-7f379deff000 rw-p 00000000 00:00 0 
7f379deff000-7f379df00000 ---p 00000000 00:00 0 
7f379df00000-7f379df04000 ---p 00000000 00:00 0 
7f379df04000-7f37a0000000 rw-p 00000000 00:00 0 
7f37a0000000-7f37a0021000 rw-p 00000000 00:00 0 
7f37a0021000-7f37a4000000 ---p 00000000 00:00 0 
7f37a4000000-7f37a409e000 rw-p 00000000 00:00 0 
7f37a409e000-7f37a8000000 ---p 00000000 00:00 0 
7f37a8000000-7f37a8075000 rw-p 00000000 00:00 0 
7f37a8075000-7f37ac000000 ---p 00000000 00:00 0 
7f37ac0f3000-7f37ac0f4000 ---p 00000000 00:00 0 
7f37ac0f4000-7f37ac0f8000 ---p 00000000 00:00 0 
7f37ac0f8000-7f37ac1f4000 rw-p 00000000 00:00 0 
7f37ac1f4000-7f37ac1f5000 ---p 00000000 00:00 0 
7f37ac1f5000-7f37ac1f9000 ---p 00000000 00:00 0 
7f37ac1f9000-7f37ac2f5000 rw-p 00000000 00:00 0 
7f37ac2f5000-7f37ac2f6000 ---p 00000000 00:00 0 
7f37ac2f6000-7f37ac2fa000 ---p 00000000 00:00 0 
7f37ac2fa000-7f37ac3f6000 rw-p 00000000 00:00 0 
7f37ac3f6000-7f37ac3f7000 ---p 00000000 00:00 0 
7f37ac3f7000-7f37ac3fb000 ---p 00000000 00:00 0 
7f37ac3fb000-7f37ac4f7000 rw-p 00000000 00:00 0 
7f37ac4f7000-7f37ac4f8000 ---p 00000000 00:00 0 
7f37ac4f8000-7f37ac4fc000 ---p 00000000 00:00 0 
7f37ac4fc000-7f37ac5f8000 rw-p 00000000 00:00 0 
7f37ac5f8000-7f37ac5f9000 ---p 00000000 00:00 0 
7f37ac5f9000-7f37ac5fd000 ---p 00000000 00:00 0 
7f37ac5fd000-7f37ac6f9000 rw-p 00000000 00:00 0 
7f37ac6f9000-7f37ac6fa000 ---p 00000000 00:00 0 
7f37ac6fa000-7f37ac6fe000 ---p 00000000 00:00 0 
7f37ac6fe000-7f37ac7fa000 rw-p 00000000 00:00 0 
7f37ac7fa000-7f37ac7fb000 ---p 00000000 00:00 0 
7f37ac7fb000-7f37ac7ff000 ---p 00000000 00:00 0 
7f37ac7ff000-7f37ac8fb000 rw-p 00000000 00:00 0 
7f37ac8fb000-7f37ac8fc000 ---p 00000000 00:00 0 
7f37ac8fc000-7f37ac900000 ---p 00000000 00:00 0 
7f37ac900000-7f37ac9fc000 rw-p 00000000 00:00 0 
7f37ac9fc000-7f37ac9fd000 ---p 00000000 00:00 0 
7f37ac9fd000-7f37aca01000 ---p 00000000 00:00 0 
7f37aca01000-7f37acafd000 rw-p 00000000 00:00 0 
7f37acafd000-7f37acafe000 ---p 00000000 00:00 0 
7f37acafe000-7f37acb02000 ---p 00000000 00:00 0 
7f37acb02000-7f37acbfe000 rw-p 00000000 00:00 0 
7f37acbfe000-7f37acbff000 ---p 00000000 00:00 0 
7f37acbff000-7f37acc03000 ---p 00000000 00:00 0 
7f37acc03000-7f37accff000 rw-p 00000000 00:00 0 
7f37accff000-7f37acd00000 ---p 00000000 00:00 0 
7f37acd00000-7f37acd04000 ---p 00000000 00:00 0 
7f37acd04000-7f37ace00000 rw-p 00000000 00:00 0 
7f37ace00000-7f37ace05000 r-xp 00000000 fe:00 403454                     /root/.gradle/native/660c5614fbf4a5f2a75b1949f50a0caf5cd603558e7d8a26e50b933a0cfb79d1/linux-amd64/libnative-platform.so
7f37ace05000-7f37ad005000 ---p 00005000 fe:00 403454                     /root/.gradle/native/660c5614fbf4a5f2a75b1949f50a0caf5cd603558e7d8a26e50b933a0cfb79d1/linux-amd64/libnative-platform.so
7f37ad005000-7f37ad006000 r--p 00005000 fe:00 403454                     /root/.gradle/native/660c5614fbf4a5f2a75b1949f50a0caf5cd603558e7d8a26e50b933a0cfb79d1/linux-amd64/libnative-platform.so
7f37ad006000-7f37ad007000 rw-p 00006000 fe:00 403454                     /root/.gradle/native/660c5614fbf4a5f2a75b1949f50a0caf5cd603558e7d8a26e50b933a0cfb79d1/linux-amd64/libnative-platform.so
7f37ad00c000-7f37ad00d000 ---p 00000000 00:00 0 
7f37ad00d000-7f37ad10d000 rw-p 00000000 00:00 0 
7f37ad10d000-7f37ad10e000 ---p 00000000 00:00 0 
7f37ad10e000-7f37ad20e000 rw-p 00000000 00:00 0 
7f37ad20e000-7f37ad20f000 ---p 00000000 00:00 0 
7f37ad20f000-7f37ad30f000 rw-p 00000000 00:00 0 
7f37ad30f000-7f37ad310000 ---p 00000000 00:00 0 
7f37ad310000-7f37ad314000 ---p 00000000 00:00 0 
7f37ad314000-7f37ad410000 rw-p 00000000 00:00 0 
7f37ad410000-7f37ad411000 ---p 00000000 00:00 0 
7f37ad411000-7f37ad415000 ---p 00000000 00:00 0 
7f37ad415000-7f37ad511000 rw-p 00000000 00:00 0 
7f37ad511000-7f37ae961000 rwxp 00000000 00:00 0 
7f37ae961000-7f37b4a49000 ---p 00000000 00:00 0 
7f37b4a49000-7f37b4cb9000 rwxp 00000000 00:00 0 
7f37b4cb9000-7f37b4fd8000 ---p 00000000 00:00 0 
7f37b4fd8000-7f37b55e8000 rwxp 00000000 00:00 0 
7f37b55e8000-7f37bc511000 ---p 00000000 00:00 0 
7f37bc511000-7f37c4000000 r--s 00000000 00:25 13844                      /usr/lib/jvm/java-17-openjdk-amd64/lib/modules
7f37c4000000-7f37c53b4000 rw-p 00000000 00:00 0 
7f37c53b4000-7f37c8000000 ---p 00000000 00:00 0 
7f37c8000000-7f37c8001000 r--p 00000000 00:25 13813                      /usr/lib/jvm/java-17-openjdk-amd64/lib/libextnet.so
7f37c8001000-7f37c8002000 r-xp 00001000 00:25 13813                      /usr/lib/jvm/java-17-openjdk-amd64/lib/libextnet.so
7f37c8002000-7f37c8003000 r--p 00002000 00:25 13813                      /usr/lib/jvm/java-17-openjdk-amd64/lib/libextnet.so
7f37c8003000-7f37c8004000 r--p 00002000 00:25 13813                      /usr/lib/jvm/java-17-openjdk-amd64/lib/libextnet.so
7f37c8004000-7f37c8005000 rw-p 00003000 00:25 13813                      /usr/lib/jvm/java-17-openjdk-amd64/lib/libextnet.so
7f37c8005000-7f37c8007000 r--p 00000000 00:25 13832                      /usr/lib/jvm/java-17-openjdk-amd64/lib/libmanagement_ext.so
7f37c8007000-7f37c800a000 r-xp 00002000 00:25 13832                      /usr/lib/jvm/java-17-openjdk-amd64/lib/libmanagement_ext.so
7f37c800a000-7f37c800b000 r--p 00005000 00:25 13832                      /usr/lib/jvm/java-17-openjdk-amd64/lib/libmanagement_ext.so
7f37c800b000-7f37c800c000 r--p 00006000 00:25 13832                      /usr/lib/jvm/java-17-openjdk-amd64/lib/libmanagement_ext.so
7f37c800c000-7f37c800d000 rw-p 00007000 00:25 13832                      /usr/lib/jvm/java-17-openjdk-amd64/lib/libmanagement_ext.so
7f37c800d000-7f37c800e000 r--p 00000000 00:25 17909                      /usr/lib/x86_64-linux-gnu/libdl.so.2
7f37c800e000-7f37c800f000 r-xp 00001000 00:25 17909                      /usr/lib/x86_64-linux-gnu/libdl.so.2
7f37c800f000-7f37c8010000 r--p 00002000 00:25 17909                      /usr/lib/x86_64-linux-gnu/libdl.so.2
7f37c8010000-7f37c8011000 r--p 00002000 00:25 17909                      /usr/lib/x86_64-linux-gnu/libdl.so.2
7f37c8011000-7f37c8012000 rw-p 00003000 00:25 17909                      /usr/lib/x86_64-linux-gnu/libdl.so.2
7f37c8012000-7f37c8013000 r--p 00000000 00:25 18162                      /usr/lib/x86_64-linux-gnu/libpthread.so.0
7f37c8013000-7f37c8014000 r-xp 00001000 00:25 18162                      /usr/lib/x86_64-linux-gnu/libpthread.so.0
7f37c8014000-7f37c8015000 r--p 00002000 00:25 18162                      /usr/lib/x86_64-linux-gnu/libpthread.so.0
7f37c8015000-7f37c8016000 r--p 00002000 00:25 18162                      /usr/lib/x86_64-linux-gnu/libpthread.so.0
7f37c8016000-7f37c8017000 rw-p 00003000 00:25 18162                      /usr/lib/x86_64-linux-gnu/libpthread.so.0
7f37c8017000-7f37c8053000 r--p 00000000 fe:00 403481                     /root/.gradle/native/0.2.8/x86_64-linux-gnu/libgradle-fileevents.so
7f37c8053000-7f37c809b000 r-xp 0003b000 fe:00 403481                     /root/.gradle/native/0.2.8/x86_64-linux-gnu/libgradle-fileevents.so
7f37c809b000-7f37c80a4000 r--p 00082000 fe:00 403481                     /root/.gradle/native/0.2.8/x86_64-linux-gnu/libgradle-fileevents.so
7f37c80a4000-7f37c80a5000 rw-p 0008a000 fe:00 403481                     /root/.gradle/native/0.2.8/x86_64-linux-gnu/libgradle-fileevents.so
7f37c80a5000-7f37c80a7000 rw-p 00000000 00:00 0 
7f37c80a7000-7f37c80ab000 r--p 00000000 00:25 13842                      /usr/lib/jvm/java-17-openjdk-amd64/lib/libverify.so
7f37c80ab000-7f37c80b2000 r-xp 00004000 00:25 13842                      /usr/lib/jvm/java-17-openjdk-amd64/lib/libverify.so
7f37c80b2000-7f37c80b4000 r--p 0000b000 00:25 13842                      /usr/lib/jvm/java-17-openjdk-amd64/lib/libverify.so
7f37c80b4000-7f37c80b6000 r--p 0000c000 00:25 13842                      /usr/lib/jvm/java-17-openjdk-amd64/lib/libverify.so
7f37c80b6000-7f37c80b7000 rw-p 0000e000 00:25 13842                      /usr/lib/jvm/java-17-openjdk-amd64/lib/libverify.so
7f37c80b7000-7f37c80bb000 r--p 00000000 00:25 13834                      /usr/lib/jvm/java-17-openjdk-amd64/lib/libnet.so
7f37c80bb000-7f37c80c9000 r-xp 00004000 00:25 13834                      /usr/lib/jvm/java-17-openjdk-amd64/lib/libnet.so
7f37c80c9000-7f37c80cd000 r--p 00012000 00:25 13834                      /usr/lib/jvm/java-17-openjdk-amd64/lib/libnet.so
7f37c80cd000-7f37c80ce000 r--p 00015000 00:25 13834                      /usr/lib/jvm/java-17-openjdk-amd64/lib/libnet.so
7f37c80ce000-7f37c80cf000 rw-p 00016000 00:25 13834                      /usr/lib/jvm/java-17-openjdk-amd64/lib/libnet.so
7f37c80cf000-7f37c80d0000 ---p 00000000 00:00 0 
7f37c80d0000-7f37c80d4000 ---p 00000000 00:00 0 
7f37c80d4000-7f37c81d0000 rw-p 00000000 00:00 0 
7f37c81d0000-7f37c81d1000 ---p 00000000 00:00 0 
7f37c81d1000-7f37c81d5000 ---p 00000000 00:00 0 
7f37c81d5000-7f37c82d1000 rw-p 00000000 00:00 0 
7f37c82d1000-7f37c82d2000 ---p 00000000 00:00 0 
7f37c82d2000-7f37c82d6000 ---p 00000000 00:00 0 
7f37c82d6000-7f37c83d2000 rw-p 00000000 00:00 0 
7f37c83d2000-7f37c83d3000 ---p 00000000 00:00 0 
7f37c83d3000-7f37c83d7000 ---p 00000000 00:00 0 
7f37c83d7000-7f37c84d3000 rw-p 00000000 00:00 0 
7f37c84d3000-7f37c84d4000 ---p 00000000 00:00 0 
7f37c84d4000-7f37c84d8000 ---p 00000000 00:00 0 
7f37c84d8000-7f37c85d4000 rw-p 00000000 00:00 0 
7f37c85d4000-7f37c85d5000 ---p 00000000 00:00 0 
7f37c85d5000-7f37c85d9000 ---p 00000000 00:00 0 
7f37c85d9000-7f37c86d5000 rw-p 00000000 00:00 0 
7f37c86d5000-7f37c872c000 r--p 00000000 00:25 13893                      /usr/lib/locale/C.utf8/LC_CTYPE
7f37c872c000-7f37c872d000 ---p 00000000 00:00 0 
7f37c872d000-7f37c8731000 ---p 00000000 00:00 0 
7f37c8731000-7f37c882d000 rw-p 00000000 00:00 0 
7f37c882d000-7f37c882e000 ---p 00000000 00:00 0 
7f37c882e000-7f37c8832000 ---p 00000000 00:00 0 
7f37c8832000-7f37c892e000 rw-p 00000000 00:00 0 
7f37c892e000-7f37c892f000 ---p 00000000 00:00 0 
7f37c892f000-7f37c8a2f000 rw-p 00000000 00:00 0 
7f37c8a2f000-7f37c8a34000 r--p 00000000 00:25 13828                      /usr/lib/jvm/java-17-openjdk-amd64/lib/libjsvml.so
7f37c8a34000-7f37c8a75000 r-xp 00005000 00:25 13828                      /usr/lib/jvm/java-17-openjdk-amd64/lib/libjsvml.so
7f37c8a75000-7f37c8afe000 r--p 00046000 00:25 13828                      /usr/lib/jvm/java-17-openjdk-amd64/lib/libjsvml.so
7f37c8afe000-7f37c8aff000 r--p 000ce000 00:25 13828                      /usr/lib/jvm/java-17-openjdk-amd64/lib/libjsvml.so
7f37c8aff000-7f37c8b00000 rw-p 000cf000 00:25 13828                      /usr/lib/jvm/java-17-openjdk-amd64/lib/libjsvml.so
7f37c8b00000-7f37c8c1d000 rw-p 00000000 00:00 0 
7f37c8c20000-7f37c8c22000 r--p 00000000 00:25 13830                      /usr/lib/jvm/java-17-openjdk-amd64/lib/libmanagement.so
7f37c8c22000-7f37c8c23000 r-xp 00002000 00:25 13830                      /usr/lib/jvm/java-17-openjdk-amd64/lib/libmanagement.so
7f37c8c23000-7f37c8c24000 r--p 00003000 00:25 13830                      /usr/lib/jvm/java-17-openjdk-amd64/lib/libmanagement.so
7f37c8c24000-7f37c8c25000 r--p 00003000 00:25 13830                      /usr/lib/jvm/java-17-openjdk-amd64/lib/libmanagement.so
7f37c8c25000-7f37c8c26000 rw-p 00004000 00:25 13830                      /usr/lib/jvm/java-17-openjdk-amd64/lib/libmanagement.so
7f37c8c26000-7f37c8c2d000 r--p 00000000 00:25 13835                      /usr/lib/jvm/java-17-openjdk-amd64/lib/libnio.so
7f37c8c2d000-7f37c8c36000 r-xp 00007000 00:25 13835                      /usr/lib/jvm/java-17-openjdk-amd64/lib/libnio.so
7f37c8c36000-7f37c8c3a000 r--p 00010000 00:25 13835                      /usr/lib/jvm/java-17-openjdk-amd64/lib/libnio.so
7f37c8c3a000-7f37c8c3b000 r--p 00014000 00:25 13835                      /usr/lib/jvm/java-17-openjdk-amd64/lib/libnio.so
7f37c8c3b000-7f37c8c3c000 rw-p 00015000 00:25 13835                      /usr/lib/jvm/java-17-openjdk-amd64/lib/libnio.so
7f37c8c3c000-7f37c8c3e000 r--p 00000000 00:25 13843                      /usr/lib/jvm/java-17-openjdk-amd64/lib/libzip.so
7f37c8c3e000-7f37c8c42000 r-xp 00002000 00:25 13843                      /usr/lib/jvm/java-17-openjdk-amd64/lib/libzip.so
7f37c8c42000-7f37c8c44000 r--p 00006000 00:25 13843                      /usr/lib/jvm/java-17-openjdk-amd64/lib/libzip.so
7f37c8c44000-7f37c8c45000 r--p 00007000 00:25 13843                      /usr/lib/jvm/java-17-openjdk-amd64/lib/libzip.so
7f37c8c45000-7f37c8c46000 rw-p 00008000 00:25 13843                      /usr/lib/jvm/java-17-openjdk-amd64/lib/libzip.so
7f37c8c46000-7f37c8c47000 r--p 00000000 00:25 13899                      /usr/lib/locale/C.utf8/LC_NUMERIC
7f37c8c47000-7f37c8c48000 r--p 00000000 00:25 13902                      /usr/lib/locale/C.utf8/LC_TIME
7f37c8c48000-7f37c8c49000 r--p 00000000 00:25 13892                      /usr/lib/locale/C.utf8/LC_COLLATE
7f37c8c49000-7f37c8c4a000 r--p 00000000 00:25 13897                      /usr/lib/locale/C.utf8/LC_MONETARY
7f37c8c4a000-7f37c8c4b000 r--p 00000000 00:25 13896                      /usr/lib/locale/C.utf8/LC_MESSAGES/SYS_LC_MESSAGES
7f37c8c4b000-7f37c8c4c000 r--p 00000000 00:25 13900                      /usr/lib/locale/C.utf8/LC_PAPER
7f37c8c4c000-7f37c8c4d000 r--p 00000000 00:25 13898                      /usr/lib/locale/C.utf8/LC_NAME
7f37c8c4d000-7f37c8c54000 r--s 00000000 00:25 17585                      /usr/lib/x86_64-linux-gnu/gconv/gconv-modules.cache
7f37c8c54000-7f37c8c55000 ---p 00000000 00:00 0 
7f37c8c55000-7f37c8d55000 rw-p 00000000 00:00 0 
7f37c8d55000-7f37c8d56000 ---p 00000000 00:00 0 
7f37c8d56000-7f37c9058000 rw-p 00000000 00:00 0 
7f37c9058000-7f37c9059000 ---p 00000000 00:00 0 
7f37c9059000-7f37c9159000 rw-p 00000000 00:00 0 
7f37c9159000-7f37c915a000 ---p 00000000 00:00 0 
7f37c915a000-7f37c925a000 rw-p 00000000 00:00 0 
7f37c925a000-7f37c925b000 ---p 00000000 00:00 0 
7f37c925b000-7f37c9b1f000 rw-p 00000000 00:00 0 
7f37c9b1f000-7f37c9e5b000 ---p 00000000 00:00 0 
7f37c9e5b000-7f37ca60f000 rw-p 00000000 00:00 0 
7f37ca60f000-7f37ca94b000 ---p 00000000 00:00 0 
7f37ca94b000-7f37caa49000 rw-p 00000000 00:00 0 
7f37caa49000-7f37caab0000 ---p 00000000 00:00 0 
7f37caab0000-7f37caba7000 rw-p 00000000 00:00 0 
7f37caba7000-7f37cac0e000 ---p 00000000 00:00 0 
7f37cac0e000-7f37cad05000 rw-p 00000000 00:00 0 
7f37cad05000-7f37cad6c000 ---p 00000000 00:00 0 
7f37cad6c000-7f37caf7c000 rw-p 00000000 00:00 0 
7f37caf7c000-7f37cb05a000 ---p 00000000 00:00 0 
7f37cb05a000-7f37cb083000 rw-p 00000000 00:00 0 
7f37cb083000-7f37cb145000 ---p 00000000 00:00 0 
7f37cb145000-7f37cb14a000 rw-p 00000000 00:00 0 
7f37cb14a000-7f37cb151000 ---p 00000000 00:00 0 
7f37cb151000-7f37cb159000 rw-s 00000000 fe:00 408947                     /tmp/hsperfdata_root/4281
7f37cb159000-7f37cb165000 r--p 00000000 00:25 13820                      /usr/lib/jvm/java-17-openjdk-amd64/lib/libjava.so
7f37cb165000-7f37cb176000 r-xp 0000c000 00:25 13820                      /usr/lib/jvm/java-17-openjdk-amd64/lib/libjava.so
7f37cb176000-7f37cb17c000 r--p 0001d000 00:25 13820                      /usr/lib/jvm/java-17-openjdk-amd64/lib/libjava.so
7f37cb17c000-7f37cb17d000 r--p 00022000 00:25 13820                      /usr/lib/jvm/java-17-openjdk-amd64/lib/libjava.so
7f37cb17d000-7f37cb17e000 rw-p 00023000 00:25 13820                      /usr/lib/jvm/java-17-openjdk-amd64/lib/libjava.so
7f37cb17e000-7f37cb17f000 rw-p 00000000 00:00 0 
7f37cb17f000-7f37cb180000 r--p 00000000 00:25 13815                      /usr/lib/jvm/java-17-openjdk-amd64/lib/libinstrument.so
7f37cb180000-7f37cb186000 r-xp 00001000 00:25 13815                      /usr/lib/jvm/java-17-openjdk-amd64/lib/libinstrument.so
7f37cb186000-7f37cb189000 r--p 00007000 00:25 13815                      /usr/lib/jvm/java-17-openjdk-amd64/lib/libinstrument.so
7f37cb189000-7f37cb18a000 r--p 00009000 00:25 13815                      /usr/lib/jvm/java-17-openjdk-amd64/lib/libinstrument.so
7f37cb18a000-7f37cb18b000 rw-p 0000a000 00:25 13815                      /usr/lib/jvm/java-17-openjdk-amd64/lib/libinstrument.so
7f37cb18b000-7f37cb18d000 r--p 00000000 00:25 13824                      /usr/lib/jvm/java-17-openjdk-amd64/lib/libjimage.so
7f37cb18d000-7f37cb190000 r-xp 00002000 00:25 13824                      /usr/lib/jvm/java-17-openjdk-amd64/lib/libjimage.so
7f37cb190000-7f37cb191000 r--p 00005000 00:25 13824                      /usr/lib/jvm/java-17-openjdk-amd64/lib/libjimage.so
7f37cb191000-7f37cb192000 r--p 00006000 00:25 13824                      /usr/lib/jvm/java-17-openjdk-amd64/lib/libjimage.so
7f37cb192000-7f37cb193000 rw-p 00007000 00:25 13824                      /usr/lib/jvm/java-17-openjdk-amd64/lib/libjimage.so
7f37cb193000-7f37cb197000 ---p 00000000 00:00 0 
7f37cb197000-7f37cb293000 rw-p 00000000 00:00 0 
7f37cb293000-7f37cb296000 r--p 00000000 00:25 17971                      /usr/lib/x86_64-linux-gnu/libgcc_s.so.1
7f37cb296000-7f37cb2ad000 r-xp 00003000 00:25 17971                      /usr/lib/x86_64-linux-gnu/libgcc_s.so.1
7f37cb2ad000-7f37cb2b1000 r--p 0001a000 00:25 17971                      /usr/lib/x86_64-linux-gnu/libgcc_s.so.1
7f37cb2b1000-7f37cb2b2000 r--p 0001d000 00:25 17971                      /usr/lib/x86_64-linux-gnu/libgcc_s.so.1
7f37cb2b2000-7f37cb2b3000 rw-p 0001e000 00:25 17971                      /usr/lib/x86_64-linux-gnu/libgcc_s.so.1
7f37cb2b3000-7f37cb2c3000 r--p 00000000 00:25 18072                      /usr/lib/x86_64-linux-gnu/libm.so.6
7f37cb2c3000-7f37cb337000 r-xp 00010000 00:25 18072                      /usr/lib/x86_64-linux-gnu/libm.so.6
7f37cb337000-7f37cb391000 r--p 00084000 00:25 18072                      /usr/lib/x86_64-linux-gnu/libm.so.6
7f37cb391000-7f37cb392000 r--p 000dd000 00:25 18072                      /usr/lib/x86_64-linux-gnu/libm.so.6
7f37cb392000-7f37cb393000 rw-p 000de000 00:25 18072                      /usr/lib/x86_64-linux-gnu/libm.so.6
7f37cb393000-7f37cb42c000 r--p 00000000 00:25 18239                      /usr/lib/x86_64-linux-gnu/libstdc++.so.6.0.30
7f37cb42c000-7f37cb52d000 r-xp 00099000 00:25 18239                      /usr/lib/x86_64-linux-gnu/libstdc++.so.6.0.30
7f37cb52d000-7f37cb59c000 r--p 0019a000 00:25 18239                      /usr/lib/x86_64-linux-gnu/libstdc++.so.6.0.30
7f37cb59c000-7f37cb5a7000 r--p 00209000 00:25 18239                      /usr/lib/x86_64-linux-gnu/libstdc++.so.6.0.30
7f37cb5a7000-7f37cb5aa000 rw-p 00214000 00:25 18239                      /usr/lib/x86_64-linux-gnu/libstdc++.so.6.0.30
7f37cb5aa000-7f37cb5ad000 rw-p 00000000 00:00 0 
7f37cb5ad000-7f37cb7fe000 r--p 00000000 00:25 13856                      /usr/lib/jvm/java-17-openjdk-amd64/lib/server/libjvm.so
7f37cb7fe000-7f37cc550000 r-xp 00251000 00:25 13856                      /usr/lib/jvm/java-17-openjdk-amd64/lib/server/libjvm.so
7f37cc550000-7f37cc7d2000 r--p 00fa3000 00:25 13856                      /usr/lib/jvm/java-17-openjdk-amd64/lib/server/libjvm.so
7f37cc7d2000-7f37cc88a000 r--p 01225000 00:25 13856                      /usr/lib/jvm/java-17-openjdk-amd64/lib/server/libjvm.so
7f37cc88a000-7f37cc8bf000 rw-p 012dd000 00:25 13856                      /usr/lib/jvm/java-17-openjdk-amd64/lib/server/libjvm.so
7f37cc8bf000-7f37cc91b000 rw-p 00000000 00:00 0 
7f37cc91b000-7f37cc941000 r--p 00000000 00:25 17860                      /usr/lib/x86_64-linux-gnu/libc.so.6
7f37cc941000-7f37cca97000 r-xp 00026000 00:25 17860                      /usr/lib/x86_64-linux-gnu/libc.so.6
7f37cca97000-7f37ccaea000 r--p 0017c000 00:25 17860                      /usr/lib/x86_64-linux-gnu/libc.so.6
7f37ccaea000-7f37ccaee000 r--p 001cf000 00:25 17860                      /usr/lib/x86_64-linux-gnu/libc.so.6
7f37ccaee000-7f37ccaf0000 rw-p 001d3000 00:25 17860                      /usr/lib/x86_64-linux-gnu/libc.so.6
7f37ccaf0000-7f37ccafd000 rw-p 00000000 00:00 0 
7f37ccafd000-7f37ccaff000 r--p 00000000 00:25 13825                      /usr/lib/jvm/java-17-openjdk-amd64/lib/libjli.so
7f37ccaff000-7f37ccb08000 r-xp 00002000 00:25 13825                      /usr/lib/jvm/java-17-openjdk-amd64/lib/libjli.so
7f37ccb08000-7f37ccb0b000 r--p 0000b000 00:25 13825                      /usr/lib/jvm/java-17-openjdk-amd64/lib/libjli.so
7f37ccb0b000-7f37ccb0c000 r--p 0000d000 00:25 13825                      /usr/lib/jvm/java-17-openjdk-amd64/lib/libjli.so
7f37ccb0c000-7f37ccb0d000 rw-p 0000e000 00:25 13825                      /usr/lib/jvm/java-17-openjdk-amd64/lib/libjli.so
7f37ccb0d000-7f37ccb10000 r--p 00000000 00:25 1006                       /usr/lib/x86_64-linux-gnu/libz.so.1.2.13
7f37ccb10000-7f37ccb23000 r-xp 00003000 00:25 1006                       /usr/lib/x86_64-linux-gnu/libz.so.1.2.13
7f37ccb23000-7f37ccb2a000 r--p 00016000 00:25 1006                       /usr/lib/x86_64-linux-gnu/libz.so.1.2.13
7f37ccb2a000-7f37ccb2b000 r--p 0001c000 00:25 1006                       /usr/lib/x86_64-linux-gnu/libz.so.1.2.13
7f37ccb2b000-7f37ccb2c000 rw-p 0001d000 00:25 1006                       /usr/lib/x86_64-linux-gnu/libz.so.1.2.13
7f37ccb2c000-7f37ccb2d000 r--p 00000000 00:25 13891                      /usr/lib/locale/C.utf8/LC_ADDRESS
7f37ccb2d000-7f37ccb2e000 r--p 00000000 00:25 13901                      /usr/lib/locale/C.utf8/LC_TELEPHONE
7f37ccb2e000-7f37ccb2f000 r--p 00000000 00:25 13895                      /usr/lib/locale/C.utf8/LC_MEASUREMENT
7f37ccb2f000-7f37ccb30000 r--p 00000000 00:25 13894                      /usr/lib/locale/C.utf8/LC_IDENTIFICATION
7f37ccb30000-7f37ccb31000 ---p 00000000 00:00 0 
7f37ccb31000-7f37ccb32000 r--p 00000000 00:00 0 
7f37ccb32000-7f37ccb33000 ---p 00000000 00:00 0 
7f37ccb33000-7f37ccb35000 rw-p 00000000 00:00 0 
7f37ccb35000-7f37ccb36000 r--p 00000000 00:25 17646                      /usr/lib/x86_64-linux-gnu/ld-linux-x86-64.so.2
7f37ccb36000-7f37ccb5c000 r-xp 00001000 00:25 17646                      /usr/lib/x86_64-linux-gnu/ld-linux-x86-64.so.2
7f37ccb5c000-7f37ccb66000 r--p 00027000 00:25 17646                      /usr/lib/x86_64-linux-gnu/ld-linux-x86-64.so.2
7f37ccb66000-7f37ccb68000 r--p 00031000 00:25 17646                      /usr/lib/x86_64-linux-gnu/ld-linux-x86-64.so.2
7f37ccb68000-7f37ccb6a000 rw-p 00033000 00:25 17646                      /usr/lib/x86_64-linux-gnu/ld-linux-x86-64.so.2
7fff0eb21000-7fff0eb42000 rw-p 00000000 00:00 0                          [stack]
7fff0eb77000-7fff0eb7a000 r--p 00000000 00:00 0                          [vvar]
7fff0eb7a000-7fff0eb7c000 r-xp 00000000 00:00 0                          [vdso]
ffffffffff600000-ffffffffff601000 r-xp 00000000 00:00 0                  [vsyscall]


VM Arguments:
jvm_args: --add-opens=java.base/java.lang=ALL-UNNAMED --add-opens=java.base/java.lang.invoke=ALL-UNNAMED --add-opens=java.base/java.util=ALL-UNNAMED --add-opens=java.prefs/java.util.prefs=ALL-UNNAMED --add-exports=jdk.compiler/com.sun.tools.javac.api=ALL-UNNAMED --add-exports=jdk.compiler/com.sun.tools.javac.util=ALL-UNNAMED --add-opens=java.base/java.util=ALL-UNNAMED --add-opens=java.prefs/java.util.prefs=ALL-UNNAMED --add-opens=java.base/java.nio.charset=ALL-UNNAMED --add-opens=java.base/java.net=ALL-UNNAMED --add-opens=java.base/java.util.concurrent=ALL-UNNAMED --add-opens=java.base/java.util.concurrent.atomic=ALL-UNNAMED --add-opens=java.xml/javax.xml.namespace=ALL-UNNAMED --add-opens=java.base/java.time=ALL-UNNAMED -XX:MaxMetaspaceSize=384m -Xmx700m -Dfile.encoding=UTF-8 -Duser.country -Duser.language=en -Duser.variant -javaagent:/root/.gradle/wrapper/dists/gradle-9.3.1-bin/23ovyewtku6u96viwx3xl3oks/gradle-9.3.1/lib/agents/gradle-instrumentation-agent-9.3.1.jar 
java_command: org.gradle.launcher.daemon.bootstrap.GradleDaemon 9.3.1
java_class_path (initial): /root/.gradle/wrapper/dists/gradle-9.3.1-bin/23ovyewtku6u96viwx3xl3oks/gradle-9.3.1/lib/gradle-daemon-main-9.3.1.jar
Launcher Type: SUN_STANDARD

[Global flags]
     intx CICompilerCount                          = 2                                         {product} {ergonomic}
   size_t CompressedClassSpaceSize                 = 335544320                                 {product} {ergonomic}
     uint ConcGCThreads                            = 1                                         {product} {ergonomic}
     uint G1ConcRefinementThreads                  = 2                                         {product} {ergonomic}
   size_t G1HeapRegionSize                         = 1048576                                   {product} {ergonomic}
    uintx GCDrainStackTargetSize                   = 64                                        {product} {ergonomic}
   size_t InitialHeapSize                          = 33554432                                  {product} {ergonomic}
   size_t MarkStackSize                            = 4194304                                   {product} {ergonomic}
   size_t MaxHeapSize                              = 734003200                                 {product} {command line}
   size_t MaxMetaspaceSize                         = 402653184                                 {product} {command line}
   size_t MaxNewSize                               = 440401920                                 {product} {ergonomic}
   size_t MinHeapDeltaBytes                        = 1048576                                   {product} {ergonomic}
   size_t MinHeapSize                              = 8388608                                   {product} {ergonomic}
    uintx NonNMethodCodeHeapSize                   = 5826188                                {pd product} {ergonomic}
    uintx NonProfiledCodeHeapSize                  = 122916026                              {pd product} {ergonomic}
    uintx ProfiledCodeHeapSize                     = 122916026                              {pd product} {ergonomic}
    uintx ReservedCodeCacheSize                    = 251658240                              {pd product} {ergonomic}
     bool SegmentedCodeCache                       = true                                      {product} {ergonomic}
   size_t SoftMaxHeapSize                          = 734003200                              {manageable} {ergonomic}
     bool UseCompressedClassPointers               = true                           {product lp64_product} {ergonomic}
     bool UseCompressedOops                        = true                           {product lp64_product} {ergonomic}
     bool UseG1GC                                  = true                                      {product} {ergonomic}

Logging:
Log output configuration:
 #0: stdout all=warning uptime,level,tags
 #1: stderr all=off uptime,level,tags

Environment Variables:
PATH=/usr/local/sbin:/usr/local/bin:/usr/sbin:/usr/bin:/sbin:/bin
SHELL=/bin/bash
LANG=C.UTF-8
LC_ALL=C.UTF-8
TERM=tmux-256color

Active Locale:
LC_ALL=C.UTF-8
LC_COLLATE=C.UTF-8
LC_CTYPE=C.UTF-8
LC_MESSAGES=C.UTF-8
LC_MONETARY=C.UTF-8
LC_NUMERIC=C.UTF-8
LC_TIME=C.UTF-8

Signal Handlers:
   SIGSEGV: crash_handler in libjvm.so, mask=11100100010111111101111111111110, flags=SA_RESTART|SA_SIGINFO, unblocked
    SIGBUS: crash_handler in libjvm.so, mask=11100100010111111101111111111110, flags=SA_RESTART|SA_SIGINFO, unblocked
    SIGFPE: crash_handler in libjvm.so, mask=11100100010111111101111111111110, flags=SA_RESTART|SA_SIGINFO, unblocked
   SIGPIPE: javaSignalHandler in libjvm.so, mask=11100100010111111101111111111110, flags=SA_RESTART|SA_SIGINFO, unblocked
   SIGXFSZ: javaSignalHandler in libjvm.so, mask=11100100010111111101111111111110, flags=SA_RESTART|SA_SIGINFO, unblocked
    SIGILL: crash_handler in libjvm.so, mask=11100100010111111101111111111110, flags=SA_RESTART|SA_SIGINFO, unblocked
   SIGUSR2: SR_handler in libjvm.so, mask=00100000000000000000000000000000, flags=SA_RESTART|SA_SIGINFO, unblocked
    SIGHUP: UserHandler in libjvm.so, mask=11100100010111111101111111111110, flags=SA_RESTART|SA_SIGINFO, unblocked
    SIGINT: UserHandler in libjvm.so, mask=11100100010111111101111111111110, flags=SA_RESTART|SA_SIGINFO, unblocked
   SIGTERM: UserHandler in libjvm.so, mask=11100100010111111101111111111110, flags=SA_RESTART|SA_SIGINFO, unblocked
   SIGQUIT: UserHandler in libjvm.so, mask=11100100010111111101111111111110, flags=SA_RESTART|SA_SIGINFO, unblocked
   SIGTRAP: crash_handler in libjvm.so, mask=11100100010111111101111111111110, flags=SA_RESTART|SA_SIGINFO, unblocked


Periodic native trim disabled


---------------  S Y S T E M  ---------------

OS:
PRETTY_NAME="Debian GNU/Linux 12 (bookworm)"
NAME="Debian GNU/Linux"
VERSION_ID="12"
VERSION="12 (bookworm)"
VERSION_CODENAME=bookworm
ID=debian
HOME_URL="https://www.debian.org/"
SUPPORT_URL="https://www.debian.org/support"
BUG_REPORT_URL="https://bugs.debian.org/"
uname: Linux 4.19.91-c8dfc93.al7.x86_64 #1 SMP Tue Sep 26 10:25:51 UTC 2023 x86_64
OS uptime: 0 days 0:22 hours
libc: glibc 2.36 NPTL 2.36 
rlimit (soft/hard): STACK 8192k/infinity , CORE 0k/0k , NPROC 100000/100000 , NOFILE 100000/100000 , AS infinity/infinity , CPU infinity/infinity , DATA infinity/infinity , FSIZE infinity/infinity , MEMLOCK 64k/64k
load average: 1.21 1.90 1.27

/proc/meminfo:
MemTotal:        2152516 kB
MemFree:           22996 kB
MemAvailable:       3612 kB
Buffers:             420 kB
Cached:            16232 kB
SwapCached:            0 kB
Active:          2044484 kB
Inactive:          11280 kB
Active(anon):    2039140 kB
Inactive(anon):       16 kB
Active(file):       5344 kB
Inactive(file):    11264 kB
Unevictable:           0 kB
Mlocked:               0 kB
SwapTotal:             0 kB
SwapFree:              0 kB
Dirty:               164 kB
Writeback:             0 kB
AnonPages:       2039124 kB
Mapped:             9744 kB
Shmem:                32 kB
Slab:              24712 kB
SReclaimable:      12072 kB
SUnreclaim:        12640 kB
KernelStack:        2992 kB
PageTables:         5636 kB
NFS_Unstable:          0 kB
Bounce:                0 kB
WritebackTmp:          0 kB
CommitLimit:     1076256 kB
Committed_AS:    2350052 kB
VmallocTotal:   34359738367 kB
VmallocUsed:           0 kB
VmallocChunk:          0 kB
Percpu:              400 kB
AnonHugePages:    473088 kB
ShmemHugePages:        0 kB
ShmemPmdMapped:        0 kB
HugePages_Total:       0
HugePages_Free:        0
HugePages_Rsvd:        0
HugePages_Surp:        0
Hugepagesize:       2048 kB
Hugetlb:               0 kB
DirectMap4k:        8192 kB
DirectMap2M:     2523136 kB
DirectMap1G:           0 kB

/sys/kernel/mm/transparent_hugepage/enabled: [always] madvise never
/sys/kernel/mm/transparent_hugepage/hpage_pmd_size: 2097152
/sys/kernel/mm/transparent_hugepage/defrag (defrag/compaction efforts parameter): always defer defer+madvise madvise [never]

Process Memory:
Virtual Size: 2619680K (peak: 2704672K)
Resident Set Size: 763028K (peak: 763136K) (anon: 761384K, file: 1644K, shmem: 0K)
Swapped out: 0K
C-Heap outstanding allocations: 104205K, retained: 13970K
glibc malloc tunables: (default)

/proc/sys/kernel/threads-max (system-wide limit on the number of threads): 1129
/proc/sys/vm/max_map_count (maximum number of memory map areas a process may have): 65530
/proc/sys/vm/swappiness (control to define how aggressively the kernel swaps out anonymous memory): 60
/proc/sys/kernel/pid_max (system-wide limit on number of process identifiers): 32768

container (cgroup) information:
container_type: cgroupv1
cpu_cpuset_cpus: 0-1
cpu_memory_nodes: 0
active_processor_count: 2
cpu_quota: no quota
cpu_period: 100000
cpu_shares: 12288
memory_limit_in_bytes: 2097152 k
memory_and_swap_limit_in_bytes: unlimited
memory_soft_limit_in_bytes: unlimited
memory_usage_in_bytes: 2069576 k
memory_max_usage_in_bytes: 2069576 k
rss_usage_in_bytes: 2032076 k
cache_usage_in_bytes: 16456 k
kernel_memory_limit_in_bytes: unlimited
kernel_memory_usage_in_bytes: 20584 k
kernel_memory_max_usage_in_bytes: 94476 k
maximum number of tasks: unlimited
current number of tasks: 113

KVM virtualization detected
Steal ticks since vm start: 2755
Steal ticks percentage since vm start:  0.376

CPU: total 2 (initial active 2) (2 cores per cpu, 1 threads per core) family 6 model 106 stepping 6 microcode 0x1, cx8, cmov, fxsr, mmx, 3dnowpref, sse, sse2, sse3, ssse3, sse4.1, sse4.2, popcnt, lzcnt, tsc, tscinvbit, avx, avx2, aes, erms, clmul, bmi1, bmi2, adx, avx512f, avx512dq, avx512cd, avx512bw, avx512vl, sha, fma, vzeroupper, avx512_vpopcntdq, avx512_vpclmulqdq, avx512_vaes, avx512_vnni, clflush, clflushopt, clwb, avx512_vbmi2, avx512_vbmi, hv
CPU Model and flags from /proc/cpuinfo:
model name	: Intel(R) Xeon(R) Processor @ 2.90GHz
flags		: fpu vme de pse tsc msr pae mce cx8 apic sep mtrr pge mca cmov pat pse36 clflush mmx fxsr sse sse2 ss ht syscall nx pdpe1gb rdtscp lm constant_tsc rep_good nopl xtopology nonstop_tsc cpuid tsc_known_freq pni pclmulqdq ssse3 fma cx16 pcid sse4_1 sse4_2 x2apic movbe popcnt tsc_deadline_timer aes xsave avx f16c rdrand hypervisor lahf_lm abm 3dnowprefetch cpuid_fault invpcid_single ssbd ibrs ibpb stibp ibrs_enhanced fsgsbase tsc_adjust bmi1 avx2 smep bmi2 erms invpcid avx512f avx512dq rdseed adx smap avx512ifma clflushopt clwb avx512cd sha_ni avx512bw avx512vl xsaveopt xsavec xgetbv1 xsaves avx512vbmi umip avx512_vbmi2 gfni vaes vpclmulqdq avx512_vnni avx512_bitalg avx512_vpopcntdq md_clear arch_capabilities

Online cpus: 0-1
Offline cpus: 
BIOS frequency limitation: <Not Available>
Frequency switch latency (ns): <Not Available>
Available cpu frequencies: <Not Available>
Current governor: <Not Available>
Core performance/turbo boost: <Not Available>

Memory: 4k page, physical 2097152k(27576k free), swap 0k(0k free)
Page Sizes: 4k

vm_info: OpenJDK 64-Bit Server VM (17.0.20+8-1-deb12u1-Debian) for linux-amd64 JRE (17.0.20+8-1-deb12u1-Debian), built on Jul 28 2026 07:08:51 by "buildd" with gcc 12.2.0

END.
